word,ipa
-an,[-an]
-anda,[ˈanda]
-ase,[asə]
-el-,[əl]
-er-,[ər]
-i,[-i]
-if,/if/
-ilah,/ˈilah/
-in,/ɪn/
-in-,[ɪn]
-ina,/ˈina/
-isasi,/isasi/
-isme,[-ɪsmə]
-ita,/ˈita/
-kah,[kah]
-kan,/-kan/
-ken,[kən]
-ku,/ˈku/
-ku,[ˈku]
-log,/ˈloɡ/
-log,[ˈlɔk̚]
-mu,/ˈmu/
-mu,[ˈmu]
-nya,/ˈɲa/
-nya,[ˈɲa]
-ologi,/oˈloɡi/
-ologi,[oˈlo.ɡi]
-sentris,[ˈsɛntrɪs]
-si,[si]
-tas,/ˈ-tas/
-tas,/ˈtas/
-tas,[ˈt̪as]
-wan,/ˈwan/
-wan,[ˈwan]
-wati,/wati/
-wi,[-wi]
1 tawarikh,/taˌwarix kəˈsatu/
1 tawarikh,[t̪aˌwa.rɪx kəˈsa.t̪u]
2 tawarikh,/taˌwarix kəˈdua/
2 tawarikh,[t̪aˌwa.rɪx kəˈdu.a]
3m,/ˈtiɡa ɛm/
3m,[ˈt̪i.ɡa ɛm]
a,/a/
a,[a]
a-,[a]
aa,/ˈa.a/
aa,[ˈa.(ʔ)a]
ab,/ˈabe/
ab-,[ap]
aba,/ˈaba/
aba,[ˈa.ba]
aba-aba,/ˌaba ˈaba/
aba-aba,[ˌa.ba ˈa.ba]
abab,[ˈabap̚]
abad,/ˈabad/
abad,[ˈa.bat̪̚]
abad keemasan,/ˌabad kəəˈmasan/
abad keemasan,[ˌa.bat̪̚ kə.(ʔ)əˈma.san]
abad kejayaan,/ˌabad kəd͡ʒaˈjaan/
abad kejayaan,[ˌa.bat̪̚ kə.d͡ʒaˈja.(ʔ)an]
abadi,[ˈabad̪i]
abadiah,/a.baˈdi.ah/
abadiah,[a.baˈdi.(j)ah]
abadiat,/abaˈdiat/
abadiat,[a.baˈdi.at̪̚]
abah,/ˈabah/
abah,[ˈa.bah]
abahan,/ˈabahan/
abaikan,/aˈbai̯kan/
abaikan,[aˈbai̯.kan]
abaimana,/abai̯ˈmana/
abaimana,[a.bai̯ˈma.na]
abaka,/aˈbaka/
abaka,[aˈba.ka]
abakus,/aˈbakus/
abakus,[aˈba.kʊs]
abal-abal,/ˌabal ˈabal/
abal-abal,[ˌa.bal ˈa.bal]
abalalu,/abaˈlalu/
abam,/ˈabam/
abam,[ˈa.bam]
abang,/ˈabaŋ/
abang,[ˈa.baŋ]
abangan,[ˈabaŋ.an]
abano,[ˈabano]
abar,/ˈabar/
abar,[ˈa.bar]
abaran,/aˈbaran/
abaran,[aˈba.ran]
abas,/ˈabas/
abas,[ˈa.bas]
abasia,/abaˈsia/
abasia,[a.baˈsi.a]
abasiofilia,/abasiofiˈlia/
abasiofilia,[a.ba.si.o.fiˈli.a]
abate,/aˈbate/
abate,/aˈbatə/
abate,[aˈba.t̪e]
abate,[aˈba.t̪ə]
abatoar,[abaˈtoar]
abaton,[ˈabatɔn]
abaya,[ˈabaja]
abbarumbung,[apbaˈrʊmbʊŋ]
abdas,/ˈabdas/
abdas,[ˈap̚.das]
abdi,/ˈabdi/
abdi,[ˈap̚.di]
abdikasi,[apdiˈkasi]
abdis,/ˈabdɪs/
abdomen,/abˈdomen/
abdomen,/abˈdomən/
abdomen,[ap̚ˈdo.mən]
abdomen,[ap̚ˈdo.mɛn]
abdominal,/abdoˈminal/
abdominal,[ap̚.doˈmi.nal]
abduksi,[ap̚ˈd̪ʊk̚si]
abduktor,/abˈduktor/
abduktor,[ap̚ˈduk̚.t̪ɔr]
abdul,/ˈabdul/
abdul,[ˈap̚.dʊl]
abdusen,[ap̚ˈdu.sən]
abegrin,/aˈbeɡ.rin/
abegrin,[aˈbek̚.rɪn]
abek,[ˈabək̚]
aber,/ˈabər/
aber,[ˈa.bər]
aberan,/aˈberan/
aberan,[aˈbe.ran]
aberasi,[abəˈrasi]
aberasi kromosom,/a.bəˌra.si kroˈmo.som/
aberasi kromosom,[a.bəˌra.si kroˈmo.sɔm]
abet,/ˈabət/
abet,[ˈa.bət̪̚]
abetalipoproteinemia,/abetalipoproteineˈmia/
abetalipoproteinemia,[a.be.t̪a.li.po.pro.t̪e.i.neˈmi.a]
abi,/abi/
abibliofobia,/abibliofoˈbia/
abibliofobia,[a.bip̚.li.o.foˈbi.a]
abikara,/abiˈkara/
abikara,[a.biˈka.ra]
abilah,/aˈbilah/
abilah,[aˈbi.lah]
abilah peringgi,/ˈabilah pəˈrɪŋɡi/
abina,/aˈbina/
abina,[aˈbi.na]
abir,/ˈabir/
abir,[ˈa.bɪr]
abis,/ˈabis/
abis,[ˈa.bɪs]
abiseka,/abi.se.ka/
abisekanama,/abisekaˈnama/
abisekanama,[a.bi.se.kaˈna.ma]
abiti,/ˈabiti/
abiturien,[abit̪uˈrien]
abjad,/ˈabd͡ʒad/
abjad,[ˈap̚.d͡ʒat̪̚]
abk,/abeka/
ablasi,/abˈlasi/
ablasi,[ap̚ˈla.si]
ablatif,/abˈlatif/
ablatif,[ap̚ˈla.t̪ɪf]
ablaut,/aˈblaut/
ablaut,[aˈbla.ʊt̪̚]
ableisme,/ableˈismə/
ableisme,[a.bleˈis.mə]
ablepsia,/ablɛpˈsia/
ablepsia,[a.blɛp̚ˈsi.a]
ablutofilia,/ablutofiˈlia/
ablutofilia,[a.blu.t̪o.fiˈli.a]
ablutofobia,/ablutofoˈbia/
ablutofobia,[ap̚.lu.t̪o.foˈbi.a]
abnormal,/abˈnɔrmal/
abnormal,[ap̚ˈnɔr.mal]
abnormalitas,/abnormaˈlitas/
abnormalitas,[ap̚.nor.maˈli.t̪as]
abnus,/ˈabnus/
abnus,[ˈap̚.nʊs]
aboi,/ˈaboi̯/
aboi,[ˈa.boi̯]
abolisi,/aboˈlisi/
abolisi,[a.boˈli.si]
abolisikan,/aboliˈsikan/
abolisikan,[a.bo.liˈsi.kan]
abomasum,/aboˈmasum/
abomasum,[a.boˈma.sʊm]
abon,[ˈabɔn]
abone,[ˈabone]
abonemen,/abonəˈmɛn/
abor,[ˈabɔr]
aborigin,/aboˈriɡin/
aborigin,[a.boˈri.ɡɪn]
aborijin,/aboˈrid͡ʒin/
aborijin,[a.boˈri.d͡ʒɪn]
aborsi,/aˈborsi/
aborsi,[aˈbor.si]
abortif,/aˈbortif/
abortif,[aˈbor.t̪ɪf]
abortifasien,/abortifaˈsiɛn/
abortifasien,[a.bor.t̪i.faˈsi.ɛn]
abortivum,/aborˈtivum/
abortivum,[a.borˈt̪i.fʊm]
abortus,/ˈabɔrt̪ʊs/
abortus septik,/aˌbor.tus səpˈtik/
abortus septik,[aˌbor.t̪ʊs səp̚ˈt̪ɪk̚]
abrak,/ˈabrak/
abras,/ab.ras/
abrasi,[ap̚ˈrasi]
abrasi,[aˈbrasi]
abrasif,/aˈbrasif/
abrasif,[aˈbra.sɪf]
abreaksi,/abreˈaksi/
abreaksi,[a.breˈak̚.si]
abreviasi,/a.bre.fiˈa.si/
abrikos,/abˈrikos/
abrikos,[ap̚ˈri.kɔs]
abrupsi,/abˈrupsi/
abrupsi,[ap̚ˈrup̚.si]
absah,/ˈabsah/
absah,[ˈap̚.sah]
absen,/ˈabsen/
absen,[ˈap̚.sɛn]
absensi,[ap̚ˈsɛnsi]
absente,[ap̚ˈsent̪e]
absenteisme,/absɛntɛˈismə/
absenteisme,[ap̚.sɛn̪.t̪ɛˈis.mə]
abses,[ˈap̚sɛs]
absis,/ˈapsis/
absis,[ˈap̚.sɪs]
absisin,/abˈsisin/
absisin,[ap̚ˈsi.sɪn]
absolusi,/absolusi/
absolut,[ap̚ˈsolʊt̚]
absolutis,/ap.so.ˈlu.tɪs/
absolutisme,/absoluˈtismə/
absolutisme,[ap̚.so.luˈt̪is.mə]
absorben,[apˈsɔrben]
absorpsi,/abˈsɔrpsi/
absorpsi,[ap̚ˈsɔrp̚.si]
absorpsi air,/abˌsorpsi ˈair/
absorpsi air,[abˌsorp̚.si ˈa.ɪr]
absorptif,/abˈsorptif/
absorptif,[ap̚ˈsorp̚.t̪ɪf]
abstain,/absˈtain/
abstain,[absˈt̪a.ɪn]
abstinensi,/abstiˈnɛnsi/
abstinensi,[abs.t̪iˈnen.si]
abstrak,/ˈabstrak/
abstrak,[ˈabs.t̪rak̚]
abstraksi,[apˈstraksi]
absurd,/ˈabsurd/
absurd,[ˈap̚.surt̪̚]
absurdisme,/absurˈdismə/
absurdisme,[ap̚.surˈdis.mə]
abu,/ˈabu/
abu,[ˈa.bu]
abu-abu,/ˌabu ˈabu/
abu-abu,[ˌa.bu ˈa.bu]
abuh,[ˈabʊh]
abuk,/ˈabuk/
abuk,[ˈa.bʊk̚]
abur,/ˈabur/
abur,[ˈa.bʊr]
aburage,[abuˈraɡɛ]
aburan,[ˈabʊr.an]
abutmen,/aˈbutmən/
abutmen,[aˈbut̪̚.mən]
acaca,/aˈt͡ʃat͡ʃa/
acaca,[aˈt͡ʃa.t͡ʃa]
acai,/ˈat͡ʃai̯/
acai,[ˈa.t͡ʃai̯]
acak,/ˈat͡ʃak/
acak,[ˈa.t͡ʃak̚]
acakadut,/at͡ʃaˈkadut/
acakadut,[a.t͡ʃaˈka.dʊt̪̚]
acala,[ˈat͡ʃa.la]
acang,/ˈat͡ʃaŋ/
acang,[ˈa.t͡ʃaŋ]
acang-acang,/ˌat͡ʃaŋ ˈat͡ʃaŋ/
acang-acang,[ˌa.t͡ʃaŋ ˈa.t͡ʃaŋ]
acapkali,/at͡ʃapˈkali/
acar,/ˈat͡ʃar/
acara,/aˈt͡ʃara/
acara,[aˈt͡ʃa.ra]
acara besar,/aˌt͡ʃara bəˈsar/
acara besar,[aˌt͡ʃa.ra bəˈsar]
acara jejepangan,/aˌt͡ʃara d͡ʒəd͡ʒəˈpaŋan/
acara jejepangan,[aˌt͡ʃa.ra d͡ʒə.d͡ʒəˈpa.ŋan]
acara utama,/aˌt͡ʃara uˈtama/
acara utama,[aˌt͡ʃa.ra uˈt̪a.ma]
acaram,/aˈt͡ʃaram/
acaram,[aˈt͡ʃa.ram]
acarya,/aˈt͡ʃarja/
acarya,[aˈt͡ʃar.ja]
ace,/ˈat͡ʃə/
ace,[ˈa.t͡ʃə]
aceh,/ˈat͡ʃeh/
aceh,[ˈa.t͡ʃɛh]
aceh,[ˈat͡ʃɛh]
acerang,/ˈat͡ʃəraŋ/
acerang,[ˈa.t͡ʃə.raŋ]
aci,/at͡ʃi/
acidemia,/at͡ʃideˈmia/
acidemia,[a.t͡ʃi.deˈmi.a]
acik,/ˈat͡ʃiʔ/
acik,[ˈa.t͡ʃɪʔ]
acil,/ˈat͡ʃil/
acil,[ˈa.t͡ʃɪl]
acintia,[ˈat͡ʃɪn.tia̯]
acl,/a.ˈt͡ʃe.ɛl/
acu,/ˈat͡ʃu/
acu,[ˈa.t͡ʃu]
acuan,[ˈat͡ʃuan]
acuan butik,/ˈat͡ʃuan ˈbutɪk̚/
acuh tak acuh,/ˌat͡ʃuh ˌtaʔ ˈat͡ʃuh/
acuh tak acuh,[ˌa.t͡ʃʊh ˌt̪aʔ ˈa.t͡ʃʊh]
acuhan,/aˈt͡ʃu.han/
acuman,/aˈt͡ʃu.man/
acung,/ˈa.t͡ʃʊŋ/
acungan,/a.ˈt͡ʃʊŋ.an/
ad,/ade/
ada,/ˈʔä.dä/
ada udang di balik batu,/ada udaŋ di balik batu/
adaan,/aˈdaan/
adaan,[aˈda.(ʔ)an]
adab,/ˈadab/
adab,[ˈa.dap̚]
adad,/a.dat̚/
adagio,/aˈda.d͡ʒɔ/
adagio,/aˈda.ɡjɔ/
adagium,/aˈda.ɡjʊm/
adakan,/aˈdakan/
adakan,[aˈda.kan]
adalah,/ˈadalah/
adang,/ˈadaŋ/
adang,[ˈa.daŋ]
adang,[ˈadaŋ]
adang-adang,/ˌadaŋ ˈadaŋ/
adang-adang,[ˌa.daŋ ˈa.daŋ]
adangiyah,/adaˈŋijah/
adangiyah,[a.daˈŋi.jah]
adaptabilitas,/adaptabiˈlitas/
adaptabilitas,[a.dap̚.t̪a.biˈli.t̪as]
adaptasi,/adapˈtasi/
adaptasi,[a.dap̚ˈt̪a.si]
adaptasi cahaya,/a.dapˌta.si t͡ʃaˈha.ja/
adaptasi cahaya,[a.dapˌt̪a.si t͡ʃaˈha.ja]
adaptasi kebiasaan baru,/adapˌtasi kəbiaˌsaan ˈbaru/
adaptasi kebiasaan baru,[a.dapˌt̪a.si kə.bi.aˌsa.(ʔ)an ˈba.ru]
adaptasikan,/adaptaˈsikan/
adaptasikan,[a.dap̚.t̪aˈsi.kan]
adapter,/aˈdaptər/
adapter,[aˈdap̚.t̪ər]
adaptif,/aˈdaptif/
adaptif,[aˈdap̚.t̪ɪf]
adaptor,/aˈdaptɔr/
adaptor,[aˈdap̚.t̪ɔr]
adapun,/aˈdapun/
adapun,[aˈda.pʊn]
adarusa,/adaˈrusa/
adarusa,[a.daˈru.sa]
adas,/ˈadas/
adas,[ˈa.das]
adat,/ˈadat/
adat,[ˈa.dat̪̚]
adat istiadat,[ˈadat̚ ɪstiˈadat̚]
adb,/aˈde.be/
adb,[aˈde.be]
adegan,[adəˈɡan]
adekuat,[adeˈkuat]
adelina,/ˈadelina/
adem,/ˈa.dəm/
adem,/ˈadəm/
adem,[ˈa.dəm]
adempauze,/adəm.pau̯.zə/
adendum,[ˈadɛndʊm]
adenilat,/a.de.ˈni.lat/
adenitis,/adeˈnitis/
adenitis,[a.deˈni.t̪ɪs]
adenoid,/adeˈnoid/
adenoid,[a.deˈno.ɪt̪̚]
adenoiditis,/adenoi̯ˈditis/
adenoiditis,[a.de.noi̯ˈdi.t̪ɪs]
adenokarsinoma,/adenokarsiˈnoma/
adenokarsinoma,[a.de.no.kar.siˈno.ma]
adenolimfoma,/adenolimˈfoma/
adenolimfoma,[a.de.no.limˈfo.ma]
adenolimfosele,/adenolimfoˈsele/
adenolimfosele,[a.de.no.lim.foˈse.le]
adenoma,/a.de.no.ma/
adenomiosis,/adenomiˈosis/
adenomiosis,[a.de.no.miˈo.sɪs]
adenopati,/a.də.no.ˈpa.ti/
adenosina,/a.de.no.ˈsi.na/
adenosis,/adeˈnosis/
adenosis,[a.deˈno.sɪs]
adenovirus,/a.de.no.ˈvi.rʊs/
adermatoglifia,/adərmatoˈɡlifia̯/
adhd,/adeˈhade/
adhd,[a.deˈha.de]
adhesi,[atˈhesi]
adhesif,/abonəmɛn/
adi,/ˈadi/
adi,[ˈa.di]
adi-,/adi/
adiafora,/adiaˈfora/
adiaksa,/adiˈaksa/
adiasam,/adiˈasam/
adiasam,[a.diˈa.sam]
adibasa,/adiˈbasa/
adibasa,[a.diˈba.sa]
adicita,/adiˈt͡ʃita/
adicita,[a.diˈt͡ʃi.t̪a]
adiguna,[adiˈɡu.na]
adijana,/a.di.ˈd͡ʒa.na/
adik,/ˈadik/
adik,[ˈa.dɪk̚]
adik kelas,/ˈadɪk kə.ˈlas/
adik tingkat,/ˈadɪk ˈtɪŋkat/
adikara,/adi.ka.ra/
adikarya,/adikarja/
adiksi,[ˈadɪksi]
adiksimba,/adɪkˈsɪmba/
adiktif,/aˈdiktif/
adiktif,[aˈdik̚.t̪ɪf]
adikuasa,/adikuˈasa/
adikuasa,[a.di.kuˈa.sa]
adil,/ˈadil/
adil,[ˈa.dɪl]
adilaga,[ad̪iˈlaɡa]
adiluhung,[adiˈluhʊŋ]
adimanusia,/a.di.ma.nu.ˈsi.a/
adimarga,[adiˈmarɡa]
adimas,[ˈadi.mas]
adinamia,/adinaˈmia/
adinamia,[a.di.naˈmi.a]
adinda,/aˈdinda/
adinda,[aˈdin.da]
adios,/aˈdi.os/
adios,[aˈdi.ɔs]
adipati,[adiˈpa.ti]
adipektomi,/adipɛkˈtomi/
adipektomi,[a.di.pɛk̚ˈt̪o.mi]
adipenghantar,/adipəŋˈhantar/
adipenghantar,[a.di.pəŋˈhan̪.t̪ar]
adiperagawan,/adipəraˈɡawan/
adiposa,/adiˈposa/
adiposera,/adipoˈsera/
adiposera,[a.di.poˈse.ra]
adiposit,/adiˈposit/
adiposit,[a.diˈpo.sɪt̪̚]
adipositas,/adipoˈsitas/
adipositas,[a.di.poˈsi.t̪as]
adipsia,/adipˈsia/
adipsia,[a.dip̚ˈsi.a]
adipura,[adiˈpura]
adiraja,/adi.ˈra.d͡ʒa/
adisi,/a.ˈdi.si/
aditif,/a.ˈdi.tɪf/
aditorium,[ad̪itoˈriʊm]
aditus,/aˈditus/
aditus,[aˈdi.t̪ʊs]
adiwastra,/adiˈwastra/
adiwicara,/adiwiˈt͡ʃara/
adiwira,/adiˈwira/
adiwira,[a.diˈwi.ra]
adiyuswa,/adiˈjʊswa/
adjektif,/adˈd͡ʒektif/
adjektif,[at̪̚ˈd͡ʒek̚.t̪ɪf]
adjektiva,/add͡ʒekˈtiva/
adjektiva,[at̪̚.d͡ʒek̚ˈt̪i.fa]
adjudikasi,[atd͡ʒudiˈkasi]
administrasi,[at̚minɪsˈtrasi]
administrasi bisnis,/at.mi.nɪs.ˈtra.si ˈbɪs.nɪs/
administrasi publik,/adminisˌtrasi ˈpublik/
administrasi publik,[at̪̚.mi.nisˌt̪ra.si ˈpup̚.lɪk̚]
administratif,[at̚minɪsˈtratɪf]
administrator,/adminisˈtratɔr/
administrator,[at̪̚.mi.nisˈt̪ra.t̪ɔr]
administratur,/adminisˈtratur/
administratur,[at̪̚.mi.nisˈt̪ra.t̪ʊr]
admiral,/adˈmiral/
admiral,[at̪̚ˈmi.ral]
admisi,[atˈmisi]
adnan,[ˈat̪nan]
adodui,/ˈadodui̯/
adolesens,/adoˈlɛsəns/
adolesens,[a.doˈlɛ.səns]
adolu,[ˈad̪olu]
adon,/ˈadon/
adon,[ˈa.dɔn]
adonan,/aˈdonan/
adonan,[aˈdo.nan]
adopsi,[ˈadɔp̚si]
adoptif,/ˈadɔp.tɪf/
adorasi,/adoˈrasi/
adorasi,[a.doˈra.si]
adp,/aˈde.pe/
adp,[aˈde.pe]
adpertensi,/adpərˈtɛnsi/
adpertensi,[at̪̚.pərˈt̪en.si]
adpis,/ʔat̚.pɪs/
adpokat,/ʔat.poˈkat/
adpokat,[ʔat̚.poˈkat̚]
adr,/aˈde.ɛr/
adr,[aˈde.ɛr]
adrenal,/adˈrenal/
adrenal,[at̪̚ˈre.nal]
adrenalin,[atreˈnalɪn]
adrenalina,/adrenaˈlina/
adrenalina,[a.dre.naˈli.na]
adrenergik,/adreˈnɛrɡik/
adrenergik,[at̪̚.reˈnɛr.ɡɪk̚]
adreng,[ˈat̪̚rəŋ]
adrenokortikal,/adrenokorˈtikal/
adrenokortikal,[at̪̚.re.no.korˈt̪i.kal]
adres,/ˈa.drɛs/
adreskan,/aˈdrɛs.kan/
adrianus,/adriˈanus/
adrianus,[a.driˈa.nʊs]
adsorpsi,/atˈsɔrpsi/
adu,/ˈadu/
adu banteng,/ˈadu ˈbantɛŋ/
adu domba,/ˈa.du ˈdom.ba/
adu kambing,/ˈadu ˈkambɪŋ/
adu lengan,/ˌa.du ləˈŋan/
adu lengan,[ˌa.du ləˈŋan]
adu-adu,[ˈad̪u ˈad̪u]
aduh,/aˈduh/
aduh,[aˈdʊh]
aduk,[ˈadʊk̚]
aduksi,[ˈad̪ʊk̚si]
adusen,[ˈadu.sɛn]
adutan,/ˈadʊtan/
adven,[ˈat.vɛn]
adventisia,/advɛntiˈsia/
adventisia,[at̪̚.fɛn̪.t̪iˈsi.a]
advertensi,/advərˈtɛnsi/
advertensi,[at̪̚.fərˈt̪en.si]
advis,/ˈʔat.fɪs/
advisor,/adˈvisɔr/
advisor,[at̪̚ˈfi.sɔr]
advisori,/at.vi.ˈso.ri/
advokat,/at.foˈkat̚/
aemono,[ˈaɛmono]
aeni,[ˈaeni]
aerasi,/aeˈrasi/
aerial,/aəˈrial/
aerial,[a.əˈri.al]
aero-,[ˈae.ro]
aerob,[ˈaerɔb]
aerobik,[aeˈrobɪk̚]
aerodinamika,/aerodinaˈmika/
aerodinamika,[a.e.ro.di.naˈmi.ka]
aerodinamis,/erodiˈnamis/
aerodinamis,[e.ro.diˈna.mɪs]
aerofagia,/aerofaˈɡia/
aerofagia,[a.e.ro.faˈɡi.a]
aerofiarologi,/aerofiaroˈloɡi/
aerofiarologi,[a.e.ro.fi.a.roˈlo.ɡi]
aerogram,[aeˈroɡram]
aeronausifobia,/aeronau̯sifoˈbia/
aeronausifobia,[a.e.ro.nau̯.si.foˈbi.a]
aeronautika,/aeronau̯ˈtika/
aeronautika,[a.e.ro.nau̯ˈt̪i.ka]
aeropolis,/aeroˈpolɪs/
aerosol,/aeˈrosol/
aerosol,[a.eˈro.sɔl]
aerosolisasi,[aerosoliˈsasi]
aerostatika,[aerostaˈtika]
af,[ˈaf]
afa,/ˈafa/
afasia,[ˈafasia̯]
afdal,[afdal]
afdal,[afdɔl]
afdal,[afdˤɑl]
afdeling,/afˈdeliŋ/
afdeling,[afˈde.lɪŋ]
afdol,[afdɔl]
afdol,[afdˤɑl]
afdruk,[ˈafdrʊk̚]
afek,[ˈafɛk̚]
afeksi,/aˈfɛksi/
afeksi,[aˈfɛk̚.si]
afektif,[ˈafɛk̚tɪf]
afektivitas,/afɛktiˈvitas/
afektivitas,[a.fɛk̚.t̪iˈfi.t̪as]
afenfosmefobia,/afɛnfosmefoˈbia/
afenfosmefobia,[a.fɛn.fos.me.foˈbi.a]
aferen,/ˈafərɛn/
aferen,[ˈa.fə.rɛn]
afgan,[afɡan]
afganistan,[afɡaˈnɪstan]
afidavit,/a.fi.ˈda.vɪt/
afiks,[ˈafɪks]
afiliasi,[afiliˈasi]
afiliator,/afiliˈatɔr/
afiliator,[a.fi.liˈa.t̪ɔr]
afinitas,[afiˈnitas]
afirmasi,/afɪrˈmasi/
afkir,[ˈafkɪr]
afogato,[afoˈɡato]
afonia,/afoˈnia/
afonia,[a.foˈni.a]
aforestasi,/aforɛsˈtasi/
afrika,/afˈrika/
afrika,[afˈri.ka]
afrika barat,/aˌfrika ˈbarat/
afrika barat,[aˌfri.ka ˈba.rat̪̚]
afrika selatan,[afˈrika səˈlat̪an]
afrodisiak,[afrodiˈsiak]
afsun,/ˈafsʊn/
aftab,/ˈaftab/
aftab,[ˈaf.t̪ap̚]
afwan,/ˈafwan/
afwan,[ˈaf.wan]
aga,[ˈaɡa]
agak,[aɡaʔ]
agalaksia,/aɡalakˈsia/
agalaksia,[a.ɡa.lak̚ˈsi.a]
agama,/aˈɡama/
agama,[aˈɡa.ma]
agama darmik,/ˈaɡama ˈdarmik/
agama impor,/aˌɡa.ma ˈim.pɔr/
agama impor,[aˌɡa.ma ˈim.pɔr]
agama pendatang,/aˌɡa.ma pənˈda.taŋ/
agama pendatang,[aˌɡa.ma pənˈda.t̪aŋ]
agama rahmat,/ˈaɡama ˈrahmat̚/
agamani,[aɡaˈmani]
agamawi,/a.ɡaˈma.wi/
agamawi,[a.ɡaˈma.wi]
agape,/aˈɡapə/
agape,[aˈɡa.pə]
agapisme,/aɡa.ˈpɪs.mə/
agar,/ˈa.ɡar/
agar-agar,/aɡar aɡar/
agatha,/ˈaɡata/
ageisme,/aɡeˈɪsmə/
agem,/ˈaɡəm/
agem,[ˈa.ɡəm]
ageman,/aɡəˈman/
agen,/ˈaɡɛn/
agen,[ˈa.ɡɛn]
agen aerasi,/ˈaɡɛn aeˈrasi/
agen pengelat,/ˈaɡɛn pəŋəˈlat̚/
agen pengemulsi,/ˈaɡɛn pəŋəˈmʊlsi/
agen perjalanan wisata,/ˈaɡɛn pərd͡ʒaˈlanan wiˈsata/
agen provokator,/ˈa.ɡɛn pro.vo.ˈka.tɔr/
agen rahasia,[ˈaɡɛn raˈhasia̯]
agen tiket,/ˈaɡɛn ˈtikɛt/
agenda,[ˈaɡɛn.da]
agenesis,/aˈɡenəsis/
agenesis,[aˈɡe.nə.sɪs]
agens,/ˈaɡɛns/
agens,[ˈa.ɡɛns]
agensi,/aˈɡɛnsi/
agensi,[aˈɡen.si]
agensia,/aɡɛnˈsia/
agensia,[a.ɡɛnˈsi.a]
ageusia,/aɡeu̯ˈsia/
ageusia,[a.ɡeu̯ˈsi.a]
agih,/ˈaɡih/
agih,[ˈa.ɡɪh]
agihan,/aˈɡihan/
agihan,[aˈɡi.han]
agio,[ˈaɡio̯]
agiria,/aɡiˈria/
agiria,[a.ɡiˈri.a]
agit,/ˈaɡɪt̚/
agitasi,[aɡiˈtasi]
agitatif,[aɡiˈt̪at̪ɪf]
agitator,[aɡiˈt̪at̪ɔr]
aglomerasi,[aɡloməˈrasi]
aglutinasi,[aklutiˈnasi]
aglutinasi,[aɡlutiˈnasi]
agmaman,/aɡˈmaman/
agni,[ˈaɡ.ni]
agnosia,/aɡnoˈsia/
agnosia,[ak̚.noˈsi.a]
agnostisisme,[aɡ.nɔs.tiˈsis.mə]
agnus dei,/ˌaɡnus ˈdəi̯/
agnus dei,[ˌak̚.nʊs ˈdəi̯]
agnyana,[aɡˈɲana]
agoni,[ˈaɡo.ni]
agonia,/aɡoˈnia/
agonia,[a.ɡoˈni.a]
agonis,/aˈɡonis/
agonis,[aˈɡo.nɪs]
agora,/aˈɡora/
agora,[aˈɡo.ra]
agrafestesia,/aɡrafɛsteˈsia/
agrafestesia,[a.ɡra.fɛs.t̪eˈsi.a]
agrafia,/aɡraˈfia/
agrafia,[ak̚.raˈfi.a]
agranulositosis,/aɡranulosiˈtosis/
agranulositosis,[ak̚.ra.nu.lo.siˈt̪o.sɪs]
agraria,[akˈraria̯]
agraris,/ˈaɡrarɪs/
agregasi,[akreˈɡasi]
agregat,[akˈreɡat̚]
agresi,/aɡ.rɛ.si/
agresif,[aɡˈrɛsɪf]
agresivitas,[akrɛsiˈvitas]
agresor,[akˈrɛsɔr]
agrikultura,[akrikʊlˈtura]
agripnia,/aɡripˈnia/
agripnia,[ak̚.rip̚ˈni.a]
agronomi,[akroˈnomi]
agrowisata,/aɡrowiˈsata/
agul,/ˈaɡʊl/
agun,/ˈaɡun/
agun,[ˈa.ɡʊn]
agunan,/a.ˈɡʊn.an/
agung,/ˈaɡuŋ/
agung,[ˈa.ɡʊŋ]
agus,/ˈaɡus/
agus,[ˈa.ɡʊs]
agustina,/ˈaɡʊstina/
agustus,/aˈɡustus/
agustus,[aˈɡus.t̪ʊs]
agustusan,[aɡʊsˈtʊs.an]
ah,/ˈah/
ah,[ˈah]
ahad,/ˈahad/
ahad,[ˈa.hat̪̚]
ahi,/ˈahi/
ahi,[ˈa.hi]
ahimsa,/a.ˈhɪm.sa/
ahin,/ˈa.hɪn/
ahli,/ˈahli/
ahli bahasa,/ˌahli baˈhasa/
ahli bahasa,[ˌah.li baˈha.sa]
ahli futurologi,/ˌah.li fu.tu.roˈlo.ɡi/
ahli futurologi,[ˌah.li fu.t̪u.roˈlo.ɡi]
ahli gigi,/ˌah.li ˈɡi.ɡi/
ahli gigi,[ˌah.li ˈɡi.ɡi]
ahli madya,/ˈahli ˈma.dja/
ahli muda,/ˈahli ˈmuda/
ahli pertama,/ˈahli pərˈtama/
ahli statistik,[ˈahli staˈtɪstɪk̚]
ahli suluk,/ˌahli ˈsuluk/
ahli suluk,[ˌah.li ˈsu.lʊk̚]
ahuh,/ˈahʊh/
ahuneyo,/ahuˈnejo/
ahuneyo,[a.huˈne.jo]
ahutu,/aˈhutu/
ai,/ˈa.i/
ai,/ˈai̯/
ai,[ˈa.i]
ai,[ˈai̯]
aib,/aʲib/
aikido,/ai̯.ki.do/
aikido,/aʲi.ki.do/
aileron,[ai̯.ləˈrɔn]
aipki,/aˈip.ki/
aipki,[aˈip̚.ki]
air,/ˈair/
air,[ˈa.ɪr]
air bah,/ˌa.ir ˈbah/
air bah,[ˌa.ɪr ˈbah]
air botol,/ˌair ˈbotol/
air botol,[ˌa.ɪr ˈbo.t̪ɔl]
air gedang,/ˌair ɡəˈdaŋ/
air gedang,[ˌa.ɪr ɡəˈdaŋ]
air ketuban,/ˌair kəˈtuban/
air ketuban,[ˌa.ɪr kəˈt̪u.ban]
air ketuban depan,/ˌa.ir kəˌtu.ban dəˈpan/
air ketuban depan,[ˌa.ɪr kəˌt̪u.ban dəˈpan]
air limbah,/ˌair ˈlimbah/
air limbah,[ˌa.ɪr ˈlim.bah]
air liur,/ˌair ˈliur/
air liur,[ˌa.ɪr ˈli.ʊr]
air ludah,[ˈaʔɪr ˈlud̪ah]
air mata,/ˌair ˈmata/
air mata,[ˌa.ɪr ˈma.t̪a]
air mineral,/ˌair ˈminəral/
air mineral,[ˌa.ɪr ˈmi.nə.ral]
air minum,[ˈaʔɪr ˈminʊm]
air putih,[ˈaʔɪr ˈputɪh]
air seni,/ˌair səˈni/
air seni,[ˌa.ɪr səˈni]
air suci,/ˌa.ir ˈsu.t͡ʃi/
air suci,[ˌa.ɪr ˈsu.t͡ʃi]
air tanah,[ˈaʔir ˈtanah]
airawata,[ai̯.raˈwa.ta]
ais,/ˈaʔɪs/
aja,/ˈad͡ʒa/
aja,[ˈa.d͡ʒa]
ajaib,[ˈad͡ʒaʲɪp]
ajak,/ˈad͡ʒaʔ/
ajak,[ˈa.d͡ʒaʔ]
ajakan,/aˈd͡ʒakan/
ajakan,[aˈd͡ʒa.kan]
ajal,/ˈad͡ʒal/
ajang,/ˈad͡ʒaŋ/
ajang,[ˈa.d͡ʒaŋ]
ajang balap,/ˌad͡ʒaŋ ˈbalap/
ajang balap,[ˌa.d͡ʒaŋ ˈba.lap̚]
ajang kecantikan,/ˌad͡ʒaŋ kət͡ʃanˈtikan/
ajang kecantikan,[ˌa.d͡ʒaŋ kə.t͡ʃan̪ˈt̪i.kan]
ajang pamer,/ˌad͡ʒaŋ ˈpamer/
ajang pamer,[ˌa.d͡ʒaŋ ˈpa.mɛr]
ajang pencarian bakat,/ˌad͡ʒaŋ pənt͡ʃaˌrian ˈbakat/
ajang pencarian bakat,[ˌa.d͡ʒaŋ pəɲ.t͡ʃaˌri.an ˈba.kat̪̚]
ajar,/ˈad͡ʒar/
ajar,[ˈa.d͡ʒar]
ajara,/ˈad͡ʒara/
ajaran,/ad͡ʒaran/
ajek,[ˈad͡ʒəʔ]
ajektif,/aˈd͡ʒektif/
ajektif,[aˈd͡ʒek̚.t̪ɪf]
ajektiva,/ad͡ʒekˈtiva/
ajektiva,[a.d͡ʒek̚ˈt̪i.fa]
ajeran,/ˈad͡ʒəran/
ajeran,[ˈa.d͡ʒə.ran]
aji,/ˈad͡ʒi/
ajib,/ˈad͡ʒɪp̚/
ajigineng,[ad͡ʒiˈɡinəŋ]
ajir,/ˈad͡ʒir/
ajir,[ˈa.d͡ʒɪr]
ajiyanto,/ad͡ʒiˈjanto/
ajiyanto,[a.d͡ʒiˈjan̪.t̪o]
ajo,/ˈad͡ʒo/
aju-aju,/ˈad͡ʒu ˈad͡ʒu/
ajudan,[ˈad͡ʒud̪an]
ajudifikasi,/ad͡ʒudifiˈkasi/
ajudifikasi,[a.d͡ʒu.di.fiˈka.si]
ajun,[ˈad͡ʒʊn]
ak,/a.ka/
akad,[ˈakat̚]
akademi,/aka.de.mi/
akademik,[akaˈdemɪk̚]
akademikus,[akadeˈmikʊs]
akademis,[akaˈdemɪs]
akademisi,[akadeˈmisi]
akal,/ˈa.kal/
akal pikiran,/a.kal piˈki.ran/
akal sehat,/a.kal ˈse.hat̚/
akal-akal,/a.kalˈ(ʔ)a.kal/
akal-akalan,/a.kal.(ʔ)aˈka.lan/
akali,/aˈkali/
akali,[aˈka.li]
akalkulia,/akalkuˈlia/
akalkulia,[a.kal.kuˈli.a]
akan,/ˈakan/
akan,[ˈa.kan]
akan segera,/ˌa.kan sə.ɡəˈra/
akan segera,[ˌa.kan sə.ɡəˈra]
akanan,/aˈkanan/
akanan,[aˈka.nan]
akang,/akaŋ/
akantosis,/akanˈtosis/
akantosis,[a.kan̪ˈt̪o.sɪs]
akantosit,/akanˈtosit/
akantosit,[a.kan̪ˈt̪o.sɪt̪̚]
akantositosis,/akantosiˈtosis/
akantositosis,[a.kan̪.t̪o.siˈt̪o.sɪs]
akapnia,/akapˈnia/
akapnia,[a.kap̚ˈni.a]
akar,/ˈakar/
akar,[ˈa.kar]
akar kelimpar,/ˌakar kəˈlimpar/
akar kelimpar,[ˌa.kar kəˈlim.par]
akar kuku,/ˈakar ˈkuku/
akar kuning,/ˌakar ˈkuniŋ/
akar kuning,[ˌa.kar ˈku.nɪŋ]
akar sepulih,/ˌakar səˈpulih/
akar sepulih,[ˌa.kar səˈpu.lɪh]
akar umbi,[ˈakar ˈʊmbi]
akar wangi,/ˌakar ˈwaŋi/
akar wangi,[ˌa.kar ˈwa.ŋi]
akas,/ˈa.kas/
akasa,/aˈkasa/
akasa,[aˈka.sa]
akasia,[ˈakasia̯]
akatisia,/akatiˈsia/
akatisia,[a.ka.t̪iˈsi.a]
akatopi,/akaˈtopi/
akb,/a.ˈka.be/
akbar,/ˈak.bar/
akbar,/ˈakbar/
akbar,[ˈak̚.bar]
akbk,/a.kaˈbe.ka/
akbk,[a.kaˈbe.ka]
akbp,[akaˈbepe]
akcaya,[akˈsa.ja]
akcaya,[akˈtʃaja]
akdr,/a.kaˈde.ɛr/
akdr,[a.kaˈde.ɛr]
akelit,/ˈakɛlɪt̚/
akeo,/akeo/
akeswari,/a.kɛsˈwa.ri/
akeswari,[a.kɛsˈwa.ri]
akeul,/ˈa.kɘl/
akfar,/ˈakfar/
akfar,[ˈak̚.far]
akg,/a.ˈka.ɡe/
akhbar,[ˈaxbar]
akhir,/ˈahir/
akhir,/ˈakhir/
akhir,/ˈakir/
akhir,/ˈaxir/
akhir,[ˈa.hɪr]
akhir,[ˈa.kɪr]
akhir,[ˈa.xɪr]
akhir,[ˈak̚.hɪr]
akhirat,/aˈxirat/
akhirat,[aˈxi.rat̪̚]
akhirusanah,/axiruˈsanah/
akhirusanah,[a.xi.ruˈsa.nah]
akhlak,/ˈaxlak/
akhlak,[ˈax.lak̚]
aki,/ˈa.ki/
aki,/ˈaki/
aki,[ˈa.ki]
akibat,/aˈkibat/
akibat,[aˈki.bat̪̚]
akidah,/ˈakidah/
akik,/ˈakik/
akik,[ˈa.kɪk̚]
akikah,/aˈkikah/
akikah,[aˈki.kah]
akil,/a.kɪl/
akinetopsia,/akinetopˈsia/
akinetopsia,[a.ki.ne.t̪op̚ˈsi.a]
aklamasi,[aklaˈmasi]
aklasia,/aklaˈsia/
aklasia,[ak̚.laˈsi.a]
akne,[ˈak̚nə]
ako,/akeo/
akomodasi,[ako.moˈda.si]
akomodatif,[akomoˈdatɪf]
akomodir,[akoˈmodɪr]
akompanimen,/akompaˈnimən/
akompanimen,[a.kom.paˈni.mən]
akondrogenesis,/akondroɡeˈnesis/
akondrogenesis,[a.kon.dro.ɡeˈne.sɪs]
akondroplasia,/akondroplaˈsia/
akondroplasia,[a.kon.drop̚.laˈsi.a]
akor,[ˈa.kɔr]
akordeon,[akɔrˈdɛɔn]
akp,/aˈka.pe/
akp,[aˈka.pe]
akrab,/ˈakrab/
akrab,[ˈak̚.rap̚]
akrab,[ˈak̚rap̚]
akrasia,/a.kra.ˈsi.a/
akreditasi,[akrɛdiˈtasi]
akresi,/a.ˈkre.si/
akrilamida,/akrilaˈmida/
akrobat,[akˈrobat̚]
akrobatik,[akroˈbatɪk]
akrobatis,[akroˈbatɪs]
akrodinia,/akrodiˈnia/
akrodinia,[a.kro.diˈni.a]
akrolek,/a.ˈkro.lɛk/
akromegali,/akromeˈɡali/
akromegali,[a.kro.meˈɡa.li]
akrometer,/akroˈmetər/
akrometer,[a.kroˈme.t̪ər]
akromia,/akroˈmia/
akromia,[ak̚.roˈmi.a]
akromion,[ak̚roˈmi.ɔn]
akronim,[akˈronɪm]
akropaki,/akroˈpaki/
akropaki,[ak̚.roˈpa.ki]
akropolis,[ak̚.roˈpo.lɪs]
akrosianosis,/akrosiaˈnosis/
akrosianosis,[ak̚.ro.si.aˈno.sɪs]
akrosom,/akˈrosom/
akrosom,[ak̚ˈro.sɔm]
akrotisme,/akroˈtismə/
akrotisme,[ak̚.roˈt̪is.mə]
akrual,/ak.ˈru.al/
aksa,/ˈak̚sa/
aksara,/akˈsara/
aksara,[ak̚ˈsa.ra]
aksara tulang ramalan,/akˌsara ˌtulaŋ raˈmalan/
aksara tulang ramalan,[akˌsa.ra ˌt̪u.laŋ raˈma.lan]
akselerasi,/akseləˈrasi/
akselerator,/akseləˈratɔr/
akselerator,[ak̚.se.ləˈra.t̪ɔr]
akselerometer,/ak.se.lə.ro.ˈme.tər/
aksen,/ˈak.sɛn/
aksentuasi,[aksɛnˈtuasi]
aksep,[ˈaksɛp̚]
akseptasi,/ak.sɛp.ˈta.si/
akseptor,/akˈsɛptor/
akseptor,[ak̚ˈsɛp̚.t̪ɔr]
akses,/ˈaksɛs/
akses,[ˈak̚.sɛs]
aksesi,[akˈsɛsi]
aksesibel,[aksɛˈsibəl]
aksesibilitas,[aksɛsibiˈlitas]
aksesori,/akseˈsori/
aksesori,[ak̚.seˈso.ri]
aksi,[ˈak̚si]
aksidental,[aksiˈdɛntal]
aksila,/akˈsila/
aksila,[ak̚ˈsi.la]
aksilar,/akˈsilar/
aksilar,[ak̚ˈsi.lar]
aksioma,[aksiˈɔma]
aksiomatik,/ak.si.o.ˈma.tɪk/
aksis,/ˈak.sɪs/
akson,[ˈak̚sɔn]
akta,/ˈakta/
akta,[ˈak̚.t̪a]
akta kelahiran,[ˈak̚ta kəlaˈhɪran]
akta kematian,[ˈak̚ta kəmaˈtian]
akta mengajar,/ˌak.ta məˈŋa.d͡ʒar/
akta mengajar,[ˌak̚.t̪a məˈŋa.d͡ʒar]
akta tanggal,/ˌakta ˈtaŋɡal/
akta tanggal,[ˌak̚.t̪a ˈt̪aŋ.ɡal]
aktan,/ˈak̚tan/
akte,/ˈaktə/
akte,[ˈak̚.t̪ə]
aktentas,/ˈaktəntas/
aktentas,[ˈak̚.t̪ən̪.t̪as]
aktif,/ˈaktif/
aktif,[ˈak̚.t̪ɪf]
aktifitas,/ak̚tifitas/
aktin,/ˈaktin/
aktin,[ˈak̚.t̪ɪn]
akting,/ˈɛktiŋ/
akting,[ˈɛk̚.t̪ɪŋ]
aktinometer,/aktinoˈmetər/
aktinometer,[ak̚.t̪i.noˈme.t̪ər]
aktinomisetoma,/aktinomiseˈtoma/
aktinomisetoma,[ak̚.t̪i.no.mi.seˈt̪o.ma]
aktinomisin,/aktinoˈmisin/
aktinomisin,[ak̚.t̪i.noˈmi.sɪn]
aktinoterapi,/aktinotəˈrapi/
aktinoterapi,[ak̚.t̪i.no.t̪əˈra.pi]
aktiva,[akˈt̪iva]
aktivasi,/ak̚tifasi/
aktivasi,/ak̚tipasi/
aktivasi,/ak̚tivasi/
aktivator,/aktiˈvatɔr/
aktivator,[ak̚.t̪iˈfa.t̪ɔr]
aktivis,/akˈtivis/
aktivis,[ak̚ˈt̪i.fɪs]
aktivisme,/aktiˈvismə/
aktivisme,[ak̚.t̪iˈfis.mə]
aktivitas,/ak̚tifitas/
aktivitas,/ak̚tipitas/
aktivitas,/ak̚tivitas/
aktor,[ˈaktɔr]
aktris,/ˈaktrɪs/
aktual,[akˈtual]
aktuaria,/ak.tu.a.ˈri.a/
aktuaris,[aktuˈarɪs]
aktuator,/aktuˈatɔr/
aktuator,[ak̚.t̪uˈa.t̪ɔr]
aku,/ˈaku/
aku,[ˈa.ku]
akuaduk,/a.kuˈa.dʊk̚/
akuafaba,[akua̯ˈfaba]
akuakultur,[akuaˈkʊltʊr]
akuamarin,/akuaˈmarin/
akuamarin,[a.ku.aˈma.rɪn]
akuarel,/aˌkuaˈrɛl/
akuarel,[aˌku.aˈrɛl]
akuarium,/a.ku.aˈri.um/
akuarium,[a.ku.aˈri.ʊm]
akuarius,/a.kuˈa.ˈri.ʊs/
akueduk,/a.kuˈe.dʊk̚/
akuene,/akuˈene/
akuifer,[akuˈifɛr]
akuisens,/akuˈisɛns/
akuisens,[a.kuˈi.sɛns]
akuisisi,[akuiˈsisi]
akuitas,/akuˈitas/
akuitas,[a.kuˈi.t̪as]
akulturasi,[akʊltuˈrasi]
akumulasi,[akumuˈlasi]
akumulator,/a.ku.mu.ˈla.tɔr/
akun,[ˈa.kʊn]
akun berjalan,/ˈakʊn bərˈd͡ʒalan/
akuntabel,[akʊnˈtabəl]
akuntan,/aˈkuntan/
akuntan,[aˈkun̪.t̪an]
akuntansi,[akʊnˈtansi]
akupunktur,/akuˈpuŋtur/
akupunktur,[a.kuˈpuŋ.t̪ʊr]
akur,[ˈakʊr]
akurat,[ˈakurat]
akusala,/akuˈsala/
akusala,[a.kuˈsa.la]
akusatif,[akuˈsatɪf]
akustik,/aˈkustik/
akustik,[aˈkus.t̪ɪk̚]
akut,/a.kut/
akuwu,/aˈkuwu/
akuwu,[aˈku.wu]
al-qur'an,/ˌal kurˈan/
al-qur'an,[ˌal kurˈan]
ala,/ˈala/
ala,[ˈa.la]
alab,[ˈalap̚]
alaf,[ˈa.laf]
alah,/ˈalah/
alah,[ˈa.lah]
alai-belai,/ˌalai̯ bəˈlai̯/
alai-belai,[ˌa.lai̯ bəˈlai̯]
alakrima,/alakˈrima/
alakrima,[a.lak̚ˈri.ma]
alam,/ˈalam/
alam,[ˈa.lam]
alamas,[ˈala.mas]
alamat,/aˈla.mat/
alamat,[aˈla.mat̪̚]
alamati,/a.laˈma.ti/
alamatkan,/a.laˈmat̚.kan/
alamete,/alaˈmɛte/
alami,/ˈalami/
alamiah,/alaˈmiah/
alamiah,[a.laˈmi.ah]
alan-alan,/ˈʔa.lan.(ʔ)a.lan/
alang,/ˈalaŋ/
alang,[ˈa.laŋ]
alang-alang,[ˈalaŋ ˈalaŋ]
alanggaya,/alaŋˈɡaja/
alar,/ˈalar/
alar,[ˈa.lar]
alarm,/ˈalarm/
alarm,[alarə̆m]
alas,/ˈalas/
alas,[ˈa.las]
alas sentuh,/ˌalas sənˈtuh/
alas sentuh,[ˌa.las sən̪ˈt̪ʊh]
alasan,/ˈalasan/
alastrim,/aˈlastrim/
alastrim,[aˈlas.t̪rɪm]
alat,/ˈalat/
alat,[ˈa.lat̪̚]
alat angkut,/ˌalat ˈaŋkut/
alat angkut,[ˌa.lat̪̚ ˈaŋ.kʊt̪̚]
alat kelamin luar,/ˌa.lat kəˌla.min ˈlu.ar/
alat kelamin luar,[ˌa.lat̪̚ kəˌla.mɪn ˈlu.ar]
alat kesehatan,/ˌa.lat kə.seˈha.tan/
alat kesehatan,[ˌa.lat̪̚ kə.seˈha.t̪an]
alat pemadam api ringan,/ˌa.lat pəˌma.dam ˌa.pi ˈri.ŋan/
alat pemadam api ringan,[ˌa.lat̪̚ pəˌma.dam ˌa.pi ˈri.ŋan]
alat peraga kampanye,/ˌa.lat pəˌra.ɡa kamˈpa.ɲə/
alat peraga kampanye,[ˌa.lat̪̚ pəˌra.ɡa kamˈpa.ɲə]
alat terakhir,/ˈalat tər.ˈa.xɪr/
alat tulis kantor,/ˌa.lat ˌtu.lis ˈkan.tor/
alat tulis kantor,[ˌa.lat̪̚ ˌt̪u.lɪs ˈkan̪.t̪ɔr]
alat vital,[ˈalat ˈvital]
alawatae,/alaˈmɛte/
alba,/ˈalba/
alba,[ˈal.ba]
albahdir,[alˈbahdɪr]
albania,/albaˈnia/
albania,[al.baˈni.a]
albas,[ˈalbas]
albatros,/al.ˈba.trɔs/
alber,[ˈalbər]
albertus,/alˈbɛrtus/
albertus,[alˈbɛr.t̪ʊs]
albino,[alˈbino]
album,/ˈalbum/
album,[ˈal.bʊm]
albuminuria,/albuminuˈria/
albuminuria,[al.bu.mi.nuˈri.a]
aldehida,/aldeˈhida/
aldosteronisme,/aldosteronˈismə/
aldosteronisme,[al.dos.t̪e.ronˈis.mə]
alegori,[aleˈɡori]
alei,/ˈalei/
aleksander agung,/alekˌsandər ˈaɡuŋ/
aleksander agung,[a.lekˌsan.dər ˈa.ɡʊŋ]
aleksin,/aˈlɛksin/
aleksin,[aˈlɛk̚.sɪn]
alel,/ˈa.lɛl/
alem,/ˈaləm/
alem,[ˈa.ləm]
alena,[ˈalena]
alena,[ˈalɛna]
aler,/ˈalɛr/
alergen,/aˈlɛrɡɛn/
alergen,[aˈlɛr.ɡɛn]
alergi,[ˈalɛr.ɡi]
alewar,/ˈalewar/
alfa,/ˈal.fa/
alfa,/ˈal.pa/
alfa dan omega,/ˈalfa ˈdan ˈomeɡa/
alfanumerik,/alfaˈnumərik/
alfanumerik,[al.faˈnu.mə.rɪk̚]
alferes,/alˈferes/
alfuil,/alˈfuɪl/
algojo,/alˈɡod͡ʒo/
algometer,/alɡoˈmɛtər/
algometer,[al.ɡoˈmɛ.t̪ər]
algoritma,/alɡoˈritma/
algoritma,[al.ɡoˈrit̪̚.ma]
algoritme,/alɡoˈritmə/
algoritme,[al.ɡoˈrit̪̚.mə]
algoritmik,/alɡoˈrɪt̚mɪk̚/
algoritmis,/alɡoˈrɪt̚mɪs/
alhasil,/alˈhasil/
alhasil,[alˈha.sɪl]
ali,/ˈali/
ali,[ˈa.li]
ali baba,/ˌali ˈbaba/
ali baba,[ˌa.li ˈba.ba]
aliah,/aliah/
aliansi,/aliˈansi/
aliansi penerbangan,/aliˌansi pənərˈbaŋan/
aliansi penerbangan,[a.liˌan.si pə.nərˈba.ŋan]
alias,/aˈlias/
alias,[aˈli.as]
aliase,/aliˈasə/
alibi,[ˈali.bi]
alienasi,[alieˈnasi]
aligator,/aliˈɡator/
aligator,[a.liˈɡa.t̪ɔr]
alih,/ˈalih/
alih,[ˈa.lɪh]
alih aksara,/ˌalih akˈsara/
alih aksara,[ˌa.lɪh ak̚ˈsa.ra]
alih bahasa,/ˌalih baˈhasa/
alih bahasa,[ˌa.lɪh baˈha.sa]
alih daya,/ˌalih ˈdaja/
alih daya,[ˌa.lɪh ˈda.ja]
alih muatan,/ˌalih muˈatan/
alih muatan,[ˌa.lɪh muˈa.t̪an]
alih tangan kasus,/ˌalih ˌtaŋan ˈkasus/
alih tangan kasus,[ˌa.lɪh ˌt̪a.ŋan ˈka.sʊs]
alih-alih,/ˌalih ˈalih/
alih-alih,[ˌa.lɪh ˈa.lɪh]
alikuot,/aliˈkuot/
alikuot,[a.liˈku.ɔt̪̚]
alim,/ˈalim/
alim,[ˈa.lɪm]
alimentasi,[alimɛnˈtasi]
alinea,[ˈali.nea]
alinyemen,[aliɲəˈmən]
alir,/ˈalir/
alir,[ˈa.lɪr]
aliran,/aˈliran/
aliran,[aˈli.ran]
alis,/ˈalis/
alis,[ˈa.lɪs]
aliterasi,[alitəˈrasi]
aljabar,[alˈd͡ʒabar]
alkali,/alˈka.li/
alkalosis,/alkaˈlosis/
alkalosis,[al.kaˈlo.sɪs]
alkana,/al.ka.na/
alkaptonuria,/alkaptonuˈria/
alkaptonuria,[al.kap̚.t̪o.nuˈri.a]
alkes,[ˈal.kəs]
alkitab,/alˈkitab/
alkitab,[alˈki.t̪ap̚]
alkitabiah,/alkitaˈbiah/
alkitabiah,[al.ki.t̪aˈbi.ah]
alkohol,/alˈkohol/
alkohol,[alˈko.hɔl]
allah,/a(l)lah/
allah,/ɑ(l)lɑh/
allah,/ɑwloh/
allah,[a(l)lah]
allah,[ɑ(ɫ)ɫɑh]
allah,[ɔwɫɔh]
alleluya,[alleˈlu.ja]
almanak,[alˈmanak̚]
almarhum,/alˈmarhʊm/
almarhumah,/almarˈhumah/
almari,/alˈma.ri/
almari,[alˈma.ri]
almasih,[alˈma.sɪh]
alngilin,/alˈŋilɪn/
alo-,[ˈalo]
aloanamnesis,/aloanamˈnesis/
aloanamnesis,[a.lo.a.namˈne.sɪs]
alodna,/a.ˈlɔt.na/
alogotrofia,/aloɡotroˈfia/
alogotrofia,[a.lo.ɡo.t̪roˈfi.a]
aloha,/aˈloha/
aloha,[aˈlo.ha]
aloi,/ˈaloi̯/
alokai,/aˈlokai̯/
alokai,[aˈlo.kai̯]
alokasi,[aloˈkasi]
alokon,/aˈlokon/
alokon,[aˈlo.kɔn]
alon,[ˈalɔn]
along,/ˈaloŋ/
along,[ˈa.lɔŋ]
alopati,/aloˈpati/
alopati,[a.loˈpa.t̪i]
alopesia,/aloˈpesia̯/
alot,/ˈalɔt̚/
aloun,/a.ˈlo.ʊn/
alpa,/al.pa/
alpaka,[alˈpaka]
alpeka,[alpəˈka]
alpiris,/al.ˈpi.rɪs/
alpokat,/ʔal.poˈkat̚/
alpukat,/alˈpu.kat̚/
altar,/ˈaltar/
altar,[ˈal.t̪ar]
alter,/ˈaltər/
alter,[ˈal.t̪ər]
alterasi,[altəˈrasi]
alternasi,[altərˈnasi]
alternatif,[altərˈnatɪf]
altitudo,/altiˈtudo/
altol tubi,/ˈal.tɔl ˈtu.bi/
altruis,[alˈtruɪs]
altruisme,[altruˈɪsmə]
altruistis,[altruˈɪstɪs]
alu,/ˈalu/
alu,[ˈa.lu]
alu-alu,/a.luˈa.lu/
aluakas,/aluˈakas/
aluk todolo,/ˈalʊʔ toˈdolo/
alum,/ˈalum/
alum,[ˈa.lʊm]
aluminium,[alumiˈniʊm]
alumni,[ˈalʊmni]
alumnus,/aˈlumnus/
alumnus,[aˈlum.nʊs]
alumpa,/aˈlumpa/
alumpa,[aˈlum.pa]
alun,/ˈalun/
alun,[ˈa.lʊn]
alur,/ˈalur/
alur,[ˈa.lʊr]
alur cerita,/ˈalʊr t͡ʃəˈrita/
alur klinis,/ˈa.lʊr ˈkli.nɪs/
alusi,/a.ˈlu.si/
alutsista,/alutˈsista/
alutsista,[a.lut̪̚ˈsis.t̪a]
alutta,/ˈalʊtta/
alveola,[al.feˈo.la]
alveola,[al.veˈo.la]
alveolus,[al.feˈo.lʊs]
alveolus,[al.veˈo.lʊs]
alwah,/ˈalwah/
alwah,[ˈal.wah]
am,/ˈam/
amah,/ˈa.mah/
amahatua,/amaˈhatua̯/
amal,[ˈa.mal]
amalaka,[amaˈlaka]
amalgam,[ˈamalɡam]
amali,/a.ˈma.li/
amalo,/ˈamalo/
aman,/a.man/
amanah,/ˈamanah/
amanat,/ˈamanat̚/
amandel,[ˈamandəl]
amane,/ˈamanɛ/
amango,/a.ˈma.ŋo/
amankan,/aˈmankan/
amankan,[aˈman.kan]
amanra,/ˈamanro/
amar,/ˈamar/
amaruwa,/amaˈruwa/
amaruwa,[a.maˈru.wa]
amastia,/amasˈtia/
amastia,[a.masˈt̪i.a]
amat,/ˈamat/
amat,[ˈa.mat̪̚]
amati,/aˈmati/
amati,[aˈma.t̪i]
amatir,[ˈama.t̪ɪr]
amato,/ˈamato/
amau,/aˈmau/
amazia,/amaˈzia/
amazia,[a.maˈzi.a]
ambah,/amˈbah/
ambah,/ˈambah/
ambah,[amˈbah]
ambah,[ˈam.bah]
ambaks,/ˈambaks/
ambang,/ˈambaŋ/
ambang,[ˈam.baŋ]
ambar,/ˈambar/
ambar,[ˈam.bar]
ambara,/amˈbara/
ambara,[amˈba.ra]
ambaro,/amˈbaro/
ambaro,[amˈba.ro]
ambasade,/ambaˈsadə/
ambataron,/ambaˈtarɔn/
ambeien,[amˈbeiən]
ambek,/ˈambək/
ambek,[ˈam.bək̚]
ambekara,/ambeˈkara/
ambekdarma,/ambək̚ˈdarma/
ambekpati,/ambək̚ˈpati/
ambeksura,[ambək̚ˈsura]
amben,/ˈambən/
amben,/ˈambɛn/
amben,[ˈam.bən]
amben,[ˈam.bɛn]
amber,/ˈambər/
amber,/ˈambɛr/
amber,[ˈam.bər]
amber,[ˈam.bɛr]
ambi-,[ˈambi]
ambideksteritas,/ambidɛkstɛˈritas/
ambidekstrus,/ambiˈdɛkstrʊs/
ambiens,/amˈbiɛns/
ambiens,[amˈbi.ɛns]
ambigu,[amˈbiɡu]
ambiguitas,/ambiɡuˈitas/
ambil,/ˈambil/
ambil,[ˈam.bɪl]
ambil alih,/ˌambil ˈalih/
ambil alih,[ˌam.bɪl ˈa.lɪh]
ambil hari,/ˈambɪl ˈhari/
ambin,/ˈambɪn/
ambing,/ˈambiŋ/
ambing,[ˈam.bɪŋ]
ambir,/ˈambɪr/
ambis,/ˈam.bɪs/
ambisi,[amˈbisi]
ambisius,/am.bi.ˈsi.ʊs/
ambivalen,[ambiˈvalɛn]
ambivalensi,[ambivaˈlɛnsi]
amblas,/ˈamblas/
amblas,[ˈam.blas]
ambles,/ˈambləs/
ambles,[ˈam.bləs]
ambliopia,/amblioˈpia/
ambliopia,[am.bli.oˈpi.a]
amblong,/ˈamblɔŋ/
ambo,/ˈambo/
ambo,[ˈam.bo]
ambon,/ˈam.bon/
ambon,[ˈam.bɔn]
ambong,/ˈambɔŋ/
ambruk,/ˈambruk/
ambruk,[ˈam.brʊk̚]
ambrukan,/amˈbrukan/
ambrukan,[amˈbru.kan]
ambu,/ˈambu/
ambu,[ˈam.bu]
ambu handap,/ˈambu ˈhandap̚/
ambu-ambu,/ˈambu ˈambu/
ambuh,/ˈambʊh/
ambulans,[amˈbulans]
ambulasi,/ambuˈlasi/
ambulasi,[am.buˈla.si]
ambulatori,[am.bu.laˈto.ri]
ambulralra,/ambʊlˈralra/
ambung,[ˈam.bʊŋ]
ambung cinu,/ˈambʊŋ ˈt͡ʃinu/
amburat,/amˈburat̚/
ambyang,/ˈambʲaŋ/
ambyar,/ˈambjar/
ambyar,[ˈamp̚.jar]
ambyok,/ˈambjɔk̚/
ambyur,/ˈambʲʊr/
amdal,/ˈamdal/
amdal,[ˈam.dal]
ameba,[ˈameba]
amebiasis,/amebiˈasis/
amebiasis,[a.me.biˈa.sɪs]
amegop,/ˈaməɡop/
amegop,[ˈa.mə.ɡɔp̚]
amelia,/ˈameli(j)a/
ameloblas,/ameˈloblas/
ameloblas,[a.meˈlo.blas]
amelogenin,/ameloˈɡenin/
amelogenin,[a.me.loˈɡe.nɪn]
amendemen,[amandəˈmɛn]
amendemen,[amɛndəˈmɛn]
amenitas,/a.me.ˈni.tas/
amenorea,/amenoˈrea/
amenorea,[a.me.noˈre.a]
amer,/ˈamɛr/
amerika,/ameˈrika/
amerika,[a.meˈri.ka]
amerika serikat,/aməˌrika səˈrikat/
amerika serikat,[a.məˌri.ka səˈri.kat̪̚]
amerta,/amər.ta/
amesureng,/ameˈsurəŋ/
ametis,/ˈamətis/
ametis,[ˈa.mə.t̪ɪs]
ameto,/a.ˈme.to/
ametropia,/amɛtroˈpia/
ametropia,[a.mɛ.t̪roˈpi.a]
amfetamina,[amfetaˈmina]
amfi-,[ˈam.fi]
amfibi,/amˈfibi/
amfibi,[aɱˈfibi]
amfolit,/amˈfolit/
amfolit,[amˈfo.lɪt̪̚]
amigurumi,/amiɡuˈrumi/
amigurumi,[a.mi.ɡuˈru.mi]
amih,/ˈa.mɪh/
amik,/ˈa.mik/
amik,[ˈa.mɪk̚]
amil,/ˈamil/
amil,[ˈa.mɪl]
amilase,/amiˈlasə/
amilase,[a.miˈla.sə]
amilemia,/amileˈmia/
amilemia,[a.mi.leˈmi.a]
amilofagia,/amilofaˈɡia/
amilofagia,[a.mi.lo.faˈɡi.a]
amiloidosis,/amiloiˈdosis/
amiloidosis,[a.mi.lo.iˈdo.sɪs]
amilorid,/amiˈlorid/
amilorid,[a.miˈlo.rɪt̪̚]
amilum,/ˈamilʊm/
amin,/ˈamin/
amin,[ˈa.mɪn]
amini siali,/ˈamini ˈsia̯li/
aminoasiduria,/aminoasiduˈria/
aminoasiduria,[a.mi.no.a.si.duˈri.a]
amiografi,/amioɡˈrafi/
amiografi,[a.mi.ok̚ˈra.fi]
amiotrofi,/amiotˈrofi/
amiotrofi,[a.mi.ot̪̚ˈro.fi]
amis,/ˈamis/
amis,[ˈa.mɪs]
amiug,/ˈamiʊk̚/
amleng,/ˈam.ləŋ/
ammeter,[amˈmɛtər]
amnesia,[amˈnesia̯]
amnesti,[amˈnɛsti]
amniografi,/amnioɡˈrafi/
amniografi,[am.ni.ok̚ˈra.fi]
amnion,/amˈnion/
amnion,[amˈni.ɔn]
amnionitis,/amnioˈnitis/
amnionitis,[am.ni.oˈni.t̪ɪs]
amniotik,/amniˈotik/
amniotik,[am.niˈo.t̪ɪk̚]
amniotomi,/amnioˈtomi/
amniotomi,[am.ni.oˈt̪o.mi]
amo,/ˈamo/
amoa,/ˈamoa̯/
amoh,/ˈamɔh/
amoi,[ˈa.moi̯]
among,/ˈʔa.mɔŋ/
amonga,/ˈamoŋa/
amonia,/amoˈnia/
amonia,[a.moˈni.a]
amonia anhidrat,/ˈamonia̯ anˈhidrat/
amoniak,/amoˈniak/
amoniak,[a.moˈni.ak̚]
amonit,/aˈmonit/
amonit,[aˈmo.nɪt̪̚]
amonium,/amoˈnium/
amonium,[a.moˈni.ʊm]
amonium fosfat,/amoˈniʊm ˈfɔsfat/
amonium nitrat,/amoˌnium ˈnitrat/
amonium nitrat,[a.moˌni.ʊm ˈni.t̪rat̪̚]
amoral,/aˈmoral/
amoral,[aˈmo.ral]
amoralitas,/amoraˈlitas/
amorf,[ˈamɔrf]
amortisasi,/amɔrtiˈsasi/
amortisasi,[a.mɔr.t̪iˈsa.si]
amos,/ˈamos/
amos,[ˈa.mɔs]
ampa,/ˈampa/
ampal,/ˈampal/
ampang,/ˈam.paŋ/
amparan,[amˈpar.an]
ampas,[ˈampas]
ampean,/amˈpean/
ampean,[amˈpe.an]
ampelas,/ˈampəlas/
ampelas,[ˈam.pə.las]
ampelasi,/amˈp(ə).la.si/
ampere,[amˈpɛrə]
amperemeter,[ampɛrəˈmɛtər]
ampet,[ˈampət̚]
ampet-ampet,/ˈampət̚ ˈampət̚/
ampiang,/amˈpiaŋ/
ampiang,[amˈpi.aŋ]
ampig,/ˈampɪk/
ampikale,/ampiˈkale/
ampilalas,/ampiˈlalas/
amplek,/ˈamplɛk̚/
amplifikasi,[ampliˈfikasi]
amplitudo,[ampliˈtudo]
amplokan,/amˈplokan/
amplop,/ˈamplɔp/
amplop,[ˈam.plɔp̚]
ampor,/ˈampɔr/
amporang,/amˈporaŋ/
amporo,/amˈporo/
ampot,/ˈampɔt̚/
amprah,/ˈamprah/
amprah,[ˈam.prah]
ampu,/ˈam.pu/
ampuan,/amˈpuan/
ampuan,[amˈpu.an]
ampul,/ˈampul/
ampul,[ˈam.pʊl]
ampula,[amˈpu.la]
ampun,/ˈampun/
ampun,[ˈam.pʊn]
ampunan,/amˈpunan/
ampunan,[amˈpu.nan]
amput,/ˈampʊt̚/
amputan,/amˈpʊtan/
amputasi,[ampuˈt̪asi]
amra,/ˈamra/
amra,[ˈam.ra]
amril,[ˈamrɪl]
amsal,/ˈam.sal/
amsal,[ˈam.sal]
amsal,[ˈamsal]
amtenar,/amtəˈnar/
amtenar,[am.t̪əˈnar]
amudi,/ˈamudi/
amuk,/ˈamuk/
amuk,[ˈa.mʊk̚]
amulet,/aˈmulɛt/
amulet,[aˈmu.lɛt̪̚]
amunisi,[amuˈnisi]
amusia,/amuˈsia/
amusia,[a.muˈsi.a]
an sich,/ˌan ˈsix/
an sich,[ˌan ˈsɪx]
ana,/ana/
ana-,[ˈana]
anabolisme,[anaboˈlɪsmə]
anadrenalisme,/anadrenaˈlismə/
anadrenalisme,[a.nat̪̚.re.naˈlis.mə]
anafilaksi,/anafiˈlaksi/
anafilaksi,[a.na.fiˈlak̚.si]
anafilaksis,[anafiˈlaksi]
anafilaksis,[anafiˈlaksɪs]
anafilaktik,/anafiˈlaktik/
anafilaktik,[a.na.fiˈlak̚.t̪ɪk̚]
anafora,/ana.ˈfo.ra/
anagami,/anaˈɡami/
anagami,[a.naˈɡa.mi]
anaheha,/anaˈheha/
anai-anai,/a.nai̯.a.nai̯/
anak,/ˈanak/
anak,/ˈanaʔ/
anak,[ˈa.nak̚]
anak,[ˈa.naʔ]
anak air,/ˌanaʔ ˈair/
anak air,[ˌa.naʔ ˈa.ɪr]
anak allah,/ˌa.nak ˈa.lah/
anak allah,[ˌa.nak̚ ˈa.lah]
anak angkat,/ˌanak ˈaŋkat/
anak angkat,[ˌa.nak̚ ˈaŋ.kat̪̚]
anak anjing,/ˌa.naʔ ˈan.d͡ʒiŋ/
anak anjing,[ˌa.naʔ ˈaɲ.d͡ʒɪŋ]
anak belai,/ˈanaʔ bəˈlai̯/
anak belasan tahun,/ˌa.naʔ bəˌla.san ˈta.hun/
anak belasan tahun,[ˌa.naʔ bəˌla.san̪ ˈt̪a.hʊn]
anak benua,/ˌa.nak bəˈnu.a/
anak benua,[ˌa.nak̚ bəˈnu.a]
anak buah,/ˌanak ˈbuah/
anak buah,[ˌa.nak̚ ˈbu.ah]
anak bulu,/ˈanaʔ ˈbulu/
anak didik,/ˌanak ˈdidik/
anak didik,/ˌanaʔ ˈdidiʔ/
anak didik,[ˌa.nak̚ ˈdi.dɪk̚]
anak didik,[ˌa.naʔ ˈdi.dɪʔ]
anak jalanan,/ˌa.nak d͡ʒaˈla.nan/
anak jalanan,[ˌa.nak̚ d͡ʒaˈla.nan]
anak laki-laki,/anaʔ laki laki/
anak mata,/a.naʔ ˈma.ta/
anak muda,/anaʔ muda/
anak nirpendamping,/ˈanaʔ nɪr.pən.ˈdam.pɪŋ/
anak pancingan,/ˈanak panˈt͡ʃɪŋan/
anak perusahaan,/ˈanak pər.ʊsa.ˈha.an/
anak rambut,/ˈanaʔ ˈrambʊt̚/
anak ranting,/ˌanak ˈrantiŋ/
anak ranting,[ˌa.nak̚ ˈran̪.t̪ɪŋ]
anak rona,/ˈanaʔ ˈrona/
anak skena,/ˌanak ˈskena/
anak skena,[ˌa.nak̚ ˈske.na]
anak tangga,/ˌanaʔ ˈtaŋɡa/
anak tangga,[ˌa.naʔ ˈt̪aŋ.ɡa]
anak tiri,/ˌanaʔ ˈtiri/
anak tiri,[ˌa.naʔ ˈt̪i.ri]
anak wina,/ˈanaʔ ˈwina/
anak yatim,/ˌanak ˈjatim/
anak yatim,[ˌa.nak̚ ˈja.t̪ɪm]
anak-anak,/ˌanak ˈanak/
anak-anak,/ˌanaʔ ˈanaʔ/
anak-anak,[ˌa.nak̚ ˈa.nak̚]
anak-anak,[ˌa.naʔ ˈa.naʔ]
anak-anakan,/ˌanak aˈnakan/
anak-anakan,[ˌa.nak̚ aˈna.kan]
anakan,/aˈnakan/
anakan,[aˈna.kan]
anakanda,/anaˈkanda/
anakanda,[a.naˈkan.da]
anakia,/ˈanakia̯/
anakompo,/anaˈkɔmpo/
anakonda,/a.na.ˈkɔn.da/
anakronisme,/anakroˈnismə/
anakronisme,[a.na.kroˈnis.mə]
anakusis,/anaˈkusis/
anakusis,[a.naˈku.sɪs]
anal,[ˈanal]
analekta,[anaˈlɛkta]
analgesia,[analˈɡesia̯]
analis,[ˈanalɪs]
analisa,/anaˈlisa/
analisa,[a.naˈli.sa]
analisis,/anaˈlisis/
analisis,[a.naˈli.sɪs]
analisis transaksi,/anaˌlisis tranˈsaksi/
analisis transaksi,[a.naˌli.sɪs t̪ranˈsak̚.si]
analisis wacana,/anaˌlisis waˈt͡ʃana/
analisis wacana,[a.naˌli.sɪs waˈt͡ʃa.na]
analitis,/anaˈlitɪs/
analog,[ˈanalok]
analogi,[anaˈloɡi]
anamnesa,/a.namˈnɛ.sa/
anamnese,/a.namˈnɛ.sə/
anamnesis,/a.namˈnɛ.sɪs/
anamolepo,/anamoˈlepo/
ananda,/aˈnanda/
ananda,[aˈnan.da]
anangkolaki,/anaŋkoˈlaki/
ananim,/ˈananɪm/
ananta,[aˈnan.ta]
anantasana,/anantaˈsana/
anantasana,[a.nan̪.t̪aˈsa.na]
anapanasati,/anapanaˈsati/
anapanasati,[a.na.pa.naˈsa.t̪i]
anapaso,/anaˈpaso/
anaplasmosis,/a.na.plas.ˈmo.sɪs/
anaria,/a.na.ˈri.a/
anarki,[ˈanarki]
anarkis,[ˈanarkɪs]
anarkisme,[anarˈkɪsmə]
anarkistis,[anarˈkɪstɪs]
anarkosindikalis,/anarkosindiˈkalis/
anarkosindikalis,[a.nar.ko.sin.diˈka.lɪs]
anarkosindikalisme,/anarkosindikaˈlismə/
anarkosindikalisme,[a.nar.ko.sin.di.kaˈlis.mə]
anartria,/anarˈtria/
anartria,[a.narˈt̪ri.a]
anastesialogi,/anastesiaˈloɡi/
anastesialogi,[a.nas.t̪e.si.aˈlo.ɡi]
anastilosis,/a.na.sti.ˈlo.sɪs/
anastomosis,/anastoˈmosis/
anastomosis,[a.nas.t̪oˈmo.sɪs]
anatolia,/anatoˈlia/
anatolia,[a.na.t̪oˈli.a]
anatomi,[anaˈtomi]
anatomis,/anaˈtomis/
anatomis,[a.naˈt̪o.mɪs]
anau,/ˈanau̯/
anaweli,/a.na.ˈwe.li/
anaye,/ˈanajɛ/
anca,[ˈant͡ʃa]
ancai,/ˈant͡ʃai̯/
ancak,/ˈant͡ʃak/
ancak,[ˈaɲ.t͡ʃak̚]
ancala,/anˈt͡ʃala/
ancala,[aɲˈt͡ʃa.la]
ancam,/ˈant͡ʃam/
ancam,[ˈaɲ.t͡ʃam]
ancaman,/anˈt͡ʃaman/
ancaman,[aɲˈt͡ʃa.man]
anceng,/ˈant͡ʃəŋ/
anceng,[ˈaɲ.t͡ʃəŋ]
ancer,/ˈant͡ʃər/
ancer,[ˈaɲ.t͡ʃər]
anco,/ˈant͡ʃo/
anco,[ˈaɲ.t͡ʃo]
ancoa,[ˈan.t͡ʃoa̯]
ancok,/ˈant͡ʃɔk̚/
ancruk,/ˈant͡ʃrʊk̚/
ancuan,/anˈt͡ʃuan/
ancumcum,/anˈt͡ʃʊmt͡ʃʊm/
ancur,/ˈant͡ʃur/
ancur,[ˈaɲ.t͡ʃʊr]
anda,/ˈanda/
anda,[ˈan.da]
anda sekalian,/ˌanda səkaˈlian/
anda sekalian,[ˌan.da sə.kaˈli.an]
anda semua,/ˌanda səˈmua/
anda semua,[ˌan.da səˈmu.a]
andai,[ˈandai̯]
andaikan,/anˈdai̯kan/
andaikan,[anˈdai̯.kan]
andaka,/anˈdaka/
andaka,[anˈda.ka]
andal,[ˈandal]
andala,/anˈdala/
andalas,/anˈda.las/
andalkan,/anˈdalkan/
andalkan,[anˈdal.kan]
andam,/ˈandam/
andam,[ˈan.dam]
andap,/ˈan.dap/
andap asor,/ˈandap̚ ˈasɔr/
andas,/ˈandas/
andas,[ˈan.das]
andege,/anˈdeɡe/
andem,/ˈandəm/
andeman,/andəˈman/
andesit,[anˈdesɪt̚]
andewi,[anˈdewi]
andik,/ˈandik/
andik,[ˈan.dɪk̚]
andika,[anˈdika]
andil,[ˈan.dɪl]
andilau,/anˈdilau̯/
andilau,[anˈdi.lau̯]
andir,/ˈandɪr/
andon,/ˈandon/
andon,[ˈan.dɔn]
andong,[ˈand̪ɔŋ]
andongan,[ˈandɔŋan]
andorra,/anˈdora/
andorra,[anˈdo.ra]
andostorang,/andɔsˈtoraŋ/
andrawina,/andraˈwina/
andrawina,[an.draˈwi.na]
androgen,[anˈdroɡɛn]
androgenisasi,/androɡeniˈsasi/
androgenisasi,[an.dro.ɡe.niˈsa.si]
android,/anˈdroid/
android,[anˈdro.ɪt̪̚]
andrologi,[androˈloɡi]
andromedotoksin,/andromedoˈtoksin/
andromedotoksin,[an.dro.me.doˈt̪ok̚.sɪn]
andropause,/androˈpau̯sə/
andropause,[an.droˈpau̯.sə]
andung,/ˈandʊŋ/
andurabian,/anduraˈbian/
ane,/ˈane/
ane,[ˈa.ne]
aneh,/ˈaneh/
aneh,[ˈa.nɛh]
anehe,/ˈanehe/
anehkan,/aˈnehkan/
anehkan,[aˈneh.kan]
aneka,/anɛ.ka/
anekdot,[ˈanɛkdɔt̚]
anekoik,/anəˈkoik/
anekoik,[a.nəˈko.ɪk̚]
aneksasi,[anɛkˈsasi]
aneksi,/a.ˈnɛk.si/
anemer,[ˈanemər]
anemia,[ˈanemi]
anemia,[ˈanemia̯]
anemon,[ˈanemɔn]
anensefali,/anɛnseˈfali/
anensefali,[a.nɛn.seˈfa.li]
anensefalus,/anɛnseˈfalus/
anensefalus,[a.nɛn.seˈfa.lʊs]
anergi,/aˈnɛrɡi/
anergi,[aˈnɛr.ɡi]
anestesi,[anesˈt̪esi]
anestesia,/anəstəˈsia/
anestesia,[a.nəs.t̪əˈsi.a]
anestesian,/anɛstəˈsian/
anestesian,[a.nɛs.t̪əˈsi.an]
anestesiolog,/anɛstesiˈoloɡ/
anestesiolog,[a.nɛs.t̪e.siˈo.lɔk̚]
anestesiologi,[anesˈt̪esi]
anestetik,/anɛsˈtetik/
anestetik,[a.nɛsˈt̪e.t̪ɪk̚]
anestetis,/anɛsˈtetis/
anestetis,[a.nɛsˈt̪e.t̪ɪs]
aneurisma,/aneuˈrisma/
aneurisma,[a.ne.uˈris.ma]
aneurisme,/anəˈrismə/
aneurisme,[a.nəˈris.mə]
anfakah,/anˈfakah/
anfakah,[anˈfa.kah]
anfal,/ˈanfal/
anfal,[ˈan.fal]
angai,/ˈaŋai̯/
angan,/ˈaŋan/
angan,[ˈa.ŋan]
angciu,/aŋt͡ʃiu/
angel,[ˈaŋel]
angel,[ˈaŋɛl]
anget,/ˈaŋət/
anget,[ˈa.ŋət̪̚]
anggak,/ˈaŋɡak/
anggak,[ˈaŋ.ɡak̚]
anggal,/ˈaŋ.ɡal/
anggana,/aŋˈɡana/
anggana sekar,[aŋˈɡana ˈsɛkar]
anggap,/ˈaŋɡap/
anggap,[ˈaŋ.ɡap̚]
anggar,[ˈaŋɡar]
anggara,/aŋˈɡara/
anggaran,[aŋˈɡaran]
anggaran dasar,/aŋˌɡaran ˈdasar/
anggaran dasar,[aŋˌɡa.ran ˈda.sar]
anggaran modal,/aŋˌɡa.ran ˈmo.dal/
anggaran modal,[aŋˌɡa.ran ˈmo.dal]
anggaran pendapatan dan belanja,[aŋˈɡaran pəndaˈpatan ˈdan bəˈland͡ʒa]
anggaran pendapatan dan belanja negara,[aŋˈɡaran pəndaˈpatan ˈdan bəˈland͡ʒa nəˈɡara]
anggaran rumah tangga,/aŋˌɡaran ˌrumah ˈtaŋɡa/
anggaran rumah tangga,[aŋˌɡa.ran ˌru.mah ˈt̪aŋ.ɡa]
anggas,/ˈaŋɡas/
anggi,/ˈaŋɡi/
anggong,/ˈaŋɡɔŋ/
anggota,/aŋˈɡota/
anggota,[aŋˈɡo.t̪a]
anggrang,/ˈaŋ.ɡraŋ/
anggrek,/ˈaŋɡrɛʔ/
anggrek,[ˈaŋ.ɡrɛʔ]
anggrek monyet,/ˈaŋ.ɡrɛk ˈmo.ɲɛt/
anggu,/ˈaŋɡu/
anggur,/ˈaŋɡur/
anggur,[ˈaŋ.ɡʊr]
anggur merah,/ˈaŋɡʊr məˈrah/
anggur putih,[ˈaŋɡʊr ˈputɪh]
anggus,/ˈaŋɡʊs/
anghengar,/aŋˈheŋar/
anghun,/aŋ.hun/
angik,/ˈaŋɪk/
angin,/ˈaŋin/
angin,[ˈa.ŋɪn]
angin ahmar,/ˈaŋɪn ˈah.mar/
angin topan,/ˌaŋin ˈtopan/
angin topan,[ˌa.ŋɪn̪ ˈt̪o.pan]
angina,[ˈaŋina]
angioedema,/anɡioeˈdema/
angioedema,[an.ɡi.o.eˈde.ma]
angiofibroma,/aŋiofiˈbroma/
angiofibroma,[a.ŋi.o.fiˈbro.ma]
angiografi,/aŋioɡˈrafi/
angiografi,[a.ŋi.ok̚ˈra.fi]
angiopati,/aŋioˈpati/
angiopati,[a.ŋi.oˈpa.t̪i]
angioplasti,/anɡioˈplasti/
angioplasti,[an.ɡi.oˈplas.t̪i]
angka,/ˈaŋka/
angka,[ˈaŋ.ka]
angka fertilitas,/ˈaŋ.ka fɛr.ti.ˈli.tas/
angka kecermatan,/ˈaŋ.ka kə.t͡ʃər.ˈmat.an/
angka kematian bayi,/ˈaŋ.ka kə.ma.ˈti.an ˈba.ji/
angka kredit,/ˈaŋ.ka ˈkrɛ.dɪt/
angkak,/ˈaŋkak/
angkak,[ˈaŋ.kak̚]
angkar,/ˈaŋkar/
angkara,[aŋˈkara]
angkasa,/aŋˈkasa/
angkasa,[aŋˈka.sa]
angkasa raya,/aŋˈkasa ˈraja/
angkasawan,/aŋkaˈsawan/
angkasawan,[aŋ.kaˈsa.wan]
angkat,/ˈaŋkat/
angkat,[ˈaŋ.kat̪̚]
angkat meja,/ˈaŋkat̚ məˈd͡ʒa/
angkatan,/aŋˈkatan/
angkatan darat,/aŋˈkat̚an ˈdarat̚/
angkatan laut,/aŋˌkatan ˈlaut/
angkatan laut,[aŋˌka.t̪an ˈla.ʊt̪̚]
angker,/ˈaŋkər/
angker,[ˈaŋ.kər]
angket,[ˈaŋ.kɛt̚]
angki,/ˈaŋki/
angkin,/ˈaŋ.kɪn/
angko,/ˈaŋko/
angkong,[ˈaŋ.kɔŋ]
angkop,/ˈaŋkɔp̚/
angkot,/ˈaŋkot/
angkot,[ˈaŋ.kɔt̪̚]
angkring,/ˈaŋkriŋ/
angkring,[ˈaŋ.krɪŋ]
angkrok,/ˈaŋkrɔk̚/
angkruk,/ˈaŋkrʊk̚/
angkur,/ˈaŋ.kʊr/
angkusa,/aŋˈkusa/
angkusa,[aŋˈku.sa]
angkutan,/aŋˈkʊtan/
angkutan aktif,/ˈtranspɔr ˈaktɪf/
angkutan kota,[aŋ.kot]
angkutan umum,/aŋˌku.tan ˈu.mum/
angkutan umum,[aŋˌku.t̪an ˈu.mʊm]
angla,/ˈaŋla/
angla,[ˈaŋ.la]
anglek,/ˈaŋlək̚/
anglo,/aŋ.lo/
anglung,/aŋ.luŋ/
angon,/ˈaŋon/
angon,[ˈa.ŋɔn]
angpao,/ˈaŋpau̯/
angpao,[ˈaŋ.pau̯]
angpau,/ˈaŋpau̯/
angpau,[ˈaŋ.pau̯]
angrem,/aŋrəm/
angsa,[ˈaŋsa]
angsana,/aŋˈsana/
angsana,[aŋˈsa.na]
angsang,/ˈaŋsaŋ/
angsio,[ˈaŋ.sio̯]
angsongar,/aŋˈsoŋar/
angsung,/ˈaŋsʊŋ/
angwain,/aŋˈwaɪn/
anhidraemia,/anhidraeˈmia/
anhidraemia,[an.hi.dra.eˈmi.a]
anhidrosis,/anhiˈdrosis/
anhidrosis,[an.hiˈdro.sɪs]
aniaya,/aniˈaja/
aniaya,[a.niˈa.ja]
anido,/ˈanido/
anih,/ˈanih/
anih,[ˈa.nɪh]
anilina,[aniˈlina]
animanga,/aniˈmaŋa/
animanga,[a.niˈma.ŋa]
animasi,/aniˈmasi/
animater,/a.niˈma.tər/
animater,[a.niˈma.t̪ər]
animator,/a.ni.ˈma.tɔr/
anime,/aˈnime/
anime,[aˈni.me]
animisme,[aniˈmɪsmə]
animo,[ˈanimo]
aningo,/a.ˈni.ŋo/
anirat,/aˈnirat/
anirat,[aˈni.rat̪̚]
aniridia,/aniriˈdia/
aniridia,[a.ni.riˈdi.a]
anis,/ˈanis/
anis,[ˈa.nɪs]
aniseikonia,/aniseikoˈnia/
aniseikonia,[a.ni.se.i.koˈni.a]
anisokoria,/anisokoˈria/
anisokoria,[a.ni.so.koˈri.a]
anisometropia,/anisometroˈpia/
anisometropia,[a.ni.so.me.t̪roˈpi.a]
anisositosis,/anisosiˈtosis/
anisositosis,[a.ni.so.siˈt̪o.sɪs]
anita,/ˈanita/
aniwui,/ˈaniwui̯/
anjal,/ˈand͡ʒal/
anjali,/anˈd͡ʒali/
anjali,[aɲˈd͡ʒa.li]
anjan,/ˈand͡ʒan/
anjan,[ˈaɲ.d͡ʒan]
anjang,/ˈand͡ʒaŋ/
anjar,/ˈand͡ʒar/
anjeng,/ˈand͡ʒeŋ/
anjeng,[ˈaɲ.d͡ʒɛŋ]
anjer,/ˈand͡ʒər/
anjiman,/anˈd͡ʒiman/
anjing,/ˈand͡ʒiŋ/
anjing,[ˈaɲ.d͡ʒɪŋ]
anjing air,/ˈand͡ʒɪŋ ˈʔaɪr/
anjing ajak,[ˈand͡ʒɪŋ ˈad͡ʒak̚]
anjing hutan,[ˈand͡ʒɪŋ ˈhutan]
anjing laut,[ˈand͡ʒɪŋ ˈlaʊt̚]
anjir,[ˈand͡ʒɪr]
anjok,/ˈand͡ʒɔk/
anjul,/ˈand͡ʒʊl/
anjung,/ˈand͡ʒuŋ/
anjung,[ˈaɲ.d͡ʒʊŋ]
anjungan,/anˈd͡ʒuŋan/
anjungan,[aɲˈd͡ʒu.ŋan]
anjungan cerdas,/anˌd͡ʒuŋan t͡ʃərˈdas/
anjungan cerdas,[aɲˌd͡ʒu.ŋaɲ t͡ʃərˈdas]
anjungan transaksi mandiri,[aɲˌd͡ʒu.ŋan̪ t̪ranˌsak̚.si manˈdi.ri]
anjungan tunai mandiri,/anˌd͡ʒuŋan ˌtunai̯ manˈdiri/
anjungan tunai mandiri,[aɲˌd͡ʒu.ŋan̪ ˌt̪u.nai̯ manˈdi.ri]
ankanan,/anˈkanan/
ankara,/anˈkara/
ankiloglosia,/ankiloɡloˈsia/
ankiloglosia,[an.ki.lo.ɡloˈsi.a]
ankilosis,/ankiˈlosis/
ankilosis,[an.kiˈlo.sɪs]
ankilostomiasis,/ankilostomiˈasis/
ankilostomiasis,[an.ki.los.t̪o.miˈa.sɪs]
ankova,/anˈko.va/
ankova,[anˈko.fa]
anne,/ˈanə/
anne,/ˈenə/
anne,/ˈɛn/
annisa,/ˈanisa/
anno,/ˈano/
anno,[ˈa.no]
ano rawi,/ˈano ˈrawi/
ano siyep,/ˈano ˈsijəp̚/
anoda,/a.no.da/
anoda,/ano.da/
anode,/a.no.də/
anode,/ano.də/
anodonsia,/anodonˈsia/
anodonsia,[a.no.donˈsi.a]
anoftalmia,/anoftalˈmia/
anoftalmia,[a.nof.t̪alˈmi.a]
anoftalmus,/anofˈtalmus/
anoftalmus,[a.nofˈt̪al.mʊs]
anogenital,/anoɡeˈnital/
anogenital,[a.no.ɡeˈni.t̪al]
anoksia,[ˈanɔksia̯]
anom,/ˈanɔm/
anom,[ˈa.nɔm]
anomali,[anoˈmali]
anomi,/aˈnomi/
anomi,[aˈno.mi]
anomia,/anoˈmia/
anomia,[a.noˈmi.a]
anomik,/aˈnomik/
anomik,[aˈno.mɪk̚]
anonim,[ˈano.nɪm]
anopsia,/anopˈsia/
anopsia,[a.nop̚ˈsi.a]
anoreksia,[anoˈrɛksia̯]
anorektal,/anoˈrɛktal/
anorektal,[a.noˈrɛk̚.t̪al]
anorkisme,/anorˈkismə/
anorkisme,[a.norˈkis.mə]
anoskopi,/anosˈkopi/
anoskopi,[a.nosˈko.pi]
anosognosia,/anosoɡnoˈsia/
anosognosia,[a.no.sok̚.noˈsi.a]
anotasi,[anoˈtasi]
anova,/aˈno.va/
anova,[aˈno.fa]
anovulasi,/anovuˈlasi/
anovulasi,[a.no.fuˈla.si]
ansai,/ˈan.sai̯/
ansambel,/anˈsambəl/
ansar,[ˈansar]
ansietas,[anˈsiɛ̯tas]
ansietas pisah,[anˈsiɛ̯tas ˈpisah]
ansos,/ˈansos/
ansos,[ˈan.sɔs]
anta,/ˈanta/
antagonis,[antaˈɡonɪs]
antagonisme,/antaɡoˈnismə/
antagonisme,[an̪.t̪a.ɡoˈnis.mə]
antaladan,/antaˈladan/
antaladan,[an̪.t̪aˈla.dan]
antan,/ˈan.tan/
antan,[ˈan̪.t̪an]
antang-antang,/ˈantaŋ ˈantaŋ/
antanik,/anˈtanɪk̚/
antap,/ˈantap/
antap,[ˈan̪.t̪ap̚]
antar,/ˈantar/
antar,[ˈan̪.t̪ar]
antar-,[ˈan.tar]
antara,/anˈtara/
antara,[an̪ˈt̪a.ra]
antarbahasa,/antarbaˈhasa/
antarbangsa,/antarbaŋsa/
antardesa,/antarˈdɛsa/
antariksa,[an.taˈrɪk.sa]
antariksawan,/antarikˈsawan/
antariksawan,[an̪.t̪a.rik̚ˈsa.wan]
antariksawati,/antariksaˈwati/
antariksawati,[an̪.t̪a.rik̚.saˈwa.t̪i]
antarkota,/antarˈkota/
antarkota,[an̪.t̪arˈko.t̪a]
antarktika,/antarkˈtika/
antarktika,/antarˈtika/
antarktika,[an̪.t̪ark̚ˈt̪i.ka]
antarktika,[an̪.t̪arˈt̪i.ka]
antarmuka,[antarˈmuka]
antarpemain,/antarpəˈmaɪn/
antarpribadi,/antarpriˈbadi/
antarpribadi,[an̪.t̪ar.priˈba.di]
antartika,/an.tarˈti.ka/
antartika,[an̪.t̪arˈt̪i.ka]
antawacana,[antawaˈt͡ʃana]
ante-,[ante]
antefiks,/ˈantəfiks/
antefiks,[ˈan̪.t̪ə.fiks]
antek,[ˈantɛk]
antelas,/ˈantəlas/
antelas,[ˈan̪.t̪ə.las]
antelop,[antəˈlɔp̚]
antena,[anˈtɛna]
anteng,[ˈan.təŋ]
antep,/ˈantəp/
antep,[ˈan̪.t̪əp̚]
anterior,/an.teˈri.or/
anterior,[an̪.t̪eˈri.ɔr]
antero,/anˈtero/
anteseden,[anteˈsɛdən]
antesis,/anˈtesɪs/
anti,/ˈan.ti/
anti-,/ˈan.ti/
antiandrogen,/antianˈdroɡɛn/
antiandrogen,[an̪.t̪i.anˈdro.ɡɛn]
antibakteria,/antibakteˈria/
antibakteria,[an̪.t̪i.bak̚.t̪eˈri.a]
antibatuk,/antiˈbatuk/
antibatuk,[an̪.t̪iˈba.t̪ʊk̚]
antibodi,/antiˈbodi/
antibodi,[an̪.t̪iˈbo.di]
antidot,/an.ˈti.dɔt/
antidotum,/an.tiˈdo.tʊm/
antifertilitas,/antifɛrtiˈlitas/
antifertilitas,[an̪.t̪i.fɛr.t̪iˈli.t̪as]
antigen,/an.ˈti.ɡɛn/
antigenisitas,/antiɡɛniˈsitas/
antigenisitas,[an̪.t̪i.ɡɛn.iˈsi.t̪as]
antihistamina,[antihɪstaˈmina]
antik,/an.tik/
antik,[an.tiʔ]
antikapitalis,/antikapiˈtalis/
antikapitalisme,/antikapitaˈlismə/
antiklerikalisme,/antiklerikaˈlismə/
antiklerikalisme,[an̪.t̪i.kle.ri.kaˈlis.mə]
antiklimaks,[antiˈklimaks]
antikorupsi,/antikoˈrupsi/
antikorupsi,[an̪.t̪i.koˈrup̚.si]
antikritik,/antikˈritik/
antikritik,[an̪.t̪ik̚ˈri.t̪ɪk̚]
antikuariat,[antikuaˈriat̚]
antikuitas,/antikuˈitas/
antikuitas,[an̪.t̪i.kuˈi.t̪as]
antil,/ˈantɪl/
antilipidemik,/antilipiˈdemik/
antilipidemik,[an̪.t̪i.li.piˈde.mɪk̚]
antimikroba,/antimiˈkroba/
antimonarki,/antimoˈnarki/
antimonarki,[an̪.t̪i.moˈnar.ki]
antimoni,[antiˈmoni]
antimotilitas,/antimotiˈlitas/
antimotilitas,[an̪.t̪i.mo.t̪iˈli.t̪as]
anting,/antiŋ/
anting-anting,[ˈantɪŋ ˈantɪŋ]
antinomi,/an.ti.ˈno.mi/
antinomianisme,/antinomiaˈnismə/
antinomianisme,[an̪.t̪i.no.mi.aˈnis.mə]
antioksidan,/antiokˈsidan/
antioksidan,[an̪.t̪i.ok̚ˈsi.dan]
antipati,[antiˈpati]
antipemerintah,/antipəməˈrintah/
antipemerintah,[an̪.t̪i.pə.məˈrin̪.t̪ah]
antiperistalsis,/antipərisˈtalsis/
antiperistalsis,[an̪.t̪i.pə.risˈt̪al.sɪs]
antireumatisme,/antireumaˈtismə/
antireumatisme,[an̪.t̪i.re.u.maˈt̪is.mə]
antiselip,[antisəˈlɪp̚]
antisipasi,[antisiˈpasi]
antitesis,/an.ti.ˈte.sɪs/
antitusif,/antiˈtusif/
antitusif,[an̪.t̪iˈt̪u.sɪf]
antivirus,/an.tiˈfi.rʊs/
antiwirawan,/antiwiˈrawan/
antiwirawan,[an̪.t̪i.wiˈra.wan]
antofilia,/an.to.fi.ˈli.a/
antok,/ˈantɔk̚/
antologi,[ant̪oˈloɡi]
antolong,/anˈtolɔŋ/
antonim,[anˈtɔnɪm]
antor,/ˈantɔr/
antrakosis,/antraˈkosis/
antrakosis,[an̪.t̪raˈko.sɪs]
antraks,[ˈantraks]
antrap,/ˈantrap̚/
antre,[ˈan̪t̪re]
antrean,/anˈtre.an/
antropolog,[antroˈpolɔk]
antropologi,[an.tro.poˈlo.ɡi]
antroposentrisme,/antroposɛnˈtrismə/
antroposentrisme,[an̪.t̪ro.po.sɛn̪ˈt̪ris.mə]
antuk,/ˈantuʔ/
antuk,[ˈan̪.t̪ʊʔ]
antulawo,/antuˈlawo/
antulawo,[an̪.t̪uˈla.wo]
antum,/ˈantʊm/
antung,/ˈan.tʊŋ/
antunga,/an.ˈtu.ŋa/
antusias,[antuˈsias]
anu,/ˈanu/
anu,[ˈa.nu]
anua,/a.ˈnu.a/
anudun,/a.ˈnu.dʊn/
anugerah,[anuˈɡə.rah]
anugrahamurti,[anu.ɡra.haˈmʊr.ti]
anuhuai,/a.nu.ˈhu.ai̯/
anuitas,/a.nu.ˈi.tas/
anulasi,/anuˈlasi/
anulasi,[a.nuˈla.si]
anulir,[ˈanulɪr]
anumerta,/anu.mər.ta/
anungo,/a.ˈnu.ŋo/
anuresis,/anuˈresis/
anuresis,[a.nuˈre.sɪs]
anuria,/anuˈria/
anuria,[a.nuˈri.a]
anus,/ˈanus/
anus,[ˈa.nʊs]
anut,[ˈanʊt̚]
anvian,/an.ˈvi.an/
anvil,/ˈanvil/
anvil,[ˈan.fɪl]
anweizing,/anweˈiziŋ/
anweizing,[an.weˈi.zɪŋ]
anyam,/ˈaɲam/
anyar,/ˈa.ɲar/
anyel,/ˈaɲəl/
anyel,[ˈa.ɲəl]
anyelir,[ˈaɲəlɪr]
anyir,/ˈaɲir/
anyir,[ˈa.ɲɪr]
aor,/ˈaor/
aor,[ˈa.ɔr]
aora,/a.ˈo.ra/
aorta,[ˈaɔrta]
aos,/ˈaos/
aos,[ˈa.ɔs]
aota,/a.ˈo.ta/
ap,/ˈa.pe/
ap,[ˈa.pe]
apa,/ˈapa/
apa,[ˈa.pa]
apa coba,/ˌapa ˈt͡ʃoba/
apa coba,[ˌa.pa ˈt͡ʃo.ba]
apa masalahnya,/ˌa.pa ma.saˈlah.ɲa/
apa masalahnya,[ˌa.pa ma.saˈlah.ɲa]
apa pun,/ˌapa ˈpun/
apa pun,[ˌa.pa ˈpun]
apa saja,/ˌapa ˈsad͡ʒa/
apa saja,[ˌa.pa ˈsa.d͡ʒa]
apa-apa,/ˌapa ˈapa/
apa-apa,[ˌa.pa ˈa.pa]
apa-apaan,/ˌapa aˈpaan/
apa-apaan,[ˌa.pa aˈpa.(ʔ)an]
apabila,/apaˈbila/
apabila,[a.paˈbi.la]
apak,/apaʔ/
apakah,/apa.kah/
apalagi,/apaˈlaɡi/
apalagi,[a.paˈla.ɡi]
apam,[ˈapam]
apam pinang,[ˈapam ˈpinaŋ]
apanase,/apaˈnasə/
apang,/ˈapaŋ/
aparat,/aparat/
aparatur,[apaˈra.tʊr]
aparatur sipil negara,/a.pa.ˈra.tʊr ˈsi.pɪl nə.ˈɡa.ra/
aparatus,[apaˈrat̪ʊs]
apartemen,/aˈpartəmɛn/
apartemen,[aˈpar.t̪ə.mɛn]
apartemen studio,/a.par.tə.ˈmɛn stu.ˈdi.o/
apartheid,[aparˈteɪt̚]
apati,[ˈapati]
apatis,[ˈapatɪs]
apek,/a.pɛk/
apek,/apək/
apel,/ˈapəl/
apel,/ˈapɛl/
apel,[ˈa.pəl]
apel,[ˈa.pɛl]
apem,[ˈapəm]
apen,/ˈapən/
apendektomi,/apɛndɛkˈtomi/
apendektomi,[a.pɛn.dɛk̚ˈt̪o.mi]
apendiks,[ˈapɛndɪks]
apendisitis,[apɛndiˈsitɪs]
aperitif,/apeˈritif/
aperitif,[a.peˈri.t̪ɪf]
apersepsi,[apərˈsɛpsi]
apertur,/ˈapərtur/
apertur,[ˈa.pər.t̪ʊr]
apes,/ˈapəs/
apes,[ˈa.pəs]
api,/a.ˈpe.i/
api,/ˈapi/
api,[ˈa.pi]
api unggun,/ˈapi ˈuŋ.ɡʊn/
apikultur,[apiˈkʊltʊr]
apiruwang,/apiˈruwaŋ/
apiruwang,[a.piˈru.waŋ]
apit,/ˈapit/
apit,[ˈa.pɪt̪̚]
apitan,/aˈpitan/
apitan,[aˈpi.t̪an]
apitoksin,/apiˈtoksin/
apitoksin,[a.piˈt̪ok̚.sɪn]
apiun,/ˈapiʊn/
aplasia,/aplaˈsia/
aplasia,[ap̚.laˈsi.a]
aplasia uterus,/aplaˌsia ˈutərus/
aplasia uterus,[ap̚.laˌsi.a ˈu.t̪ə.rʊs]
aplaus,/ap.la.us/
aplikan,/ap̚ˈlikan/
aplikasi,/apliˈkasi/
aplikasi,[ap̚.liˈka.si]
aplikatif,/apliˈkatɪf/
aplot,/ˈaplot/
aplot,[ˈap̚.lɔt̪̚]
aplus,[ˈaplʊs]
apnea,[ˈap̚nɛa̯]
apneu,[ˈap̚nɛu̯]
apo,/ˈapo/
apo,[ˈa.po]
apo-,[apo]
apograf,/aˈpoɡraf/
apograf,[aˈpok̚.raf]
apokalips,[apoˈka.lɪps]
apokdim,/a.ˈpɔʔ.dɪm/
apoking,/a.ˈpo.kɪŋ/
apokrifa,[apoˈkri.fa]
apolitis,[apoˈlitɪs]
apologet,/apoˈloɡɛt/
apologet,[a.poˈlo.ɡɛt̪̚]
apologetika,/apoloɡeˈtika/
apologetika,[a.po.lo.ɡeˈt̪i.ka]
apologetis,/a.po.loˈɡe.tis/
apologetis,[a.po.loˈɡe.t̪ɪs]
apologi,/apoˈloɡi/
apologia,/apoˈloɡia̯/
apopleksi,[apoˈplɛksi]
aporia,/a.po.ˈri.a/
aposisi,[apoˈsisi]
apostel,[ˈapɔstɛl]
apostil,/aˈpostil/
apostil,[aˈpos.t̪ɪl]
apostolik,[apɔsˈtolɪk̚]
apostrof,[ˈapɔstrɔf]
apotek,/aˈpotek/
apotek,[aˈpo.t̪ɛk̚]
apoteker,[apoˈtekər]
apoteosis,/apoteˈosis/
apoteosis,[a.po.t̪eˈo.sɪs]
appu,/a.pe.ˈpe.u/
apraksia,/aprakˈsia/
apraksia,[ap̚.rak̚ˈsi.a]
apresiasi,[aprɛsiˈasi]
apresiatif,/apresiˈatif/
apresiatif,[ap̚.re.siˈa.t̪ɪf]
aprikot,/apˈrikot/
aprikot,[ap̚ˈri.kɔt̪̚]
april,/ˈapril/
april,[ˈap̚.rɪl]
aprilia,/ˈaprili(j)a/
apron,/ˈap.rɔn/
aps,/a.ˈpe.ɛs/
apsara,/ap.sa.ra/
apsari,/ap̚ˈsari/
apung,[ˈapʊŋ]
apungan,/aˈpuŋan/
apungan,[aˈpuŋ.an]
apuran,[ˈapʊran]
apus,/ˈapus/
apus,[ˈa.pʊs]
ara,/ˈara/
ara,[ˈa.ra]
ara-ara,/ˈa.ra ˈa.ra/
arab,/ˈarab/
arab,[ˈa.rap̚]
arab saudi,/ˌarab ˈsau̯di/
arab saudi,[ˌa.rap̚ ˈsau̯.di]
arababu,/araˈbabu/
arah,[ˈarah]
arah jam,[ˈarah ˈd͡ʒam]
arahan,[ˈarahan]
arahat,/aˈrahat/
arahat,[aˈra.hat̪̚]
arak,/ˈa.rak/
arak,[ˈa.rak̚]
arak-arakan,/ˌarak aˈrakan/
arak-arakan,[ˌa.rak̚ aˈra.kan]
arakan,/aˈrakan/
arakan,[aˈra.kan]
araknitis,/arakˈnitis/
araknitis,[a.rak̚ˈni.t̪ɪs]
aral,/ˈaral/
aram,/ˈaram/
aram,[ˈa.ram]
aram kekaisaran,/ˌaram kəkai̯ˈsaran/
aram kekaisaran,[ˌa.ram kə.kai̯ˈsa.ran]
arambasi,/aramˈbasi/
arame,[ˈaramɛ]
arang,/ˈa.raŋ/
arang,[ˈa.raŋ]
arang aktif,/ˌaraŋ ˈaktif/
arang aktif,[ˌa.raŋ ˈak̚.t̪ɪf]
aransemen,[aransəˈmɛn]
arapota,/a.ra.ˈpo.ta/
arat,/ˈarat̚/
arbab,/ˈarbab/
arbab,[ˈar.bap̚]
arbei,/ar.bei̯/
arbiter,[arˈbitɛr]
arbitrase,[arbɪtˈrasə]
arbitrator,[arbiˈtratɔr]
arbitrer,[arˈbɪt.rɛr]
arbor,/ˈarbɔr/
arca,[ˈart͡ʃa]
arde,/ˈardə/
arde,[ˈar.də]
ardi,/ˈar.di/
ards,/a.ɛrˈde.ɛs/
ards,[a.ɛrˈde.ɛs]
are,/ˈarə/
are,[ˈa.rə]
area,[ˈarɛa]
areal,/aˈreal/
areal,[aˈre.al]
areh,/ˈarɛh/
areh,[ˈa.rɛh]
arek,/ˈarək/
arek,/ˈarɛk/
arek,[ˈa.rək̚]
arek,[ˈa.rɛk̚]
arena,[ˈarɛna]
areola,/areˈola/
areola,[a.reˈo.la]
ares,[ˈarɛs]
arestasi,[arɛsˈtasi]
arfid,/a.ɛr.ɛfˈi.de/
arfid,[a.ɛr.ɛfˈi.de]
argentum,/arˈɡentum/
argentum,[arˈɡen̪.t̪ʊm]
argiria,/arˈɡiria̯/
argirofilik,/arɡiroˈfilik/
argirofilik,[ar.ɡi.roˈfi.lɪk̚]
argo,/ˈar.ɡo/
argometer,/arˈɡomətər/
argometer,[arˈɡo.mə.t̪ər]
argon,[ˈarɡɔn]
argumen,[arˈɡumɛn]
argumentasi,[arɡumɛnˈtasi]
argumentatif,[arɡumɛnˈtatɪf]
arhir,/ˈarhir/
arhir,[ˈar.hɪr]
ari,/ˈa.ri/
aria,/aˈria/
aria,[aˈri.a]
arianisme,/ariaˈnismə/
arianisme,[a.ri.aˈnis.mə]
arid,/ˈarɪt̚/
arif,/ˈarɪf/
arigol,/ˈa.ri.ɡɔl/
aristokrasi,[arɪstoˈkrasi]
aristokrat,[arɪsˈtokrat̚]
aristokratis,[arɪstoˈkratɪs]
arit,/ˈarit/
arit,[ˈa.rɪt̪̚]
aritmatika,/a.rit.ma.ti.ka/
aritmetika,/aritmɛˈtika/
aritmetika,[a.rit̪̚.mɛˈt̪i.ka]
aritmia,[ˈarɪt̚mia̯]
arja,/ˈard͡ʒa/
arja,[ˈar.d͡ʒa]
arjer,/ˈard͡ʒɛr/
arjer,[ˈar.d͡ʒɛr]
arkade,[arˈkad̪ə]
arkais,[arˈkaɪs]
arkeolog,/arkɛˈoloɡ/
arkeolog,[ar.kɛˈo.lɔk̚]
arkeologi,[ar.ke.oˈlo.ɡi]
arktika,[ar(k)ˈtika]
arku,[ˈarku]
arkunel,/ar.ˈku.nɛl/
arkus,[ˈarkʊs]
arkus aorta,/ˈarkʊs aˈorta/
arlindo,/ar.ˈlɪn.do/
arloji,/arˈlod͡ʒi/
arloji,[arˈlo.d͡ʒi]
arloji pintar,/arˈlod͡ʒi ˈpɪntar/
armada,/arˈmada/
armada,[arˈma.da]
armatim,/ar.ˈma.tim/
armatur,/arˈmatur/
armatur,[arˈma.t̪ʊr]
armenia,[arˈmenia̯]
armida,/arˈmida/
armida,[arˈmi.da]
arminianisme,/arminiaˈnismə/
arminianisme,[ar.mi.ni.aˈnis.mə]
arnal,[ˈarnal]
arogan,[ˈaroɡan]
arogansi,[aroˈɡansi]
aroma,[ˈaroma]
arowon,/aˈrɔwɔn/
arowon,[aˈrɔ.wɔn]
arsen,[ˈarsɛn]
arsenal,[arsəˈnal]
arsenik,[arˈsɛnɪk̚]
arsip,/ˈarsip/
arsip,[ˈar.sɪp̚]
arsiparis,[arsiˈparɪs]
arsir,[ˈarsɪr]
arsitek,[arˈsi.tɛk̚]
arsitektur,[ar.siˈtɛk̚.tʊr]
art,/aˈɛr.te/
art,[aˈɛr.t̪e]
arta,/ar.ta/
artefak,[ar.təˈfak̚]
arteri,[arˈte.ri]
arteriografi,/arterioˈɡrafi/
arteriografi,[ar.t̪e.ri.oˈɡra.fi]
arteriogram,/arteriˈoɡram/
arteriogram,[ar.t̪e.riˈo.ɡram]
arteritis,/arteˈritis/
arteritis,[ar.t̪eˈri.t̪ɪs]
arterosklerosis,/artəroskleˈrosis/
arterosklerosis,[ar.t̪ə.ro.skleˈro.sɪs]
arti,/ˈar.ti/
artian,/arˈti.an/
artifisial,/artifiˈsial/
artifisial,[ar.t̪i.fiˈsi.al]
artiin,/arˈti.ʔɪn/
artikan,/arˈti.kan/
artikel,[ar.ˈti.kəl]
artikula,/ar.ti.ˈku.la/
artikulasi,[artikuˈlasi]
artileri,[artiləˈri]
artis,[ˈartɪs]
artisan,[arˈtisan]
artistik,[arˈtɪstɪk̚]
artralgia,/artralˈɡia/
artralgia,[ar.t̪ralˈɡi.a]
artritis,[arˈtritɪs]
artrogram,/arˈtroɡram/
artrogram,[arˈt̪rok̚.ram]
artrok,/ˈart.rɔk/
artropoda,/artroˈpoda/
artrosentesis,/artrosɛnˈtesis/
artrosentesis,[ar.t̪ro.sɛn̪ˈt̪e.sɪs]
artroskop,/arˈtroskop/
artroskop,[arˈt̪ros.kɔp̚]
artroskopi,/artrosˈkopi/
artroskopi,[ar.t̪rosˈko.pi]
aruan tasik,/ˈaru.an ˈta.sɪk/
arugula,/abonəmɛn/
aruh,/a.rʊh/
aruna,/ˈaruna/
arung,/ˈaruŋ/
arung,[ˈa.rʊŋ]
arunika,/a.ru.ˈni.ka/
arupadatu,[aru.paˈd̪a.t̪u]
arupera,/a.ru.ˈpe.ra/
aruris,/a.ˈru.rɪs/
arus,/ˈa.rʊs/
arus kas,/ˈarʊs ˈkas/
arus searah,/ˈa.rʊs sə.ˈa.rah/
arus utama,/ˈa.rʊs u.ˈta.ma/
arustama,/a.rʊs.ˈta.ma/
arwah,/ˈarwah/
arwah,[ˈar.wah]
arwah gentayangan,/ˈar.wah ɡən.taˈjaŋ.an/
arwah penasaran,/ˈar.wah pə.na.ˈsar.an/
arwer,/ˈarwɛr/
arya,/ˈarja/
arya,[ˈar.ja]
as,/ˈa.ɛs/
as,/ˈas/
as,[ˈas]
asa,/ˈasa/
asa,[ˈa.sa]
asah,/ˈasah/
asah,[ˈa.sah]
asai,/ˈa.sai̯/
asakue,/ˈasakue̯/
asal,/ˈa.sal/
asal-usul,/ˌasal ˈusul/
asal-usul,[ˌa.sal ˈu.sʊl]
asalamualaikum,/as.sa.ˌlam.mu.a.lajˈkum/
asam,/ˈasam/
asam,[ˈa.sam]
asam absisat,/ˌa.sam abˈsi.sat/
asam absisat,[ˌa.sam ap̚ˈsi.sat̪̚]
asam amino,/ˈasam ˈamino/
asam asetat,/ˌasam aˈsetat/
asam asetat,[ˌa.sam aˈse.t̪at̪̚]
asam askorbat,/ˌasam asˈkorbat/
asam askorbat,[ˌa.sam asˈkor.bat̪̚]
asam cuka,/ˈasam ˈt͡ʃuka/
asam folat,/ˈasam ˈfo.lat̚/
asam jawa,/ˌasam ˈd͡ʒawa/
asam jawa,[ˌa.sam ˈd͡ʒa.wa]
asam klorida,/ˌasam kloˈrida/
asam klorida,[ˌa.sam kloˈri.da]
asam laktat,/ˈasam ˈlaktat̚/
asam lemak,/ˈasam ləˈmak̚/
asam nitrat,/ˈasam ˈnitrat̚/
asam nukleat,/ˈasam nuˈklɛat/
asam sulfat,/ˈasam ˈsʊlfat/
asam urat,/ˌa.sam ˈu.rat/
asam urat,[ˌa.sam ˈu.rat̪̚]
asana,/aˈsana/
asana,[aˈsa.na]
asap,/ˈasap/
asap,[ˈa.sap̚]
asapi,/aˈsapi/
asapi,[aˈsa.pi]
asas,/ˈasas/
asas,[ˈa.sas]
asasi,/aˈsasi/
asasi,[aˈsa.si]
asat,/ˈasat̚/
asava,/aˈsava/
asava,[aˈsa.fa]
asbabulwurud,/as.ba.bʊl.ˈwu.rʊt/
asbak,/as.bak/
asbes,[ˈasbɛs]
asbun,/as.bun/
asbuton,/as.ˈbu.tɔn/
asdos,[ˈas.d̪ɔs]
asean,/aˈsɛan/
asean,[aˈsɛ.an]
asem,[ˈasəm]
aseng,/ˈaseŋ/
aseng,[ˈa.sɛŋ]
asersi,/aˈsɛrsi/
asersi,[aˈsɛr.si]
asertif,/aˈsɛrtif/
asertif,[aˈsɛr.t̪ɪf]
asese,/aˈsese/
asese,[aˈse.se]
asesi,/aˈsesi/
asesi,[aˈse.si]
asesmen,/asɛsmən/
asesor,[ˈasesɔr]
aset,[ˈasɛt̚]
aset lancar,[ˈasɛt̚ ˈlant͡ʃar]
asetabulum,/asetaˈbulum/
asetabulum,[a.se.t̪aˈbu.lʊm]
asetat,/aˈsetat/
asetat,[aˈse.t̪at̪̚]
asetilasi,/asetiˈlasi/
asetilasi,[a.se.t̪iˈla.si]
asetilen,/a.seˈti.lɛn/
asetilena,/a.se.tiˈle.na/
asetilkolina,/asətilkoˈlina/
asetilkolina,[a.sə.t̪il.koˈli.na]
aseton,/ˈasəton/
aseton,[ˈa.sə.t̪ɔn]
asetonuria,/a.se.to.nuˈri.a/
asetonuria,[a.se.t̪o.nuˈri.a]
asfiksia,/asfikˈsia/
asfiksia,[as.fik̚ˈsi.a]
asi,/ˈa.si/
asi,/ˈasi/
asi,[ˈa.si]
asia tengah,/aˌsia təˈŋah/
asia tengah,[aˌsi.a t̪əˈŋah]
asid,/ˈasɪt/
asidosis,/asiˈdosis/
asidosis,[a.siˈdo.sɪs]
asidulan,/asi.ˈdu.lan/
asil,[ˈasɪl]
asimetri,[asiˈmɛtri]
asimilasi,[asi.miˈla.si]
asimtomatik,/asimtoˈmatik/
asimtomatik,[a.sim.t̪oˈma.t̪ɪk̚]
asimtot,/aˈsimtot/
asimtot,[aˈsim.t̪ɔt̪̚]
asin,/ˈasin/
asin,[ˈa.sɪn]
asinan,/ˈasɪnan/
asing,[ˈasɪŋ]
asinkron,/aˈsinkron/
asinkron,[aˈsin.krɔn]
asinkronus,/a.sɪn.ˈkrɔn.ʊs/
asinus,/aˈsinus/
asinus,[aˈsi.nʊs]
asiri,/ˈasiri/
asisten,/aˈsistɛn/
asisten,[aˈsis.t̪ɛn]
asisten ahli,/ˈasɪstɛn ˈahli/
asisten rumah tangga,[aˈsɪstɛn ˈrumah ˈtaŋɡa]
asistensi,[asɪsˈt̪ɛnsi]
asistol,/a.ˈsɪs.tɔl/
asites,[ˈasitəs]
asjetan,/as.ˈd͡ʒe.tan/
asji,[ˈasd͡ʒi]
askasdam,/as.ˈkas.dam/
askese,/askesə/
asket,/ˈas.kɛt/
asketisme,/askeˈtismə/
asketisme,[as.keˈt̪is.mə]
aslesar,/asˈlesar/
aslesar,[asˈle.sar]
asli,/ˈasli/
asli,[ˈas.li]
aslosin,/as.ˈlo.sɪn/
asma,/ˈasma/
asmara,/as.ma.ra/
asmaradahana,[as.ma.ra.daˈha.na]
asmaraguna,/as.ma.ra.ˈɡu.na/
asn,/a.ˈɛs.ɛn/
asonansi,[asoˈnansi]
asonisoni,/a.so.ni.ˈso.ni/
asor,/ˈasor/
asor,[ˈa.sɔr]
asosial,[asoˈsial]
asosiasi,[asosiˈasi]
asosiatif,/asosiˈatif/
asosiatif,[a.so.siˈa.t̪ɪf]
aspal,/ˈaspal/
aspal,[ˈas.pal]
aspal buton,/ˈas.pal ˈbu.tɔn/
aspd,/a.ɛsˈpe.de/
aspd,[a.ɛsˈpe.de]
aspek,[ˈaspɛk̚]
asperger,/ˈaspərɡər/
asperger,[ˈas.pər.ɡər]
aspergilosis,/as.pər.ɡi.ˈlo.sɪs/
aspergilum,/aspərˈɡilum/
aspergilum,[as.pərˈɡi.lʊm]
aspermia,/aspɛrˈmia/
aspermia,[a.spɛrˈmi.a]
aspiran,/asˈpiran/
aspiran,[asˈpi.ran]
aspirasi,/aspiˈrasi/
aspirasi,[as.piˈra.si]
aspirator,/aspiˈrator/
aspirator,[as.piˈra.t̪ɔr]
aspirin,[asˈpirɪn]
asplenia,/aspləˈnia/
asplenia,[as.pləˈni.a]
asprak,/ˈasprak/
asprak,[ˈas.prak̚]
asrama,/asˈrama/
asrama,[asˈra.ma]
asri,/ˈasri/
asri,[ˈas.ri]
asrok,/ˈas.rɔk/
asta-,[asta]
astabrata,[ˈastaˈbrata]
astacala,/astaˈt͡ʃala/
astacala,[as.t̪aˈt͡ʃa.la]
astaka,[asˈt̪aka]
astakona,/astaˈkona/
astakona,[as.t̪aˈko.na]
astana,/as.ta.na/
astasari,[ˈasta ˈsari]
astasia,/astaˈsia/
astasia,[as.t̪aˈsi.a]
astenia,[asˈtenia̯]
astenik,/asˈtenik/
astenik,[asˈt̪e.nɪk̚]
astenopia,/astenoˈpia/
astenopia,[as.t̪e.noˈpi.a]
astereognosis,/astereoˈɡnosis/
astereognosis,[a.st̪e.re.oˈɡno.sɪs]
asteriksis,/asteˈriksis/
asteriksis,[as.t̪eˈrik̚.sɪs]
asteris,/astəˈrɪs/
asteroid,[asteˈroɪt̚]
astigmatisme,/astiɡmaˈtismə/
astigmatisme,[as.t̪ik̚.maˈt̪is.mə]
astral,[ˈastral]
astrologi,[as.troˈlo.ɡi]
astronaut,/astroˈnaut/
astronaut,/asˈtrɔnɔt/
astronaut,[as.t̪roˈna.ʊt̪̚]
astronaut,[asˈt̪rɔ.nɔt̪̚]
astronautika,/astronau̯ˈtika/
astronautika,[as.t̪ro.nau̯ˈt̪i.ka]
astronomi,[as.troˈno.mi]
astronomis,/astroˈnomis/
astronomis,[as.t̪roˈno.mɪs]
astrositoma,/astrosiˈtoma/
astrositoma,[as.t̪ro.siˈt̪o.ma]
astungkara,[astʊŋˈkara]
asu,/ˈasu/
asu,[ˈa.su]
asuh,/ˈasuh/
asuh,[ˈa.sʊh]
asuhan,/a.ˈsʊh.an/
asuhan kebidanan,/a.ˈsʊh.an kə.bi.ˈdan.an/
asul-asul,/ˈasʊl ˈasʊl/
asumsi,/aˈsʊmsi/
asupan,/aˈsupan/
asupan,[aˈsu.pan]
asurador,[asuˈradɔr]
asuransi,/asuˈransi/
asuransi,[a.suˈran.si]
asuransi jiwa,[asuˈransi ˈd͡ʒiwa]
asuransi kecelakaan,/a.suˌran.si kə.t͡ʃə.laˈka.an/
asuransi kecelakaan,[a.suˌran.si kə.t͡ʃə.laˈka.(ʔ)an]
asuransi kewajiban,/a.suˌran.si kə.waˈd͡ʒi.ban/
asuransi kewajiban,[a.suˌran.si kə.waˈd͡ʒi.ban]
asuransi segala risiko,/a.suˌran.si səˌɡa.la riˈsi.ko/
asuransi segala risiko,[a.suˌran.si səˌɡa.la riˈsi.ko]
asusila,[asuˈsila]
aswa,/as.wa/
asyik,/a.sɪk/
asyik,/a.ʃɪk/
asyik,/as.jɪk/
asyura,/aˈʃura/
asyura,[aˈʃu.ra]
ataksia,/atakˈsia/
ataksia,[a.t̪ak̚ˈsi.a]
atan,/ˈatan/
ataninai,/a.ta.ni.ˈna.i/
atap,[ˈatap̚]
atas,/ˈatas/
atas,[ˈa.t̪as]
atase,[ˈatase]
atau,/ˈatau̯/
atau,[ˈa.t̪au̯]
atavisme,[ataˈvɪsmə]
ate,/ˈate/
ate,[ˈa.t̪e]
ateis,[ˈateɪs]
ateisme,/ateˈɪsmə/
atela,/atə.ˈla/
atelia,/ateˈlia/
atelia,[a.t̪eˈli.a]
atelir,[atəˈlɪr]
atena,/aˈtena/
atena,[aˈt̪e.na]
atensi,[ˈatɛnsi]
ateret,[atəˈrɛt̚]
aterogenesis,/ateroɡeˈnesis/
aterogenesis,[a.t̪e.ro.ɡeˈne.sɪs]
ates,[ˈatɛs]
atestasi,/atesˈtasi/
atestasi,[a.t̪esˈt̪a.si]
athena,/aˈtena/
athena,[aˈt̪e.na]
athg,/a.te.ˈha.ɡe/
ati-ati,/ˌati ˈati/
ati-ati,[ˌa.t̪i ˈa.t̪i]
atipik,/aˈtipik/
atipik,[aˈt̪i.pɪk̚]
atipikal,/atiˈpikal/
atipikal,[a.t̪iˈpi.kal]
atk,/a.ˈte.ka/
atlas,[at̚las]
atlet,[ˈatlɛt]
atletik,[atˈlɛtɪk]
atletis,[atləˈtɪs]
atm,[aˈt̪e.(ʔ)ɛm]
atma,/ˈatma/
atma,[ˈat̪̚.ma]
atmosfer,[at̪̚ˈmɔsfɛr]
atmosferis,/atmɔsˈfɛrɪs/
ato-,/ato/
atol,[ˈatɔl]
atom,/ˈatɔm/
atomisme,/a.tɔm.ˈɪs.mə/
atonemen,[atoˈnɛ.mən]
atonia,/atoˈnia/
atonia,[a.t̪oˈni.a]
atorvastatin,/atorvasˈtatin/
atorvastatin,[a.t̪or.fasˈt̪a.t̪ɪn]
atpm,/a.teˈpe.ɛm/
atpm,[a.t̪eˈpe.ɛm]
atraksi,[aˈtraksi]
atraktif,[aˈtraktɪf]
atresia,/atreˈsia/
atresia,[a.t̪reˈsi.a]
atribusi,[atriˈbusi]
atribut,[atˈri.bʊt]
atributif,[atriˈbutɪf]
atrioventrikel,/atriovɛnˈtrikəl/
atrioventrikel,[a.t̪ri.o.fɛn̪ˈt̪ri.kəl]
atrium,[at̚ˈriʊm]
atrofi,[aˈtrofi]
atur,/ˈatur/
atur,[ˈa.t̪ʊr]
aturan,/aˈturan/
aturan,[aˈt̪u.ran]
aturan turunan,/ˈatu.ran tu.ˈrʊn.an/
aturkan,/aˈturkan/
aturkan,[aˈt̪ur.kan]
aturkanlah,/aturˈkanlah/
aturkanlah,[a.t̪urˈkan.lah]
au,/ˈa.u/
au,[ˈa.u]
aubade,[au̯ˈbadə]
auban,/au.ban/
audial,/au̯ˈdial/
audial,[au̯ˈdi.al]
audiens,[audiˈɛns]
audiensi,[au̯diˈɛnsi]
audio,[ˈau̯dio]
audiometer,/au̯dioˈmetər/
audiometer,[au̯.di.oˈme.t̪ər]
audiometri,/au̯.di.o.ˈme.tri/
audiovisual,/ʔau̯.di.o.fiˈsu.al/
audisi,[au̯ˈdisi]
audit,/aˈudit/
audit,[aˈu.dɪt̪̚]
audite,/au̯.ˈdi.te/
auditor,[au̯ˈd̪itɔr]
auditori,/au̯.di.ˈto.ri/
auditorium,/au̯ditoˈrium/
auditorium,[au̯.di.t̪oˈri.ʊm]
auksi,[ˈaʊksi]
aula,/ˈau̯la/
aula,[ˈau̯.la]
aulia,/ˈauli(j)a/
aum,/ˈaum/
aum,[ˈa.ʊm]
auman,/aˈuman/
auman,[aˈu.man]
aura,/ˈau̯ra/
aura,[ˈau̯.ra]
auri,/aˈuri/
auri,[aˈu.ri]
ausbau,/aˈusbau̯/
ausbau,[aˈus.bau̯]
auskultasi,[aʊs.kʊlˈta.si]
australia,[aus.tra.li.ja]
austria,/aʊsˈtria/
autan,/ˈau̯tan/
autan,[ˈau̯.t̪an]
autarki,[au̯ˈtarki]
autentik,[au̯ˈtɛntɪk]
autentisitas,[au̯tɛnˈsitas]
autis,/aˈutis/
autis,[aˈu.t̪ɪs]
autisme,/auˈtismə/
autisme,[a.uˈt̪is.mə]
autistik,/auˈtistik/
autistik,[a.uˈt̪is.t̪ɪk̚]
autistis,/auˈtistis/
autistis,[a.uˈt̪is.t̪ɪs]
auto-,[au̯to]
autoanamnesis,/au̯toanamˈnesis/
autoanamnesis,[au̯.t̪o.a.namˈne.sɪs]
autoantibodi,/autoantiˈbodi/
autoantibodi,[a.u.t̪o.an̪.t̪iˈbo.di]
autobiograf,[au̯tobiˈoɡraf]
autobiografi,[au̯tobioˈɡrafi]
autobiografis,[au̯tobioˈɡrafɪs]
autodidak,[au̯toˈdidak̚]
autogen,[au̯ˈtoɡɛn]
autograf,[au̯ˈtoɡraf]
autografi,/autoɡˈrafi/
autografi,[a.u.t̪ok̚ˈra.fi]
autohipnosis,/autohipˈnosis/
autohipnosis,[a.u.t̪o.hip̚ˈno.sɪs]
autoimun,/autoˈimun/
autoimun,[a.u.t̪oˈi.mʊn]
autoimunitas,[au̯toimuˈnitas]
autoinfeksi,/au̯toinˈfɛksi/
autoinfeksi,[au̯.t̪o.inˈfɛk̚.si]
autoinjektor,/autoinˈd͡ʒektor/
autoinjektor,[a.u.t̪o.iɲˈd͡ʒek̚.t̪ɔr]
autoklaf,[au̯ˈtoklaf]
autokrasi,/autokrasi/
autokrat,/autokrat̚/
autokratis,/autokˈratis/
autokratis,[a.u.t̪ok̚ˈra.t̪ɪs]
autolisis,/autoˈlisis/
autolisis,[a.u.t̪oˈli.sɪs]
autolitografi,/autolitoɡˈrafi/
autolitografi,[a.u.t̪o.li.t̪ok̚ˈra.fi]
automasi,/awtoˈmasi/
automobil,[au̯toˈmobɪl]
autopagnosia,/autopaɡnoˈsia/
autopagnosia,[a.u.t̪o.pak̚.noˈsi.a]
autopsi,[au̯tɔpsi]
autopsi,[otɔpsi]
autotoksin,[au̯toˈtɔksɪn]
autotomi,/autoˈtomi/
autotomi,[a.u.t̪oˈt̪o.mi]
autotransfusi,/autotransˈfusi/
autotransfusi,[a.u.t̪ot̪̚.ransˈfu.si]
autotransplantasi,/autotransplanˈtasi/
autotransplantasi,[a.u.t̪ot̪̚.rans.plan̪ˈt̪a.si]
autotrof,/au̯.to.trof/
avaskular,/avasˈkular/
avaskular,[a.fasˈku.lar]
avatar,/aˈvatar/
avatar,[aˈfa.t̪ar]
avatara,/avaˈtara/
avatara,[a.faˈt̪a.ra]
averoisme,/a.ve.ro.ˈɪs.mə/
aversi,[ˈavɛrsi]
aviditas,/a.vi.ˈdi.tas/
avionika,/avioˈnika/
avionika,[a.fi.oˈni.ka]
avitaminosis,/avitamiˈnosis/
avitaminosis,[a.fi.t̪a.miˈno.sɪs]
avokad,[afokat̚]
avokad,[avokat̚]
avtur,/ˈaftʊr/
avtur,/ˈap̚tʊr/
avulsi,/aˈvulsi/
avulsi,[aˈful.si]
avuso,/aˈvuso/
avuso,[aˈfu.so]
awaagama,/a.wa.a.ˈɡa.ma/
awadara,/awaˈdara/
awadara,[a.waˈda.ra]
awahama,/awaˈhama/
awahama,[a.waˈha.ma]
awak,/ˈawak/
awak,/ˈawaʔ/
awak,[ˈa.wak̚]
awak,[ˈa.waʔ]
awak-awak,/abonəmɛn/
awal,/ˈawal/
awal,[ˈa.wal]
awalan,/aˈwalan/
awalan,[aˈwa.lan]
awalnya,/a.walˈɲa/
awam,/ˈawam/
awam,[ˈa.wam]
awamineral,/awaˈminəral/
awamineral,[a.waˈmi.nə.ral]
awan,/ˈawan/
awan,[ˈa.wan]
awanama,/awaˈnama/
awanama,[a.waˈna.ma]
awang,/ˈawaŋ/
awang,[ˈa.waŋ]
awang-awang,/ˌawaŋ ˈawaŋ/
awang-awang,[ˌa.waŋ ˈa.waŋ]
awar,/ˈawar/
awar,[ˈa.war]
awaracun,/awaˈrat͡ʃun/
awaracun,[a.waˈra.t͡ʃʊn]
awas,/ˈawas/
awas,[ˈa.was]
awaskan,/aˈwaskan/
awaskan,[aˈwas.kan]
awat,/a.wat/
awatara,/awaˈtara/
awatara,[a.waˈt̪a.ra]
awelat,/a.ˈwe.lat̚/
awet,/ˈa.wɛt/
awetan,/a.ˈwɛt.an/
awitan,/aˈwitan/
awitan,[aˈwit̪̚.an]
awo,/ˈawo/
awo,[ˈa.wo]
awota,/ˈawo.ta/
aws,/aˈwe.ɛs/
aws,[aˈwe.ɛs]
awuhu,/aˈwuhu/
awuhu,[aˈwu.hu]
awur,/ˈawur/
awur,[ˈa.wʊr]
awuta,/ˈawu.ta/
ayah,/a.jah/
ayah biologis,/ˌajah bioˈloɡis/
ayah biologis,[ˌa.jah bi.oˈlo.ɡɪs]
ayah kandung,/ˌajah ˈkanduŋ/
ayah kandung,[ˌa.jah ˈkan.dʊŋ]
ayak,/ˈajak/
ayak,[ˈa.jak̚]
ayakan,/aˈjakan/
ayakan,[aˈja.kan]
ayal,/ˈajal/
ayal,[ˈa.jal]
ayam,/ˈajam/
ayam,[ˈa.jam]
ayam goreng,[ˈajam ˈɡorɛŋ]
ayam jantan,/ˈajam ˈd͡ʒantan/
ayam jantan dewasa,/ˈajam ˈd͡ʒantan deˈwasa/
ayam jantan muda,/ˈajam ˈd͡ʒantan ˈmuda/
ayam kampus,/ˌa.jam ˈkam.pus/
ayam kampus,[ˌa.jam ˈkam.pʊs]
ayam karage,/ˈajam kaˈraɡe/
ayam kedu hitam,/ˈajam kəˈdu ˈhitam/
ayam negeri,[ˈajam nəɡəˈri]
ayam pedaging,[ˈajam pəˈdaɡɪŋ]
ayam peranggang,/ˌajam pəˈraŋɡaŋ/
ayam peranggang,[ˌa.jam pəˈraŋ.ɡaŋ]
ayam ras,/ˈajam ˈras/
ayan,/ˈajan/
ayan,[ˈa.jan]
ayanginahe,/aja.ŋi.ˈna.hə/
ayat,/ˈajat/
ayat,[ˈa.jat̪̚]
ayem,[ˈajəm]
ayer,/ˈajər/
ayer,[ˈa.jər]
ayeuh,/aˈjəh/
ayeuh,/aˈjɤh/
ayo,/ˈajo/
ayo,[ˈa.jo]
ayolah,/ajoˈlah/
ayolah,/aˈjolah/
ayolah,[a.joˈlah]
ayolah,[aˈjo.lah]
ayom,[ˈajɔm]
ayomas,/a.ˈjo.mas/
ayu,[ˈaju]
ayub,/ˈajub/
ayub,[ˈa.jʊp̚]
ayun,/ˈajʊn/
ayunan,/aˈju.nan/
ayunda,/aˈjunda/
ayunda,[aˈjun.da]
ayunkan,/aˈjun.kan/
azan,/ˈazan/
azan,[ˈa.zan]
azerbaijan,/azərˈbai̯d͡ʒan/
azerbaijan,[a.zərˈbai̯.d͡ʒan]
azimat,[ˈazimat̪̚]
azimut,/aˈzimut/
azimut,[aˈzi.mʊt̪̚]
azimut balik,/ˈazi.mʊt ˈba.lɪk/
azotemia,/azoteˈmia/
azotemia,[a.zo.t̪eˈmi.a]
azuki,[ˈazuki]
b,/b/
b,/be/
b3,/be.ˈti.ɡa/
ba,/ˈba/
ba,/ˈbe.a/
ba,[ˈba]
ba,[ˈbe.a]
baawu,/baˈawu/
baawu,[baˈa.wu]
bab,/beˈa.be/
bab,/ˈbab/
bab,[beˈa.be]
bab,[ˈbap̚]
baba,/ˈba.ba/
babad,/ˈbabat̚/
babahak,/ba.ba.hak/
babak,/ˈbabak/
babak,[ˈba.bak̚]
babango,/ba.ˈba.ŋo/
babar,/ˈbabar/
babar,[ˈba.bar]
babat,[ˈbabat̚]
babatan,/ba.ˈbat.an/
babaun,/ba.ˈba.ʊn/
babel,/ˈbabəl/
babel,[ˈba.bəl]
babelan,/ba.ˈbe.lan/
babelih,/ba.bə.ˈlɪh/
babi,/ˈbabi/
babi,[ˈba.bi]
babinsa,/baˈbinsa/
babinsa,[baˈbin.sa]
babit,/ba.bɪt/
babka,/ˈbap.ka/
bablas,[ˈbap̚las]
babo,/ˈba.bo/
babon,/ˈbabon/
babon,[ˈba.bɔn]
babu,/ˈbabu/
baca,/ˈbat͡ʃa/
baca,[ˈba.t͡ʃa]
baca-baca,/ˌbat͡ʃa ˈbat͡ʃa/
baca-baca,[ˌba.t͡ʃa ˈba.t͡ʃa]
bacaan,/baˈt͡ʃaan/
bacaan,[baˈt͡ʃa.(ʔ)an]
bacai,/baˈt͡ʃai/
bacai,[baˈt͡ʃa.i]
bacain,/baˈt͡ʃain/
bacain,/baˈt͡ʃaʔin/
bacain,[baˈt͡ʃa.ɪn]
bacain,[baˈt͡ʃa.ʔɪn]
bacakan,/baˈt͡ʃakan/
bacakan,[baˈt͡ʃa.kan]
bacang,/ˈbat͡ʃaŋ/
bacang,[ˈba.t͡ʃaŋ]
bacem,/ˈbat͡ʃəm/
bacem,[ˈba.t͡ʃəm]
bacok,/ˈba.t͡ʃɔʔ/
bacot,/batʃɔt/
bad,/ˈbat̚/
badai,/ˈbadai̯/
badai,[ˈba.dai̯]
badai sitokin,/ˌba.dai̯ siˈto.kin/
badai sitokin,[ˌba.dai̯ siˈt̪o.kɪn]
badak,/ˈbadak/
badak,[ˈba.dak̚]
badak air,/ˌbadak ˈair/
badak air,[ˌba.dak̚ ˈa.ɪr]
badam,/ˈbadam/
badan,/ˈbadan/
badan,[ˈba.dan]
badan anggaran,/ˌba.dan aŋˈɡa.ran/
badan anggaran,[ˌba.dan aŋˈɡa.ran]
badan hukum,/ˈbadan ˈhukʊm/
badan pekerja,/ˈba.dan pə.kər.ˈd͡ʒa/
badan pesawat,/ˌbadan pəˈsawat/
badan pesawat,[ˌba.dan pəˈsa.wat̪̚]
badan usaha,/ˌbadan uˈsaha/
badan usaha,[ˌba.dan uˈsa.ha]
badan usaha milik negara,/ˌba.dan uˌsa.ha ˌmi.lik nəˈɡa.ra/
badan usaha milik negara,[ˌba.dan uˌsa.ha ˌmi.lɪk̚ nəˈɡa.ra]
badar,/ˈbadar/
badar,[ˈba.dar]
badare,/ba.ˈda.rə/
badek,/ˈba.dək/
badenga,/ba.ˈde.ŋa/
badi,/ˈbadi/
badola,/ba.ˈdo.la/
badug,/ˈbaduɡ/
badug,[ˈba.dʊk̚]
baduk,/ˈbaduk/
baduk,[ˈba.dʊk̚]
badul,/ˈba.dʊl/
badut,/ˈba.dʊt̚/
baduyut,/baˈdu.jut/
baduyut,[baˈdu.jʊt̪̚]
baftah,/ˈbaftah/
bagai,/baɡai̯/
bagaikan,/baɡaˈikan/
bagaikan,[ba.ɡaˈi.kan]
bagan,/ˈba.ɡan/
bagan alir,/ˈba.ɡan ˈalɪr/
bagan arus,/ˈba.ɡan ˈalɪr/
bagasi,/baˈɡasi/
bagasi,[baˈɡa.si]
bagel,/ˈbaɡəl/
bagi,/ˈbaɡi/
bagi,[ˈba.ɡi]
bagi-bagi,/ˌbaɡi ˈbaɡi/
bagi-bagi,[ˌba.ɡi ˈba.ɡi]
bagian,/baˈɡian/
bagian,[baˈɡi.an]
bagikan,/baˈɡikan/
bagikan,[baˈɡi.kan]
baginda,/baˈɡinda/
baginda,[baˈɡin.da]
bagong,/ˈbaɡoŋ/
bagong,[ˈba.ɡɔŋ]
bagus,/ˈbaɡus/
bagus,[ˈba.ɡʊs]
bagusin,/baˈɡu.sin/
bagusin,[baˈɡu.sɪn]
baguskan,/baˈɡuskan/
baguskan,[baˈɡus.kan]
bah,/ˈbah/
bah,[ˈbah]
bahadur,/baˈhadur/
bahadur,[baˈha.dʊr]
bahagia,/bahaˈɡia/
bahagia,[ba.haˈɡi.a]
bahan,/ˈbahan/
bahan,[ˈba.han]
bahan bakar,/ˌbahan ˈbakar/
bahan bakar,[ˌba.han ˈba.kar]
bahan bakar minyak,/ˌbahan ˌbakar ˈmiɲak/
bahan bakar minyak,[ˌba.han ˌba.kar ˈmi.ɲak̚]
bahan makanan,/ˌba.han maˈka.nan/
bahan makanan,[ˌba.han maˈka.nan]
bahan peledak,/ˌba.han ˈpə.lə.dak/
bahan peledak,[ˌba.han ˈpə.lə.dak̚]
bahana,/baˈhana/
bahana,[baˈha.na]
bahang,[ˈbahaŋ]
bahar,/ˈbahar/
bahar,[ˈba.har]
bahari,/baˈhari/
bahari,[baˈha.ri]
baharu,/baˈharu/
baharu,[baˈha.ru]
bahas,/ˈbahas/
bahas,[ˈba.has]
bahasa,/baˈhasa/
bahasa,[baˈha.sa]
bahasa alami,/baˌhasa aˈlami/
bahasa alami,[baˌha.sa aˈla.mi]
bahasa alamiah,/baˌhasa alaˈmiah/
bahasa alamiah,[baˌha.sa a.laˈmi.ah]
bahasa asli,/baˌhasa ˈasli/
bahasa asli,[baˌha.sa ˈas.li]
bahasa baku,/baˌhasa ˈbaku/
bahasa baku,[baˌha.sa ˈba.ku]
bahasa dagang,/baˌhasa ˈdaɡaŋ/
bahasa dagang,[baˌha.sa ˈda.ɡaŋ]
bahasa komputer,/baˌhasa komˈputər/
bahasa komputer,[baˌha.sa komˈpu.t̪ər]
bahasa pasar,/baˌhasa ˈpasar/
bahasa pasar,[baˌha.sa ˈpa.sar]
bahasa perantara,/baˌhasa pəranˈtara/
bahasa perantara,[baˌha.sa pə.ran̪ˈt̪a.ra]
bahasa pertama,/baˌhasa pərˈtama/
bahasa pertama,[baˌha.sa pərˈt̪a.ma]
bahasa planet,/baˌhasa ˈplanet/
bahasa planet,[baˌha.sa ˈpla.nɛt̪̚]
bahasa rakit,/baˌhasa ˈrakit/
bahasa rakit,[baˌha.sa ˈra.kɪt̪̚]
bahasa rakitan,/baˌhasa raˈkitan/
bahasa rakitan,[baˌha.sa raˈki.t̪an]
bahasa standar,/baˌhasa ˈstandar/
bahasa standar,[baˌha.sa ˈst̪an.dar]
bahasa sulung,/baˌhasa ˈsuluŋ/
bahasa sulung,[baˌha.sa ˈsu.lʊŋ]
bahasa terbukti,/baˌhasa tərˈbukti/
bahasa terbukti,[baˌha.sa t̪ərˈbuk̚.t̪i]
bahasa tonal,/baˈhasa ˈtonal/
bahaya,/baˈhaja/
bahkan,/ˈbahkan/
bahkan,[ˈbah.kan]
bahlul,[ˈbahlʊl]
bahtera,/bah.tə.ra/
bahu,/ˈbä.hu/
bahu jalan,/ˌbahu ˈd͡ʒalan/
bahu jalan,[ˌba.hu ˈd͡ʒa.lan]
bahwa,/ˈbahwa/
bahwa,[ˈbah.wa]
baiduri,/bai̯.du.ri/
baik,/ˈbaik/
baik,[ˈba.ɪk̚]
baiklah,/baˈik.lah/
bais,/ˈbais/
bais,[ˈba.ɪs]
bait,/ˈba.it/
bait,[ˈba.ɪt̪̚]
baja,/ˈbad͡ʒa/
baja,[ˈba.d͡ʒa]
bajah,/ˈba.d͡ʒah/
bajaj,/ˈba.dʒai̯/
bajak,/ˈbad͡ʒak/
bajak,[ˈba.d͡ʒak̚]
bajan kaki,/ˈbad͡ʒan ˈkaki/
baji,[ˈbad͡ʒi]
bajing,/ˈba.d͡ʒɪŋ/
bajing loncat,/ˌbad͡ʒiŋ ˈlont͡ʃat/
bajing loncat,[ˌba.d͡ʒɪŋ ˈloɲ.t͡ʃat̪̚]
bajingan,/baˈd͡ʒiŋan/
bajingan,[baˈd͡ʒi.ŋan]
baju,[ˈbad͡ʒu]
bak,/bak/
bak,/be.a.ka/
bak,/bɑk/
bak mandi,/ˌbak ˈmandi/
bak mandi,[ˌbak̚ ˈman.di]
baka,/ˈbaka/
baka,[ˈba.ka]
bakal,/ˈbakal/
bakal,[ˈba.kal]
bakal biji,/ˌbakal ˈbid͡ʒi/
bakal biji,[ˌba.kal ˈbi.d͡ʒi]
bakal buah,/ˌbakal ˈbuah/
bakal buah,[ˌba.kal ˈbu.ah]
bakal calon,/ˈbakal ˈt͡ʃalɔn/
bakal pelanting,/ˌba.kal pəˈlan.tiŋ/
bakal pelanting,[ˌba.kal pəˈlan̪.t̪ɪŋ]
bakalaureat,[bakalau̯ˈreat̚]
bakar,/ˈbakar/
bakar,[ˈba.kar]
bakarat,[baˈkarat̚]
bakat,/ˈbakat/
bakat,[ˈba.kat̪̚]
bakau,/ˈbakau̯/
bakau,[ˈba.kau̯]
bakcang,/ˈbaʔt͡ʃaŋ/
bakcang,[ˈbaʔ.t͡ʃaŋ]
bakeri,/bakəˈri/
bakero,/bakero/
bakh,/ˈbax/
bakhil,/ˈbaxil/
bakhil,[ˈba.xɪl]
baki,/ˈbaki/
baki,[ˈba.ki]
bakiak,/baˈkiaʔ/
bakiak,[baˈki.aʔ]
bakmi,/ˈbaʔmi/
bakmi,[ˈbaʔ.mi]
bako,/ˈbako/
bako,[ˈba.ko]
bakor,/ˈbakɔr/
bakor,[ˈba.kɔr]
bakpao,/ˈbaʔpau̯/
bakpao,[ˈbaʔ.pau̯]
bakpau,/bak.paʊ̯/
bakpia,/baʔˈpia/
bakpia,[baʔˈpi.a]
baksis,/ˈbaksis/
baksis,[ˈbak̚.sɪs]
bakso,/ˈbaʔso/
bakso,[ˈbaʔ.so]
baksos,/ˈbaksos/
baksos,[ˈbak̚.sɔs]
baktau,/bak.taʊ̯/
bakteremia,/baktereˈmia/
bakteremia,[bak̚.t̪e.reˈmi.a]
bakteri,/bakˈteri/
bakteri,[bak̚ˈt̪e.ri]
bakteriologi,[bak.te.ri.oˈlo.ɡi]
bakteriuria,/bakteriuˈria/
bakteriuria,[bak̚.t̪e.ri.uˈri.a]
bakti,/ˈbakti/
bakti,[ˈbak̚.t̪i]
baku,/ˈbaku/
baku,[ˈba.ku]
bakul,/ˈbakul/
bakul,[ˈba.kʊl]
bakwan,/baʔwan/
bal,/ˈbal/
bal,[ˈbal]
bala,/ˈbala/
bala,[ˈba.la]
balabad,/baˈlabat̚/
balado,[baˈlado]
balai,/baˈlai/
balai,/ˈbalai̯/
balai,[baˈla.i]
balai,[ˈba.lai̯]
balai agung,/ˌba.lai̯ ˈa.ɡuŋ/
balai agung,[ˌba.lai̯ ˈa.ɡʊŋ]
balai banjar,[ˈbalai̯ ˈbaɲd͡ʒar]
balai bengong,[ˈbalai̯ bəˈŋɔŋ]
balai harta peninggalan,/ˈbalai ˈharta pənɪŋˈɡalan/
balairung,/baˈlai̯ruŋ/
balairung,[baˈlai̯.rʊŋ]
balak,/ˈbalak/
balak,/ˈbalaʔ/
balak,[ˈba.lak̚]
balak,[ˈba.laʔ]
balanitis,/balaˈnitis/
balanitis,[ba.laˈni.t̪ɪs]
balanopostitis,/balanoposˈtitis/
balanopostitis,[ba.la.no.posˈt̪i.t̪ɪs]
balans,[ˈba.lans]
balantidiasis,/balantidiˈasis/
balantidiasis,[ba.lan̪.t̪i.diˈa.sɪs]
balap,/ˈbalap/
balap,[ˈba.lap̚]
balap formula,/ˌbalap forˈmula/
balap formula,[ˌba.lap̚ forˈmu.la]
balap karung,/ˌbalap ˈkaruŋ/
balap karung,[ˌba.lap̚ ˈka.rʊŋ]
balap kursi roda,/ˌbalap ˌkursi ˈroda/
balap kursi roda,[ˌba.lap̚ ˌkur.si ˈro.da]
balap liar,/ˌbalap ˈliar/
balap liar,[ˌba.lap̚ ˈli.ar]
balap-balapan,/ˌbalap baˈlapan/
balap-balapan,[ˌba.lap̚ baˈla.pan]
balapan,/baˈlapan/
balapan,[baˈla.pan]
balapkan,/baˈlapkan/
balapkan,[baˈlap̚.kan]
balas,/ˈbalas/
balas,[ˈba.las]
balas dendam,/ˈbalas dənˈdam/
balasan,/baˈlasan/
balasan,[baˈla.san]
balerina,[baləˈrina]
balet,[ˈbalɛt̚]
balgam,[ˈbalɡam]
bali,/bali/
balig,/ˈbaliʔ/
balig,[ˈba.lɪʔ]
balik,/ˈbaliʔ/
balik,[ˈba.lɪʔ]
balik kanan,/ˈbalɪʔ ˈkanan/
balikan,/baˈlikan/
balikan,[baˈli.kan]
balikan,[baˈlik̚.an]
balikpapan,/ba.likˈpa.pan/
balikpapan,[ba.lik̚ˈpa.pan]
balim,/ˈbalɪm/
baling,/ˈbaliŋ/
baling,[ˈba.lɪŋ]
baling-baling,/ˌbaliŋ ˈbaliŋ/
baling-baling,[ˌba.lɪŋ ˈba.lɪŋ]
balismus,/baˈlismus/
balismus,[baˈlis.mʊs]
balita,/baˈlita/
balita,[baˈli.t̪a]
balkon,[ˈbal.kɔn]
balneologi,/balneoˈloɡi/
balneologi,[bal.ne.oˈlo.ɡi]
balneoterapi,/balneoteˈrapi/
balneoterapi,[bal.ne.o.t̪eˈra.pi]
balo,/ˈbalo/
balobo,/baˈlobo/
baloh,/ˈbalɔh/
balok,/ba.lok/
balok,[ˈba.lɔʔ]
balok not,/ˌba.lok ˈnot/
balok not,[ˌba.lɔk̚ ˈnɔt̪̚]
balon,/ˈbalɔn/
balon,[ˈba.lɔn]
balonisasi,/baloniˈsasi/
balonisasi,[ba.lo.niˈsa.si]
balot,/ˈbalɔt/
balot,[ˈba.lɔt̪̚]
balotemen,/baˈlotəmən/
balotemen,[baˈlo.t̪ə.mən]
balsam,[ˈbalsam]
balsem,[ˈbalsəm]
balu,/ˈbalu/
balu,[ˈba.lu]
baluarti,[baluˈart̪i]
balugut,/baˈluɡʊt̚/
balumba,/baˈlʊmba/
balung,[ˈbalʊŋ]
balunijuk,/balunˈʔid͡ʒuk/
balunijuk,[ba.lunˈʔi.d͡ʒʊk̚]
balur,/ˈbalur/
balur,[ˈba.lʊr]
balur badan,/ˈbalʊr ˈbadan/
balustrade,[baluˈstradə]
balut,[ˈba.lʊt̪]
bam,/ˈbam/
bambangan,/bamˈbaŋan/
bambangan,[bamˈba.ŋan]
bambu,/ˈbambu/
bambu,[ˈbam.bu]
bamer,/ˈbamɛr/
bamer,[ˈba.mɛr]
ban,/ˈban/
ban,/ˈbɛn/
ban,[ˈban]
ban,[ˈben]
ban dalam,/ˌban ˈdalam/
ban dalam,[ˌban ˈda.lam]
banal,[ˈbanal]
banaspati,/banasˈpati/
banaspati,[ba.nasˈpa.t̪i]
bancak,/bant͡ʃaʔ/
bancakan,/banˈt͡ʃakan/
bancan,[ˈbant͡ʃan]
banci,/ˈbant͡ʃi/
banci,[ˈbaɲ.t͡ʃi]
banda,/ˈbanda/
banda,[ˈban.da]
bandana,[banˈda.na]
bandang,/ˈbandaŋ/
bandang,[ˈban.daŋ]
bandar,/ˈbandar/
bandar,[ˈban.dar]
bandar udara,/ˌbandar uˈdara/
bandar udara,[ˌban.dar uˈda.ra]
bandara,/banˈdara/
bandara,[banˈda.ra]
bandel,/ˈbandəl/
bandel,[ˈban.dəl]
bandeng,/ˈbandəŋ/
bandeng,[ˈban.dəŋ]
banderol,[band̪əˈrɔl]
bandha,[ˈbanda]
banding,/ˈbandiŋ/
banding,[ˈban.dɪŋ]
bandit,[ˈbandɪt̚]
bandol,/ˈbandol/
bandol,[ˈban.dɔl]
bandos,/ˈbandos/
bandos,[ˈban.dɔs]
bandrek,/ˈbandrɛk/
bandrek,[ˈban.drɛk̚]
bandul,/ˈbandul/
bandul,[ˈban.dʊl]
bandung,/ˈbanduŋ/
bandung,[ˈban.dʊŋ]
bang,/ˈbaŋ/
bang,[ˈbaŋ]
bangau,/ˈbaŋau̯/
bangau,[ˈba.ŋau̯]
banget,/ˈbaŋət/
banget,[ˈba.ŋət̪̚]
bangga,/ˈbaŋɡa/
bangga,[ˈbaŋ.ɡa]
bangjo,/ˈbaŋd͡ʒo/
bangjo,[ˈbaŋ.d͡ʒo]
bangka,/ˈbaŋka/
bangka,[ˈbaŋ.ka]
bangkai,/ˈbaŋkai̯/
bangkai,[ˈbaŋ.kai̯]
bangke,[ˈbaŋ.ke]
bangkitan,/baŋˈkitan/
bangkitan,[baŋˈkit̪̚.an]
bangkitlah,/baŋˈkitlah/
bangkitlah,[baŋˈkit̪̚.lah]
bangkrut,[ˈbaŋkrʊt]
bangku,/ˈbaŋku/
bangku,[ˈbaŋ.ku]
banglasia,/baŋˈlasia/
bangle,/ˈbaŋle/
bangle,[ˈbaŋ.le]
bangsa,/ˈbaŋsa/
bangsa,[ˈbaŋ.sa]
bangsal,/ˈbaŋsal/
bangsal,[ˈbaŋ.sal]
bangsat,/ˈbaŋsat/
bangsat,[ˈbaŋ.sat̪̚]
bangsawan,/baŋˈsawan/
bangsawan,[baŋˈsa.wan]
bangsi,/ˈbaŋsi/
bangsi,[ˈbaŋ.si]
bangun,/ˈbaŋun/
bangun-bangun,/ˌbaŋun ˈbaŋun/
bangun-bangun,[ˌba.ŋʊn ˈba.ŋʊn]
bangunan,/baˈŋu.nan/
bangunan hikmat,/baˌŋu.nan ˈhik.mat/
bangunan hikmat,[baˌŋu.nan ˈhik̚.mat̪̚]
banguni,/baˈŋuni/
banguni,[baˈŋu.ni]
bangunkan,/baˈŋunkan/
bangunkan,[baˈŋun.kan]
banjar,/ˈband͡ʒar/
banjar,[ˈbaɲ.d͡ʒar]
banji,/ˈband͡ʒi/
banji,[ˈbaɲ.d͡ʒi]
banjir,/ˈband͡ʒir/
banjir,[ˈbaɲ.d͡ʒɪr]
banjir bandang,/ˌband͡ʒir ˈbandaŋ/
banjir bandang,[ˌbaɲ.d͡ʒɪr ˈban.daŋ]
banjo,[ˈband͡ʒo]
banjur,/ˈband͡ʒur/
banjur,[ˈbaɲ.d͡ʒʊr]
bank,/ˈbaŋ/
bank,[ˈbaŋ]
bank kliring,/ˌbank ˈkli.riŋ/
bank kliring,[ˌbank̚ ˈkli.rɪŋ]
bank koperasi,/ˌbank ko.pəˈra.si/
bank koperasi,[ˌbank̚ ko.pəˈra.si]
bank mobil,/ˌbank ˈmo.bil/
bank mobil,[ˌbank̚ ˈmo.bɪl]
bank umum,/ˌbank ˈu.mum/
bank umum,[ˌbank̚ ˈu.mʊm]
bankai,/ˈbankai̯/
bankai,[ˈban.kai̯]
banket,[ˈbankɛt̚]
bankir,[ˈbankɪr]
banrol,[ˈbanrɔl]
bansos,[ˈbansɔs]
bantah,/ˈbantah/
bantah,[ˈban̪.t̪ah]
bantahan,/banˈtahan/
bantal,/ˈbantal/
bantal,[ˈban̪.t̪al]
bantal kursi,/ˈbantal ˈkʊrsi/
bantal sofa,/ˈbantal ˈsofa/
bantalan,/banˈtalan/
bantalan,[ban̪ˈt̪al.an]
bantalan sentuh,/banˌtalan sənˈtuh/
bantalan sentuh,[ban̪ˌt̪a.lan sən̪ˈt̪ʊh]
bante,/ˈbante/
bante,[ˈban̪.t̪e]
banten,[ˈbantən]
banteng,[ˈbantɛŋ]
banting,[ˈbantɪŋ]
banting tulang,/ˈban.tiŋ ˈtu.laŋ/
bantingkan,/banˈtiŋkan/
bantingkan,[ban̪ˈt̪iŋ.kan]
bantu,/ˈbantu/
bantu,[ˈban̪.t̪u]
bantuan,[banˈtuan]
banua,/ˈbanua̯/
banyak,/ˈbaɲaʔ/
banyak,[ˈba.ɲaʔ]
banyak-banyak,/ˌbaɲak ˈbaɲak/
banyak-banyak,[ˌba.ɲak̚ ˈba.ɲak̚]
banyo,[ˈbaɲo]
banyuwangi,/ba.ɲuˈwa.ŋi/
banyuwangi,[ba.ɲuˈwa.ŋi]
banzai,/ˈbanzai̯/
banzai,[ˈban.zai̯]
bap,/be.ˈa.pe/
bapa,/ˈbapa/
bapa,[ˈba.pa]
bapa kami,/ˌbapa ˈkami/
bapa kami,[ˌba.pa ˈka.mi]
bapak,/ˈbapaʔ/
bapak,[ˈba.paʔ]
bapak negara,/ˈbapaʔ nəˈɡara/
bapak pendiri,/ˌbapak pənˈdiri/
bapak pendiri,[ˌba.pak̚ pənˈdi.ri]
bapang,/ˈbapaŋ/
bapang,[ˈba.paŋ]
bapao,/ba.pao/
baper,[ˈba.pər]
bappenas,/ˈba.pə.nas/
bappenas,[ˈba.pə.nas]
baptis,[ˈbap.tɪs]
baptisan,/bapˈtisan/
baptisan,[bap̚ˈt̪i.san]
baput,/ˈbaput/
baput,[ˈba.pʊt̪̚]
bar,[ˈbar]
bara,/ˈbara/
bara,[ˈba.ra]
barah,/ˈbarah/
barah,[ˈba.rah]
barak,[ˈbaɹak̚]
barang,/ˈbaraŋ/
barang,[ˈba.raŋ]
barang siapa,/baraŋ̩ siapa/
barangkali,/baraŋˈkali/
barangkali,[ba.raŋˈka.li]
barat,/ˈbarat/
barat,[ˈba.rat̪̚]
barat daya,/ˌbarat ˈdaja/
barat daya,[ˌba.rat̪̚ ˈda.ja]
barbar,[ˈbarbar]
barbel,[ˈbarbəl]
barber,/ˈbarbər/
barber,[ˈbar.bər]
barbir,/ˈbarbir/
barbir,[ˈbar.bɪr]
barbiturat,[barbiˈturat̚]
bardi,[ˈbardi]
bardo,/ˈbardo/
bardo,[ˈbar.do]
barel,[ˈbarəl]
bareng,/ˈbarəŋ/
bareng,[ˈba.rəŋ]
baret,[ˈbarɛt̪̚]
bariatrik,/bariˈatrik/
bariatrik,[ba.riˈat̪̚.rɪk̚]
barid,/ˈbarɪt̚/
bariglosia,/bariɡloˈsia/
bariglosia,[ba.rik̚.loˈsi.a]
barik,/ˈbarɪk̚/
barikade,/bariˈkadə/
barilalia,/barilaˈlia/
barilalia,[ba.ri.laˈli.a]
baris,/ˈbaris/
baris,[ˈba.rɪs]
barisan,/ba.ˈrɪs.an/
bariton,/baˈritɔn/
barium,/baˈrium/
barium,[baˈri.ʊm]
barkas,/ˈbarkas/
barkas,[ˈbar.kas]
barok,[ˈba.rɔk̚]
barometer,/ba.ro.ˈme.tər/
baron,/ˈbaron/
baron,[ˈba.rɔn]
barong,/ˈbaroŋ/
barong,[ˈba.rɔŋ]
barongan,/baˈroŋan/
barongan,[baˈro.ŋan]
barongsai,/baˈroŋsai̯/
barongsai,[baˈroŋ.sai̯]
baronsai,/ba.ron.sai̯/
baroreseptor,/baroreˈsɛptor/
baroreseptor,[ba.ro.reˈsɛp̚.t̪ɔr]
baroseptor,/baroˈsɛptor/
baroseptor,[ba.roˈsɛp̚.t̪ɔr]
barotaksis,/baroˈtaksis/
barotaksis,[ba.roˈt̪ak̚.sɪs]
barotrauma,/barotraˈuma/
barotrauma,[ba.rot̪̚.raˈu.ma]
barter,/ˈbartər/
barter,[ˈbar.t̪ər]
bartolinitis,/bartoliˈnitis/
bartolinitis,[bar.t̪o.liˈni.t̪ɪs]
bartolomeus,/bartoˈloməs/
bartolomeus,[bar.t̪oˈlo.məs]
baru,/ˈbaru/
baru,[ˈba.ru]
barukh,/ˈbarux/
barukh,[ˈba.rʊx]
baruna,/ba.ru.na/
bas,[ˈbas]
basa,/ˈbasa/
basa,[ˈba.sa]
basa-basi,/ˌbasa ˈbasi/
basa-basi,[ˌba.sa ˈba.si]
basah,/ˈbasah/
basah,[ˈba.sah]
basah kuyup,/ˌba.sah ˈku.jup/
basah kuyup,[ˌba.sah ˈku.jʊp̚]
basahan,/baˈsahan/
basahan,[baˈsa.han]
basahi,/baˈsahi/
basahi,[baˈsa.hi]
basal,/ˈbasal/
basal,[ˈba.sal]
basalioma,/basaliˈoma/
basalioma,[ba.sa.liˈo.ma]
basantara,/basanˈtara/
basantara,[ba.san̪ˈt̪a.ra]
basarnas,/ba.sar.nas/
basemen,[basəˈmɛn]
basi,/ˈbasi/
basi,[ˈba.si]
basian,/baˈsi.an/
basil,[ˈbasɪl]
basilari,/basiˈlari/
basilari,[ba.siˈla.ri]
basilika,/basiˈlika/
basilika,[ba.siˈli.ka]
basis,/ˈbasis/
basis,[ˈba.sɪs]
basis data,/ˈbasɪs ˈdata/
basis pengetahuan,/ba.sɪs pə.ŋə.taˈhu.an/
baskara,/basˈkara/
baskara,[basˈka.ra]
basket,/bas.ˈkɛt̚/
baskom,[ˈbas.kɔm]
basmati,/basˈmati/
basmi,/bas.mi/
basofil,/baˈsofil/
basofil,[baˈso.fɪl]
basofilia,/basofiˈlia/
basofilia,[ba.so.fiˈli.a]
basopenia,/basopeˈnia/
basopenia,[ba.so.peˈni.a]
bastar,[ˈbastar]
basuh,[ˈbasʊh]
bata,/ˈbata/
bata,[ˈba.t̪a]
batako,/baˈtako/
batako,[baˈt̪a.ko]
batal,/ˈbatal/
batal,[ˈba.t̪al]
batalion,/bataˈlion/
batalion,[ba.t̪aˈli.ɔn]
batalyon,[bataˈliɔn]
batam,/ˈbatam/
batam,[ˈba.t̪am]
batang,/ˈbataŋ/
batang,[ˈba.t̪aŋ]
batangan,/baˈtaŋan/
batangan,[baˈt̪a.ŋan]
batara,/ba.ta.ra/
batas,/ˈbatas/
batas,[ˈba.t̪as]
batas kecepatan,/ˌba.tas kə.t͡ʃəˈpa.tan/
batas kecepatan,[ˌba.t̪as kə.t͡ʃəˈpa.t̪an]
batasan,/baˈtasan/
batasan,[baˈt̪a.san]
batasi,/baˈta.si/
batasi,[baˈt̪a.si]
batau,/ba.taʊ̯/
batavia,/ba.ta.via̯/
baterai,[batəˈrai̯]
batik,/ˈbatiʔ/
batik,[ˈba.t̪ɪʔ]
batil,/ˈbatil/
batil,[ˈba.t̪ɪl]
batin,/ˈbatin/
batin,[ˈba.t̪ɪn]
batis,[ˈbatɪs]
batita,/baˈtita/
batita,[baˈt̪i.t̪a]
batok,[ˈba.t̪ɔk̚]
baton,/ˈbaton/
baton,[ˈba.t̪ɔn]
batrik,[ˈbat̚.rɪk]
batu,/ˈba.tu/
batu bata,[ˈbatu ˈbata]
batu besi,/ˌbatu bəˈsi/
batu besi,[ˌba.t̪u bəˈsi]
batuan,/baˈtuan/
batuan beku,/baˈtuan bəˈku/
batuan penyekat,/baˌtu.an pə.ɲəˈkat/
batuan penyekat,[baˌt̪u.an pə.ɲəˈkat̪̚]
batuk,/ˈbatuʔ/
batuk,[ˈba.t̪ʊʔ]
batuk berdahak,[ˈbatʊk̚ bərˈdahak̚]
batuk darah,[ˈbatʊk̚ ˈdarah]
batuk kering,[ˈbatʊk̚ kəˈrɪŋ]
batuk rejan,[ˈbatʊk̚ rəˈd͡ʒan]
batur,/ˈbatur/
batur,[ˈba.t̪ʊr]
bau,[ˈbau̯]
baud,/ˈbaud/
baud,[ˈba.ʊt̪̚]
bauket,[ˈbau.kət]
bauksit,[ˈbaʊksɪt̚]
baur,/ˈbaur/
baur,[ˈba.ʊr]
baureksa,[bau̯.rəkˈsa]
bausastra,/ba.u.sas.tra/
bausuku,[bau̯ˈsu.ku]
baut,/ˈbaut/
baut,[ˈba.ʊt̪̚]
bauwarna,/ba.ʔu.war.na/
bawa,/ˈbawa/
bawa,[ˈba.wa]
bawa-bawa,/ˌbawa ˈbawa/
bawa-bawa,[ˌba.wa ˈba.wa]
bawah,/ˈbawah/
bawah,[ˈba.wah]
bawahan,/baˈwahan/
bawahan,[baˈwa.han]
bawal,/ˈbawal/
bawal,[ˈba.wal]
bawang,/ˈbawaŋ/
bawang,[ˈba.waŋ]
bawang prei,/prei/
bawasir,[baˈwasɪr]
bawaslu,/baˈwaslu/
bawaslu,[baˈwas.lu]
bawat,/ˈbawat/
bawat,[ˈba.wat̪̚]
bawel,/ˈbawɛl/
bawel,[ˈba.wɛl]
baya,/ˈbaja/
baya,[ˈba.ja]
bayam,/ˈba.jam/
bayan,/ˈbajan/
bayang,/ˈbajaŋ/
bayang,[ˈba.jaŋ]
bayang-bayang,/ˌbajaŋ ˈbajaŋ/
bayang-bayang,[ˌba.jaŋ ˈba.jaŋ]
bayangan,/baˈjaŋan/
bayangkara,/bajaŋˈkara/
bayangkara,[ba.jaŋˈka.ra]
bayar,/ˈbajar/
bayar,[ˈba.jar]
bayaran,/baˈjaran/
bayaran,[baˈja.ɾan]
baygon,/ˈbajɡon/
baygon,[ˈbai̯.ɡɔn]
bayi,/ˈbaji/
bayi,[ˈba.ji]
bayi lahir mati,/ˌba.ji ˌla.hir ˈma.ti/
bayi lahir mati,[ˌba.ji ˌla.hɪr ˈma.t̪i]
bayonet,/baˈjo.nɛt̚/
bayu,/ˈbaju/
bayu,[ˈba.ju]
bazar,/ba.zar/
bazoka,[baˈzo.ka]
bb,/ˈbe.be/
bblr,/bebeˈɛlɛr/
bblsr,/be.be.ɛlˈɛs.ɛr/
bblsr,[be.be.ɛlˈɛs.ɛr]
bbltr,/be.be.ɛlˈte.ɛr/
bbltr,[be.be.ɛlˈt̪e.ɛr]
bbm,/be.beˈ(ʔ)em/
bbn,/be.be.ɛn/
bcg,/beˈt͡ʃe.ɡe/
bcg,[beˈt͡ʃe.ɡe]
bdrs,/bedeˈɛrɛs/
be,/be/
be,[be]
bea,/ˈbea̯/
bea akses bandara,/ˌbe.a ˌak.sɛs banˈda.ra/
bea akses bandara,[ˌbe.a ˌak̚.sɛs banˈda.ra]
bea balik nama,/ˈbe.a ˈba.lɪk ˈna.ma/
bea cukai,/ˌbe.a ˈt͡ʃu.kai̯/
bea cukai,[ˌbe.a ˈt͡ʃu.kai̯]
bea fasilitas,/ˌbe.a fa.siˈli.tas/
bea fasilitas,[ˌbe.a fa.siˈli.t̪as]
bea masuk,[ˈbeʲa ˈmasʊk̚]
beasiswa,/be.aˈsɪs.wa/
beatifikasi,/beatifiˈkasi/
beatifikasi,[be.a.t̪i.fiˈka.si]
beban,/bəˈban/
beban gandar,/bəˌban ˈɡan.dar/
beban gandar,[bəˌban ˈɡan.dar]
beban ikatan,/bəˌban iˈka.tan/
beban ikatan,[bəˌban iˈka.t̪an]
beban kerja,/bəˌban kərˈd͡ʒa/
beban kerja,[bəˌban kərˈd͡ʒa]
beban kuliah,/bə.ˈban ku.ˈli.ah/
beban mengambang,/bəˌban məˈŋam.baŋ/
beban mengambang,[bəˌban məˈŋam.baŋ]
beban pengimbang,/bəˌban pəˈŋim.baŋ/
beban pengimbang,[bəˌban pəˈŋim.baŋ]
bebas,/ˈbebas/
bebas,[ˈbe.bas]
bebas cukai,/ˌbe.bas ˈt͡ʃu.kai̯/
bebas cukai,[ˌbe.bas ˈt͡ʃu.kai̯]
bebat,[bəˈbat̚]
bebek,/ˈbebɛʔ/
bebek,[ˈbe.bɛʔ]
bebekel,[bəbəˈkəl]
beber,/ˈbɛbɛr/
beber,[ˈbɛ.bɛr]
beberapa,/bəbəˈrapa/
beberapa,[bə.bəˈra.pa]
bebesaran,/bə.bəˈsa.ran/
bebetok,/bəbəˈtɔk̚/
bebi,/ˈbebi/
bebi,[ˈbe.bi]
bebuntut,/bəˈbuntut/
bebuntut,[bəˈbun̪.t̪ʊt̪̚]
bebuyutan,/bəbuˈjutan/
bebuyutan,[bə.buˈju.t̪an]
becak,/ˈbɛt͡ʃaʔ/
becak,[ˈbɛ.t͡ʃaʔ]
becek,/ˈbet͡ʃɛk/
becek,[ˈbe.t͡ʃɛk̚]
beceng,/bɛt͡ʃɛŋ/
becih,/be.t͡ʃih/
becuk,/bəˈt͡ʃuk/
becuk,/ˈbet͡ʃuk/
becuk,[bəˈt͡ʃʊk̚]
becuk,[ˈbe.t͡ʃʊk̚]
becus,/bəˈt͡ʃus/
becus,[bəˈt͡ʃʊs]
beda,/ˈbɛda/
beda,[ˈbɛ.da]
bedaan,/bɛˈda.ʔan/
bedah,[bəˈd̪ah]
bedah cesar,/bə.ˈdah ˈt͡ʃe.sar/
bedah sesar,/bə.ˈdah ˈse.sar/
bedak,/bəˈdak/
bedak,[bəˈdak̚]
bedak mandi,/bəˈdak̚ ˈmandi/
bedakan,/beˈdakan/
bedakan,[beˈda.kan]
bedaya,/bə.ˈda.ja/
bedebah,/bədəˈbah/
bedeng,[ˈbedeŋ]
bedeng,[ˈbɛdɛŋ]
bedil,/bəˈdil/
bedil,[bəˈdɪl]
bedinde,[bəˈdɪndə]
bedo,/bəˈdo/
bedo,[bəˈdo]
beduk,[bəˈdʊʔ]
begal,/ˈbeɡal/
begal,[ˈbe.ɡal]
begana-begini,/bəˌɡana bəˈɡini/
begana-begini,[bəˌɡa.na bəˈɡi.ni]
begandering,[bəɡandəˈrɪŋ]
begawan,/bə.ɡa.wan/
begitu,/bəˈɡitu/
begitu,[bəˈɡi.t̪u]
begituan,/bəɡiˈtuan/
begituan,[bə.ɡiˈt̪u.an]
beha,/be.ha/
behandel,[bəˈhandəl]
behel,[ˈbɛ.həl]
bejana,[bəˈd͡ʒana]
bejat,[bəˈd͡ʒat̚]
beji,/ˈbed͡ʒi/
beji,[ˈbe.d͡ʒi]
bejibun,[bəˈd͡ʒibʊn]
bejo,/bə.d͡ʒɔ/
bek,/ˈbɛk/
bek,[ˈbɛk̚]
bekal,[bəˈkal]
bekas,/bəˈkas/
bekas,[bəˈkas]
bekel,/bəˈkəl/
bekel,/ˈbekəl/
bekel,[bəˈkəl]
bekel,[ˈbe.kəl]
beken,/bəˈkɛn/
beken,[bəˈken]
beker,/ˈbekər/
beker,[ˈbe.kər]
bekerja,[bə.kərˈd͡ʒa]
bekicot,/bəˈkit͡ʃot/
bekicot,[bəˈki.t͡ʃɔt̪̚]
bekintangon,/bɛkɪnˈtaŋɔn/
bekisting,/bəˈkistiŋ/
bekisting,[bəˈkis.t̪ɪŋ]
bekleding,[bəkˈledɪŋ]
bekles,[ˈbɛklɛs]
beku,/bəˈku/
beku,[bəˈku]
bel,/ˈbel/
bel,/ˈbəl/
bel,[ˈbəl]
bel,[ˈbɛl]
bel pintu,/ˌbɛl ˈpintu/
bel pintu,[ˌbɛl ˈpin̪.t̪u]
bela,/bəˈla/
bela,/ˈbela/
bela,[bəˈla]
bela,[ˈbe.la]
belacan,[bəˈlat͡ʃan]
belah,/bəˈlah/
belah,[bəˈlah]
belah duren,/bə.ˈlah ˈdu.rɛn/
belah ketupat,/bəˌlah kəˈtupat/
belah ketupat,[bəˌlah kəˈt̪u.pat̪̚]
belahan,/bəˈla.han/
belahan,[bəˈla.han]
belajar,/bəˈlad͡ʒar/
belajar,[bəˈla.d͡ʒar]
belak,/bəˈlak/
belak,/ˈbelak/
belak,[bəˈlak̚]
belak,[ˈbe.lak̚]
belaka,[bəˈlaka]
belakang,/bəˈlakaŋ/
belakang,[bəˈla.kaŋ]
belakangan,/bəlaˈkaŋan/
belakangan,[bə.laˈka.ŋan]
belalai,/bəlalai̯/
belalang,[bəˈlalaŋ]
belanda,/bəˈlanda/
belanda,[bəˈlan.da]
belanga,/bəˈlaŋa/
belanga,[bəˈla.ŋa]
belanja,/bəˈland͡ʒa/
belanja,[bəˈlaɲ.d͡ʒa]
belanjaan,/bə.laɲˈd͡ʒa.ʔan/
belanjai,/bə.laɲˈd͡ʒai̯/
belantara,/bə.lan.ta.ra/
belarasa,/bəlaˈrasa/
belarasa,[bə.laˈra.sa]
belarus,/beˈlarʊs/
belarusia,/belaˈrusia̯/
belas,/bəˈlas/
belas,[bəˈlas]
belasting,/bə.las.tiŋ/
belasungkawa,[bɛlasʊŋˈkawa]
belat,[bəˈlat̚]
belat-belit,/bəˌlat bəˈlit/
belat-belit,[bəˌlat̪̚ bəˈlɪt̪̚]
belau,[bəˈlau̯]
beledu,/bələdu/
beleid,[bəlɛʲɪt̚]
belek,[bəˈlɛk]
belek,[ˈbɛlɛk]
belenggu,/bələŋˈɡu/
belenggu,[bə.ləŋˈɡu]
belengguan,/bə.ləŋˈɡu.an/
beleran,/bɛlɛˈraːn/
belerang,/bəˈleraŋ/
belerang,[bəˈle.raŋ]
belgia,/bɛlˈɡia/
belgia,[bɛlˈɡi.a]
beli,/bəˈli/
beli,[bəˈli]
beli sendiri,/bəˌli sənˈdi.ri/
beli sendiri,[bəˌli sənˈdi.ri]
belia,/bə.lia̯/
belian,/bəˈlian/
belian,[bəˈli.an]
beliau,/bəˈli.au̯/
belikan,/bəˈli.kan/
belikat,[bəˈli.kat̪]
belimbing,[bəˈlɪmbɪŋ]
beling,[bəˈlɪŋ]
beliung,/bəˈliuŋ/
beliung,[bəˈli.ʊŋ]
belom,/bə.lom/
belom,/bə.lʌm/
beloon,/bəˈloon/
beloon,[bəˈlo.ɔn]
belu-belai,/bəˌlu bəˈlai̯/
belu-belai,[bəˌlu bəˈlai̯]
beludru,/bəˈludru/
beludru,[bəˈlut̪̚.ru]
beluk,/bəˈluk/
beluk,[bəˈlʊk̚]
belukar,/bəˈlukar/
belukar,[bəˈlu.kar]
beluku,[bəˈluku]
belum,/bəˈlum/
belum,/ˈblum/
belum,[bəˈlum]
belum,[ˈblʊm]
belunggu,/bəˈluŋɡu/
belunggu,[bəˈluŋ.ɡu]
belut,[bəˈlʊt̚]
belut listrik,/bəˌlut ˈlistrik/
belut listrik,[bəˌlʊt̪̚ ˈlis.t̪rɪk̚]
bem,/ˈbɛm/
bem,[ˈbem]
bemper,[ˈbɛmpər]
benah,/bəˈnah/
benah,[bəˈnah]
benahi,/bəˈnahi/
benahi,[bəˈna.hi]
benang,[bəˈnaŋ]
benar,/bəˈnar/
benar,[bəˈnar]
benar-benar,/bə.nar.bəˈnar/
benara,[bəˈnara]
bencana,/bənˈt͡ʃana/
bencana,[bəɲˈt͡ʃa.na]
benci,/bənˈt͡ʃi/
benci,[bəɲˈt͡ʃi]
bencong,/ˈbɛnt͡ʃoŋ/
bencong,[ˈbeɲ.t͡ʃɔŋ]
benda,/bən.da/
bendahara,/bən.da.ha.ra/
bendahari,/bən.da.ha.ri/
bendara,[bənˈdara]
bendari,[bənˈdari]
bendel,/bənˈdəl/
bendera,/bənˈdera/
bendera,[bənˈde.ra]
benderung,/bəndəˈruŋ/
benderung,[bən.dəˈruŋ]
bendesa,/bənˈdesa/
bendesa,[bənˈde.sa]
bendi,/ˈbɛndi/
bendi,[ˈben.di]
bendo,/bənˈdo/
bendo,/ˈbɛndo/
bendo,[bənˈdo]
bendo,[ˈben.do]
bendoro,[bənˈdoro]
bendu,/bən.ˈdu/
benduan,/bən.ˈdu.an/
bendung,[bənˈdʊŋ]
bendungan,/bənˈduŋan/
bendungan,[bənˈdu.ŋan]
bengal,/bəˈŋal/
bengawan,/bəˈŋawan/
bengawan,[bəˈŋa.wan]
bengek,/bəˈŋɛk/
bengek,[bəˈŋɛk̚]
benggala,/bəŋˈɡala/
benggala,[bəŋˈɡa.la]
bengis,/bəˈŋis/
bengis,[bəˈŋɪs]
bengkak,/bəŋˈkaʔ/
bengkak,[bəŋˈkaʔ]
bengkel,/ˈbɛŋkɛl/
bengkok,/bəŋˈkɔʔ/
bengkok,/ˈbɛŋkɔk/
bengkok,/ˈbɛŋkɔʔ/
bengkok,[bəŋˈkɔʔ]
bengkok,[ˈbeŋ.kɔk̚]
bengkok,[ˈbeŋ.kɔʔ]
bengkulu,/bəŋˈkulu/
bengkulu,[bəŋˈku.lu]
bengong,[bəˈŋɔŋ]
benih,/bəˈnih/
benih,[bəˈnɪh]
benik,/bəˈnɪk̚/
bensin,[ˈbɛnsɪn]
bentala,/bənˈtala/
bentala,[bən̪ˈt̪a.la]
bentang,/bənˈtaŋ/
bentang,[bən̪ˈt̪aŋ]
bentang bumi,/bənˌtaŋ ˈbu.mi/
bentang bumi,[bən̪ˌt̪aŋ ˈbu.mi]
bentar,/bənˈtar/
bentar,/ˈbɛntar/
bentar,[bən̪ˈt̪ar]
bentar,[ˈben̪.t̪ar]
bentara,/bənˈta.ra/
bentara,[bən̪ˈt̪a.ra]
benteng,/ˈbɛntɛŋ/
benteng,[ˈben̪.t̪ɛŋ]
bento,[ˈbɛn.to]
benton,/ˈbenton/
benton,[ˈben̪.t̪ɔn]
bentuk,/bənˈtuʔ/
bentuk,[bən̪ˈt̪ʊʔ]
bentuk pemerintahan,/bən.ˈtʊʔ pə.mə.rɪn.ˈtah.an/
bentur,/bənˈtur/
bentur,[bən̪ˈt̪ʊr]
benturan,/bənˈturan/
benturan,[bən̪ˈt̪u.ran]
benua,/bəˈnua/
benua,[bəˈnu.a]
benzol,/ˈbenzol/
benzol,[ˈben.zɔl]
beol,[ˈbɛɔl]
ber-,/bər/
ber- -an,[bər- -an]
ber- -kan,[bər- -kan]
bera,/bəˈra/
bera,/ˈbera/
bera,[bəˈra]
bera,[ˈbe.ra]
berabang,/bəˈra.baŋ/
beracun,/bəˈrat͡ʃun/
beracun,[bəˈra.t͡ʃʊn]
berada,/bərada/
beradab,/bəˈradab/
beradab,[bəˈra.dap̚]
beradaptasi,/bəradapˈtasi/
beradaptasi,[bə.ra.dap̚ˈt̪a.si]
beragam,/bəˈraɡam/
beragam,[bəˈra.ɡam]
beragama,[bərˈaɡama]
berair,[bərˈa.ɪr]
beraja,[bəˈrad͡ʒa]
berak,/bəˈrak/
berak,/ˈbɛrak/
berak,/ˈbɛraʔ/
berak,[bəˈrak̚]
berak,[ˈbɛ.rak̚]
berak,[ˈbɛ.raʔ]
berakal,/bəˈrakal/
berakal,[bəˈra.kal]
berakhiran,/bəraˈxɪran/
berakhlak,/bəˈraxlak/
berakhlak,[bəˈrax.lak̚]
beraksen,[bərˈaksɛn]
beraku,[bərˈaku]
beralbumin,/bəralˈbumin/
beralbumin,[bə.ralˈbu.mɪn]
beralih,/bəˈralih/
beralih,[bəˈra.lɪh]
beralun,/bəˈralun/
beralun,[bəˈra.lʊn]
beram,/bə.ˈram/
berambang,/bə.ˈram.baŋ/
beranak,[bərˈanak̚]
beranang,/bə.ˈra.naŋ/
beranda,[bəˈranda]
beranggap-anggapan,/bəˌraŋɡap aŋˈɡapan/
beranggap-anggapan,[bəˌraŋ.ɡap̚ aŋˈɡa.pan]
berangkat,/bə.raŋ.kat/
berani,/bəˈrani/
berani,[bəˈra.ni]
berantai,/bəˈran.tai̯/
berantai-rantai,/bə.ran.tai̯ˈran.tai̯/
berantakan,/bəranˈtakan/
berantakan,[bə.ran̪ˈt̪a.kan]
berantam,/bəˈrantam/
berantam,[bəˈran̪.t̪am]
berantas,/bəˈrantas/
berantas,[bəˈran̪.t̪as]
berantem,/bəˈrantəm/
berantem,[bəˈran̪.t̪əm]
berapa,/bəˈrapa/
berapa,[bəˈra.pa]
berarah,/bərˈarah/
berarah,[bərˈa.rah]
berarak,/bəˈrarak/
berarak,[bəˈra.rak̚]
berarti,/bəˈrar.ti/
beras,/bəˈras/
beras,[bəˈras]
berat,/bəˈrat/
berat,[bəˈrat̪̚]
berat badan,/bəˌrat ˈba.dan/
berat badan,[bəˌrat̪̚ ˈba.dan]
berat jenis,/bəˌrat d͡ʒəˈnis/
berat jenis,[bəˌrat̪̚ d͡ʒəˈnɪs]
beratlah,/bəˈratlah/
beratlah,[bəˈrat̪̚.lah]
berbagi,/bərˈbaɡi/
berbagi,[bərˈba.ɡi]
berbahan,/bərˈbahan/
berbahan,[bərˈba.han]
berbahasa,/bərbaˈhasa/
berbahasa,[bər.baˈha.sa]
berbahaya,/bərbaˈhaja/
berbahaya,[bər.baˈha.ja]
berbalapan,/bərbaˈlapan/
berbalapan,[bər.baˈla.pan]
berbangkit,/bərˈbaŋkit/
berbangkit,[bərˈbaŋ.kɪt̪̚]
berbantal,/bərˈbantal/
berbantal,[bərˈban̪.t̪al]
berbareng,/bərˈbarəŋ/
berbareng,[bərˈba.rəŋ]
berbaring,/bərˈba.rɪŋ/
berbaring-baring,/bər.ba.rɪŋˈba.rɪŋ/
berbasa-basi,/bərˌbasa ˈbasi/
berbasa-basi,[bərˌba.sa ˈba.si]
berbasis,/bərˈbasis/
berbasis,[bərˈba.sɪs]
berbatas,/bərˈba.tas/
berbatasan,/bər.baˈta.san/
berbataskan,/bər.baˈtas.kan/
berbaterai,/bərbatəˈrai̯/
berbayang,/bərˈbajaŋ/
berbayang,[bərˈba.jaŋ]
berbayang-bayang,/bərˌbajaŋ ˈbajaŋ/
berbayang-bayang,[bərˌba.jaŋ ˈba.jaŋ]
berbayar,/bərˈbajar/
berbayar,[bərˈba.jar]
berbeda,/bərˈbɛ.da/
berbedak,/ˈbərbədak/
berbedak,[ˈbər.bə.dak̚]
berbelanja,/bər.bəˈlaɲ.d͡ʒa/
berbenah,/ˈbərbənah/
berbenah,[ˈbər.bə.nah]
berberes,/bərˈpɛ.rɛs/
berbesar-besar,/bər.bə.sar.bəˈsar/
berbicara,/bərbit͡ʃara/
berbincul,/bərˈbint͡ʃul/
berbincul,[bərˈbiɲ.t͡ʃʊl]
berbintik,/bərˈbintik/
berbintik,[bərˈbin̪.t̪ɪk̚]
berbisik,[bərˈbisik̚]
berbisul,/bərˈbisul/
berbisul,[bərˈbi.sʊl]
berbuah,/bərˈbu.ah/
berbuai,/bərˈbu.ai̯/
berbuai-buai,/bər.bu.ai̯ˈbu.ai̯/
berbudi,/bərˈbudi/
berbudi,[bərˈbu.di]
berbuka,/bərˈbuka/
berbuka,[bərˈbu.ka]
berbuka-bukaan,/bər.bu.ka.buˈka.ʔan/
berbukit,/bərˈbukit/
berbukit,[bərˈbu.kɪt̪̚]
berbunga-bunga,/bər.bu.ŋaˈbu.ŋa/
berbunuh-bunuhan,/bərˌbunuh buˈnuhan/
berbunuh-bunuhan,[bərˌbu.nʊh buˈnu.han]
berburu,/bərˈburu/
berburu,[bərˈbu.ru]
bercanda,[bərˈt͡ʃanda]
bercangkuk,/bərˈt͡ʃaŋkuk/
bercangkuk,/bərˈt͡ʃaŋkuʔ/
bercangkuk,[bərˈt͡ʃaŋ.kʊk̚]
bercangkuk,[bərˈt͡ʃaŋ.kʊʔ]
bercat,/bərˈt͡ʃat̚/
bercatur,/bərˈt͡ʃatur/
bercatur,[bərˈt͡ʃa.t̪ʊr]
bercengkerama,/bərt͡ʃəŋkəˈrama/
bercengkerama,[bər.t͡ʃəŋ.kəˈra.ma]
bercinta,/bərˈt͡ʃinta/
bercinta,[bərˈt͡ʃin̪.t̪a]
bercintakan,/bərt͡ʃinˈtakan/
bercintakan,[bər.t͡ʃin̪ˈt̪a.kan]
berciuman,/bərt͡ʃiˈuman/
berciuman,[bər.t͡ʃiˈu.man]
bercukur,/bərˈt͡ʃukur/
bercukur,[bərˈt͡ʃu.kʊr]
bercumbu rayu,/bərˌt͡ʃumbu ˈraju/
bercumbu rayu,[bərˌt͡ʃum.bu ˈra.ju]
berdampak,[bərˈdampak̚]
berdarah,/bərˈdarah/
berdarah dingin,/bərdarah ˈdiŋin/
berdasar,/bərˈdasar/
berdasar,[bərˈda.sar]
berdasarkan,[bərdaˈsarkan]
berdayung,/bərˈda.jʊŋ/
berdebar,/ˈbərdəbar/
berdebar,[ˈbər.də.bar]
berdebar-debar,/ˌbərdəbar dəˈbar/
berdebar-debar,[ˌbər.də.bar dəˈbar]
berdegup,/ˈbərdəɡup/
berdegup,[ˈbər.də.ɡʊp̚]
berdekam,/bər.dəˈkam/
berdengar,/ˈbərdəŋar/
berdengar,[ˈbər.də.ŋar]
berdentang,/ˈbərdəntaŋ/
berdentang,[ˈbər.dən̪.t̪aŋ]
berdialek,/bər.di.aˈlɛk̚/
berdiam,/bərˈdiam/
berdiam,[bərˈdi.am]
berdiferensiasi,/bərdiferensiˈasi/
berdiferensiasi,[bər.di.fe.ren.siˈa.si]
berdikari,/bərdiˈkari/
berdikari,[bər.diˈka.ri]
berdiri,/bərˈdi.ri/
berdiskusi,/bərdisˈkusi/
berdiskusi,[bər.disˈku.si]
berdonasi,/bərdoˈnasi/
berdonasi,[bər.doˈna.si]
beredel,[bəˈrɛdɛl]
berekspresi,/bərɛksˈprɛsi/
berekspresi,[bər.ɛksˈprɛ.si]
berempah,/bərəmˈpah/
berempah,[bə.rəmˈpah]
berenang,[bərəˈnaŋ]
berenuk,/bərəˈnuk/
berenuk,[bə.rəˈnʊk̚]
beres,/bərˈɛs/
beres,/ˈbɛrɛs/
beres,[bərˈɛs]
beres,[ˈbɛ.rɛs]
bereskan,/bɛˈrɛskan/
bereskan,[bɛˈrɛs.kan]
berfikir,/bərˈfi.kir/
berfirman,/bərˈfɪr.man/
bergabung,/bərˈɡabuŋ/
bergabung,[bərˈɡa.bʊŋ]
bergadang,/bərˈɡadaŋ/
bergadang,[bərˈɡa.daŋ]
bergagap-gagap,/bərˌɡaɡap ˈɡaɡap/
bergagap-gagap,[bərˌɡa.ɡap̚ ˈɡa.ɡap̚]
bergambar,/bərˈɡambar/
bergambar,[bərˈɡam.bar]
berganti,/bərˈɡanti/
berganti,[bərˈɡan̪.t̪i]
berganti-ganti,/bərˌɡanti ˈɡanti/
berganti-ganti,[bərˌɡan̪.t̪i ˈɡan̪.t̪i]
bergaris,/bərˈɡaris/
bergaris,[bərˈɡa.rɪs]
bergaya,/bərˈɡaja/
bergaya,[bərˈɡa.ja]
bergayuh,/bərˈɡa.jʊh/
bergejala,[bər.ɡeˈd͡ʒa.la]
bergelandangan,/bərɡəlanˈdaŋan/
bergelandangan,[bər.ɡə.lanˈda.ŋan]
bergelung,/ˈbərɡəluŋ/
bergelung,[ˈbər.ɡə.lʊŋ]
bergeraklah,/bərɡəˈraklah/
bergeraklah,[bər.ɡəˈrak̚.lah]
bergerigi,/bərɡəˈriɡi/
bergerigi,[bər.ɡəˈri.ɡi]
bergeronggang,/bərɡəˈroŋɡaŋ/
bergeronggang,[bər.ɡəˈroŋ.ɡaŋ]
bergigi,/bərˈɡiɡi/
bergigi,[bərˈɡi.ɡi]
bergilir,/bərˈɡilir/
bergilir,[bərˈɡi.lɪr]
bergiliran,/bərɡiˈliran/
bergiliran,[bər.ɡiˈli.ran]
bergombak,/bərˈɡombak/
bergombak,[bərˈɡom.bak̚]
bergundul,/bərˈɡun.dʊl/
berhadap-hadapan,/bərˌhadap haˈdapan/
berhadap-hadapan,[bərˌha.dap̚ haˈda.pan]
berhadapan,/bərhaˈdapan/
berhadapan,[bər.haˈda.pan]
berhadapan silang,/bərhaˌdapan ˈsilaŋ/
berhadapan silang,[bər.haˌda.pan ˈsi.laŋ]
berhak,/bərˈhaʔ/
berhak,[bərˈhaʔ]
berhala,[bərˈhala]
berharap,/bərˈharap/
berharap,[bərˈha.rap̚]
berharga,[bərˈharɡa]
berhasil,/bərˈhasil/
berhasil,[bərˈha.sɪl]
berhasilkan,/bərhaˈsilkan/
berhasilkan,[bər.haˈsil.kan]
berhati,/bərˈha.ti/
berhenti,/bərhənˈti/
berhias,/bərˈhias/
berhias,[bərˈhi.as]
berhubungan,/bərhuˈbuŋan/
berhubungan,[bər.huˈbu.ŋan]
beri,/bəˈri/
beri,/ˈberi/
beri,[bəˈri]
beri,[ˈbe.ri]
beri tahu,/bəˌri ˈtahu/
beri tahu,/bəˌri ˈtau/
beri tahu,[bəˌri ˈt̪a.hu]
beri tahu,[bəˌri ˈt̪a.u]
beri-beri,[ˈbɛri ˈbɛri]
beri-memberi,/bə.ri.məm.bəˈri/
berian,/bəˈrian/
berian,[bəˈri.an]
beriani,[bə.riˈa.ni]
beribu-ribu,/bə.ri.buˈri.bu/
berida,/bə.ri.da/
berikan,/bəˈri.kan/
berikut,[bərˈikʊt̚]
berilmu,/bəˈrɪl.mu/
berimbas,/bəˈrimbas/
berimbas,[bəˈrim.bas]
bering-bering,/bəˌriŋ bəˈriŋ/
bering-bering,[bəˌrɪŋ bəˈriŋ]
beringin,/bəˈri.ŋin/
beringin,[bəˈri.ŋɪn]
berinisiatif,/bərinisiˈatif/
berinisiatif,[bə.ri.ni.siˈa.t̪ɪf]
berinstruksi,/bərinsˈtruksi/
berisi,/bəˈri.si/
beristirahat,/bəristiˈrahat/
beristirahat,[bər.is.t̪iˈra.hat̪̚]
beristirahat dalam damai,/bə.ris.tiˌra.hat ˌda.lam ˈda.mai̯/
beristirahat dalam damai,[bə.ris.t̪iˌra.hat̪̚ ˌda.lam ˈda.mai̯]
berita,/bəˈrita/
berita,[bəˈri.t̪a]
berita acara,/bəˌrita aˈt͡ʃara/
berita acara,[bəˌri.t̪a aˈt͡ʃa.ra]
berita bohong,/bəˌri.ta ˈbɔ.hɔŋ/
berita bohong,[bəˌri.t̪a ˈbɔ.hɔŋ]
berita negara,[bəˈrita nəˈɡara]
berita palsu,/bəˌri.ta ˈpal.su/
berita palsu,[bəˌri.t̪a ˈpal.su]
berita pemerintah,[bəˈrita pəməˈrɪntah]
berita penentu,/bəˌri.ta ˈpə.nən.tu/
berita penentu,[bəˌri.t̪a ˈpə.nən̪.t̪u]
beritahukan,/bəritaˈhukan/
beritahukan,/bəˌri taˈukan/
beritahukan,[bə.ri.t̪aˈhu.kan]
beritahukan,[bəˌri t̪aˈu.kan]
berizin,/bəˈrizin/
berizin,[bəˈri.zɪn]
berjaga,/bərˈd͡ʒaɡa/
berjaga,[bərˈd͡ʒa.ɡa]
berjaga-jaga,/bərˌd͡ʒaɡa ˈd͡ʒaɡa/
berjaga-jaga,[bərˌd͡ʒa.ɡa ˈd͡ʒa.ɡa]
berjajan,[bərd͡ʒad͡ʒan]
berjalan,/bərˈdʒa.lan/
berjalan kaki,/bər.dʒa.lan ˈka.ki/
berjalan mencakah,/bər.dʒa.lan məɲˈtʃa.kah/
berjalan mengempar,/bər.dʒa.lan məˈŋəm.par/
berjalan pincang,/bər.dʒa.lan ˈpiɲ.tʃaŋ/
berjalan-jalan,/bər.dʒa.lanˈdʒa.lan/
berjambul,/bərˈd͡ʒambul/
berjambul,[bərˈd͡ʒam.bʊl]
berjanji,/bərˈd͡ʒaɲ.d͡ʒi/
berjanjian,/bər.dʒaɲˈdʒi.an/
berjawab-jawaban,/bər.d͡ʒa.wap̚.d͡ʒaˈwa.ban/
berjawatan,/bərd͡ʒaˈwatan/
berjawatan,[bər.d͡ʒaˈwa.t̪an]
berjenaka,/bərd͡ʒəˈnaka/
berjenaka,[bər.d͡ʒəˈna.ka]
berjenis-jenis,/ˌbərd͡ʒənis d͡ʒəˈnis/
berjenis-jenis,[ˌbər.d͡ʒə.nɪs d͡ʒəˈnɪs]
berjentera,/bərˈd͡ʒəntəra/
berjentera,[bərˈd͡ʒən̪.t̪ə.ra]
berjibaku,/bər.d͡ʒi.ba.ku/
berjuang,/bərˈd͡ʒu.aŋ/
berjudi,/bərˈd͡ʒudi/
berjumlah,/bərˈd͡ʒumlah/
berjumlah,[bərˈd͡ʒum.lah]
berjumpa,/bərˈd͡ʒumpa/
berjumpa,[bərˈd͡ʒum.pa]
berkabung,/bərˈkabuŋ/
berkabung,[bərˈka.bʊŋ]
berkaca,/bərˈka.t͡ʃa/
berkah,/bərˈkah/
berkah,[bərˈkah]
berkah dalem,/bərˌkah ˈdaləm/
berkah dalem,[bərˌkah ˈda.ləm]
berkahi,/bərˈkahi/
berkahi,[bərˈka.hi]
berkali-kali,/bə̂ˌrkali ˈkali/
berkali-kali,[bə̂ˌrka.li ˈka.li]
berkalung,/bərˈka.lʊŋ/
berkap,/bərˈkap̚/
berkapur,/bərˈka.pʊr/
berkarbon,/bərˈkarbon/
berkarbon,[bərˈkar.bɔn]
berkarya,/bərˈkarja/
berkarya,[bərˈkar.ja]
berkas,/bərˈkas/
berkas,[bərˈkas]
berkas tersendiri,/bər.ˈkas tər.sən.ˈdi.ri/
berkat,/bərˈkat/
berkat,[bərˈkat̪̚]
berkata,/bərˈka.ta/
berkata-kata,/bərˌkata ˈkata/
berkata-kata,[bərˌka.t̪a ˈka.t̪a]
berkayuh,/bərˈka.jʊh/
berkeadilan,/bərkəaˈdɪlan/
berkeberatan,/bərkəbəˈratan/
berkebolehan,/bər.kə.bɔˈlɛ.han/
berkebutuhan,/bərkəbuˈtuhan/
berkebutuhan,[bər.kə.buˈt̪u.han]
berkecapi,/bərkəˈt͡ʃapi/
berkecapi,[bər.kəˈt͡ʃa.pi]
berkedut,/ˈbərkədut/
berkedut,[ˈbər.kə.dʊt̪̚]
berkehendak,/bər.kə.hənˈdaʔ/
berkeinginan,/bər.kə.iˈŋi.nan/
berkejar-kejaran,/bər.kə.d͡ʒar.kəˈd͡ʒa.ran/
berkejaran,/bər.kəˈd͡ʒa.ran/
berkekuatan,/bərkəkuˈatan/
berkekuatan,[bər.kə.kuˈa.t̪an]
berkeliling,/bərkəˈliliŋ/
berkeliling,[bər.kəˈli.lɪŋ]
berkeloid,/bərkeˈloid/
berkeloid,[bər.keˈlo.ɪt̪̚]
berkemauan,/bərkəmaˈuan/
berkemauan,[bər.kə.maˈu.an]
berkembang,/bərkəmˈbaŋ/
berkemih,/bər.kəˈmɪh/
berkemudi,/bər.kəˈmu.di/
berkenan,/bər.kə.ˈnan/
berkeras,/ˈbərkəras/
berkeras,[ˈbər.kə.ras]
berkesempatan,/bər.kə.səmˈpa.tan/
berkesempetan,/bər.kə.səmˈpə.tan/
berketombe,/bərkəˈtɔmbe/
berkik,/bərˈkik/
berkik,[bərˈkɪk̚]
berkomitmen,[bər.koˈmɪt.mən]
berkonsentrasi,/bərkonsenˈtrasi/
berkriteria,/bərkriteˈria/
berkriteria,[bər.kri.t̪eˈri.a]
berkualitas,/bərkuaˈlitas/
berkualitas,[bər.ku.aˈli.t̪as]
berkurang,[bərˈkuraŋ]
berlaku,/bərˈlaku/
berlaku,[bərˈla.ku]
berlalu,/bərˈla.lu/
berlalu lintas,/bərˌla.lu ˈlin.tas/
berlambat,/bərˈlambat/
berlambat,[bərˈlam.bat̪̚]
berlambat-lambat,/bərˌlambat ˈlambat/
berlambat-lambat,[bərˌlam.bat̪̚ ˈlam.bat̪̚]
berlangganan,/bər.laŋˈɡa.nan/
berlangganan,[bər.laŋˈɡa.nan]
berlangir,/bərˈlaŋir/
berlangir,[bərˈla.ŋɪr]
berlangsung,/bərˈlaŋsuŋ/
berlari,/bərˈla.ri/
berlari-lari,/bər.la.riˈla.ri/
berlari-larian,/bər.la.ri.laˈri.an/
berlarian,/bər.laˈri.an/
berlawak,/bərˈlawak/
berlawak,[bərˈla.wak̚]
berlawak-lawak,/bərlawaʔˈlawaʔ/
berlawak-lawak,[bər.la.waʔˈla.waʔ]
berlayar,/bərˈlajar/
berlayar,[bərˈla.jar]
berlelehan,/bər.lɛˈlɛ.han/
berlemak,/bər.ləˈmaʔ/
berlengkap,/bərˈləŋˈkap̚/
berlian,/bərˈlian/
berlian,[bərˈli.an]
berlibur,/bərˈlibʊr/
berlihat-lihatan,/bərˌlihat liˈhatan/
berlihat-lihatan,[bərˌli.hat̪̚ liˈha.t̪an]
berlinang,/bərˈlinaŋ/
berlinang,[bərˈli.naŋ]
berlinang-linang,/bərˌlinaŋ ˈlinaŋ/
berlinang-linang,[bərˌli.naŋ ˈli.naŋ]
berlindung,/bərˈlinduŋ/
berlindung,[bərˈlin.dʊŋ]
berlogat,/bərˈlɔ.ɡat̚/
berlompatan,/bər.lɔmˈpa.tan/
berlukis,/bərˈlukis/
berlukis,[bərˈlu.kɪs]
berlukisan,/bərluˈkisan/
berlukisan,[bər.luˈki.san]
berlumpur,/bərˈlumpur/
berlumpur,[bərˈlum.pʊr]
berlutut,/bərˈlutut/
berlutut,[bərˈlu.t̪ʊt̪̚]
bermain,/bərˈmain/
bermain,[bərˈma.ɪn]
bermainlah,/bərmaˈinlah/
bermainlah,[bər.maˈin.lah]
bermakna,/bərˈmaʔ.na/
bermalam,/bərˈma.lam/
bermata,/bərˈma.ta/
bermatakan,/bər.maˈta.kan/
bermimpi,/bərˈmimpi/
bermimpi,[bərˈmim.pi]
berminggu-minggu,/bərˌmiŋɡu ˈmiŋɡu/
berminggu-minggu,[bərˌmiŋ.ɡu ˈmiŋ.ɡu]
berminta,/bərˈminta/
berminta,[bərˈmin̪.t̪a]
berminta-minta,/bərˌminta ˈminta/
berminta-minta,[bərˌmin̪.t̪a ˈmin̪.t̪a]
bermohon,/bərˈmohon/
bermohon,[bərˈmo.hɔn]
bermohonlah,/bərmoˈhonlah/
bermohonlah,[bər.moˈhon.lah]
bermoral,/bərˈmoral/
bermoral,[bərˈmo.ral]
bermuhasabah,/bərmuhaˈsabah/
bermuhasabah,[bər.mu.haˈsa.bah]
bermusik,/bərˈmusik/
bermusik,[bərˈmu.sɪk̚]
bermusuh,/bərˈmusuh/
bermusuh,[bərˈmu.sʊh]
bermusuhan,/bərmuˈsuhan/
bermusuhan,[bər.muˈsu.han]
bermutu,/bərˈmutu/
bermutu,[bərˈmu.t̪u]
bernanah,/bərˈnanah/
bernanah,[bərˈna.nah]
bernasyid,/bərˈnaʃid/
bernasyid,[bərˈna.ʃɪt̪̚]
bernavigasi,/bər.na.fiˈɡa.si/
berniaga,/bərniˈaɡa/
berniaga,[bər.niˈa.ɡa]
bernitrogen,/bərniˈtrɔɡɛn/
bernitrogen,[bər.niˈt̪rɔ.ɡɛn]
bernyanyi,/bərˈɲaɲi/
bernyanyi,[bərˈɲa.ɲi]
berobsesi,/bə.rɔpˈsɛ.si/
berojol,/bəˈrod͡ʒol/
berojol,[bəˈro.d͡ʒɔl]
berok,[bəˈrɔʔ]
berok,[ˈbɛrɔk̚]
beroleh,/bəˈrɔ.lɛh/
berontak,/bəˈrɔntak/
berorientasi,/bəroriɛnˈtasi/
berorientasi,[bər.o.ri.ɛn̪ˈt̪a.si]
berotak,/bərˈotak/
berotak,[bərˈo.t̪ak̚]
berpacaran,[bərpaˈt͡ʃaran]
berpaham,/bərˈpa.ham/
berpaksi,/bərˈpaksi/
berpaksi,[bərˈpak̚.si]
berpandai-pandai,/bər.pan.dai̯ˈpan.dai̯/
berpandang-pandangan,/bərˌpandaŋ panˈdaŋan/
berpandang-pandangan,[bərˌpan.daŋ panˈda.ŋan]
berpandangan,/bərpanˈdaŋan/
berpandangan,[bər.panˈda.ŋan]
berpanel,/bərˈpanɛl/
berpanel,[bərˈpa.nɛl]
berpanen,/bərˈpa.nɛn/
berpatuk,/bərˈpatuʔ/
berpatuk,[bərˈpa.t̪ʊʔ]
berpeluang,/bərpəˈluaŋ/
berpeluit,/bərpəˈluit/
berpeluit,[bər.pəˈlu.ɪt̪̚]
berpemandangan,/bərpəmanˈdaŋan/
berpemandangan,[bər.pə.manˈda.ŋan]
berpengaruh,/bər.pəˈŋa.rʊh/
berpengertian,/bər.pə.ŋərˈti.an/
berpengetahuan,/bərpəŋətaˈhuan/
berpengetahuan,[bər.pə.ŋə.t̪aˈhu.an]
berpenghasilan,/bərpəŋhaˈsilan/
berpenghasilan,[bər.pəŋ.haˈsi.lan]
berperang,/bərpəˈraŋ/
berperang,[bər.pəˈraŋ]
berpinta,/bərˈpinta/
berpinta,[bərˈpin̪.t̪a]
berpolemik,/bərˈpoləmik/
berpolemik,[bərˈpo.lə.mɪk̚]
berpopulasi,/bərpopuˈlasi/
berproduksi,/bərproˈduksi/
berproduksi,[bər.proˈduk̚.si]
berpulang,/bərˈpulaŋ/
berpulang,[bərˈpu.laŋ]
berpunya,/bərˈpuɲa/
berpunya,[bərˈpu.ɲa]
berpura-pura,/bərˌpura ˈpura/
berpura-pura,[bərˌpu.ra ˈpu.ra]
berpusing,/bərˈpusiŋ/
berpusing,[bərˈpu.sɪŋ]
berpusing-pusing,/bərˌpusiŋ ˈpusiŋ/
berpusing-pusing,[bərˌpu.sɪŋ ˈpu.sɪŋ]
bersaing,/bərˈsa.ɪŋ/
bersalah-salahan,/bərˌsalah saˈlahan/
bersalah-salahan,[bərˌsa.lah saˈla.han]
bersalin,/bərˈsalin/
bersalin,[bərˈsa.lɪn]
bersama,/bərˈsama/
bersama,[bərˈsa.ma]
bersambaran,/bərsamˈbaran/
bersambaran,[bər.samˈba.ran]
bersambung,/bərˈsam.bʊŋ/
bersantai,/bərˈsan.tai̯/
berseba,/bər.ˈsɛ.ba/
bersedia,/bər.səˈdi.a/
bersedia,[bər.səˈdi.a]
bersehadap,/bərsəˈhadap/
bersehadap,[bər.səˈha.dap̚]
berseketiduran,/bər.sə.kə.tiˈdu.ran/
berselang,/ˈbərsəlaŋ/
berselang,[ˈbər.sə.laŋ]
berselimut,/bərsəˈlimut/
berselimut,[bər.səˈli.mʊt̪̚]
bersemi,/ˈbərsəmi/
bersemi,[ˈbər.sə.mi]
bersemuka,/bər.səˈmu.ka/
bersemuka,[bər.səˈmu.ka]
bersenandung,/bərsəˈnandʊŋ/
bersenggang,/bər.səŋˈɡaŋ/
bersenggang-senggang,/bər.səŋ.ɡaŋ.səŋˈɡaŋ/
bersenggol,/bərˈsɛŋɡɔl/
bersenggol,[bərˈseŋ.ɡɔl]
bersenggol-senggol,/bərˌsɛŋɡɔl ˈsɛŋɡɔl/
bersenggol-senggol,[bərˌsɛŋ.ɡɔl ˈseŋ.ɡɔl]
bersenggol-senggolan,/bərˌsɛŋɡɔl sɛŋˈɡolan/
bersenggol-senggolan,[bərˌsɛŋ.ɡɔl sɛŋˈɡo.lan]
bersenggolan,/bərsɛŋˈɡolan/
bersenggolan,[bər.sɛŋˈɡo.lan]
bersenjata,/bərsənˈd͡ʒata/
bersenjata,[bər.səɲˈd͡ʒa.t̪a]
bersentuhan,/bərsənˈtuhan/
bersentuhan,[bər.sən̪ˈt̪u.han]
bersepeda,/bərsəˈpeda/
bersepeda,[bər.səˈpe.da]
berserak,/bərˈseraʔ/
berserak,[bərˈse.raʔ]
berserak-serak,/bərserakˈserak/
berserakan,/bərseˈrakan/
bersertifikasi,/bərsertifiˈkasi/
bersertifikasi,[bər.ser.t̪i.fiˈka.si]
berseru,/ˈbərsəru/
berseru,[ˈbər.sə.ru]
bersi-,/bər.si/
bersibunuh,/bərsiˈbunuh/
bersibunuh,[bər.siˈbu.nʊh]
bersih,/bərsɪh/
bersihan,/bər.ˈsɪh.an/
bersihkan,/bərˈsihkan/
bersihkan,[bərˈsih.kan]
bersikejar,/bər.si.kəˈd͡ʒar/
bersila,/bərˈsila/
bersila,[bərˈsi.la]
bersin,/bərˈsin/
bersin,[bərˈsin]
bersinggung,/bərˈsiŋɡuŋ/
bersinggung,[bərˈsiŋ.ɡʊŋ]
bersinggungan,/bərsiŋˈɡuŋan/
bersinggungan,[bər.siŋˈɡu.ŋan]
bersirat,/bərˈsirat/
bersirat,[bərˈsi.rat̪̚]
bersiul,/bərˈsiul/
bersiul,[bərˈsi.ʊl]
bersopan-sopan,/bər.sɔ.panˈsɔ.pan/
bersorak,/bərˈsorak/
bersorak,[bərˈso.rak̚]
bersuara,/bərsuˈara/
bersuara,[bər.suˈa.ra]
bersuasana,/bər.ˈsu.(w)ä.rä/
bersuka-suka,/bər.su.kaˈsu.ka/
bersuka-sukaan,/bər.su.ka.suˈka.ʔan/
bersulang,/bərˈsulaŋ/
bersulang,[bərˈsu.laŋ]
bersulang-sulang,/bərˌsulaŋ ˈsulaŋ/
bersulang-sulang,[bərˌsu.laŋ ˈsu.laŋ]
bersulang-sulangan,/bərˌsulaŋ suˈlaŋan/
bersulang-sulangan,[bərˌsu.laŋ suˈla.ŋan]
bersulang-sulanglah,/bərˌsulaŋ suˈlaŋlah/
bersulang-sulanglah,[bərˌsu.laŋ suˈlaŋ.lah]
bersumbangsih,/bərsumˈbaŋsih/
bersumbangsih,[bər.sumˈbaŋ.sɪh]
bersungai,/bərˈsuŋai̯/
bersungai,[bərˈsu.ŋai̯]
berswafoto,/bərswaˈfoto/
berswafoto,[bərs.waˈfo.t̪o]
bersyukur,/bərˈʃukur/
bertabiat,/bərtaˈbiat/
bertabiat,[bər.t̪aˈbi.at̪̚]
bertahu-tahu,/bərˌtahu ˈtahu/
bertahu-tahu,/bərˌtau ˈtau/
bertahu-tahu,[bərˌt̪a.hu ˈt̪a.hu]
bertahu-tahu,[bərˌt̪a.u ˈt̪a.u]
bertahuan,/bər.taˈhu.an/
bertahukan,/bər.taˈ(h)u.kan/
bertaman,/bərˈta.man/
bertambah,/bərˈtambah/
bertambah-tambah,/bərˌtambah ˈtambah/
bertambah-tambah,[bərˌt̪am.bah ˈt̪am.bah]
bertambalan,/bərtamˈbalan/
bertambalan,[bər.t̪amˈba.lan]
bertambangan,[bərtamˈbaŋan]
bertampan,/bərˈtam.pan/
bertanah,/bərˈtanah/
bertanah,[bərˈt̪a.nah]
bertandak,/bərˈtandak/
bertandak,[bərˈt̪an.dak̚]
bertangguh,/bərˈtaŋɡuh/
bertangguh,[bərˈt̪aŋ.ɡʊh]
bertanggung jawab,/bər.taŋ.ɡʊn ˈd͡ʒa.wap̚/
bertanggunjawab,/bərtaŋɡunˈd͡ʒawab/
bertanggunjawab,[bər.t̪aŋ.ɡuɲˈd͡ʒa.wap̚]
bertani,[bərˈtani]
bertaruhan,/bərtaˈruhan/
bertaruhan,[bər.t̪aˈru.han]
bertatap muka,/bər.ta.tap̚ ˈmu.ka/
bertatap-tatapan,/bər.ta.tap̚.taˈta.pan/
bertatapan,/bər.taˈta.pan/
bertawuran,/bərtaˈwuran/
bertawuran,[bər.t̪aˈwu.ran]
bertekat,/ˈbərtəkat/
bertekat,[ˈbər.t̪ə.kat̪̚]
bertelepon,/bərteˈlepɔn/
bertelepon,[bər.t̪eˈle.pɔn]
bertempur,[bərtəmˈpʊr]
bertendang-tendangan,/bər.tən.daŋ.tənˈda.ŋan/
bertendangan,/bərtənˈdaŋan/
bertengger,/bərˈteŋɡer/
berteori,/bərteori/
berteriak,/bər.təˈri.aʔ/
berteriak-teriak,/bər.tə.ri.aʔ.təˈri.aʔ/
berterima kasih,/bərtəˌrima ˈkasih/
berterima kasih,[bər.t̪əˌri.ma ˈka.sɪh]
bertetangga,/bərtəˈtaŋɡa/
bertetangga,[bər.t̪əˈt̪aŋ.ɡa]
bertih,/bərˈtih/
bertih,[bərˈt̪ɪh]
bertimbalan,/bərtimˈbalan/
bertimbalan,[bər.t̪imˈba.lan]
bertindak,/bərˈtindak/
bertindak,[bərˈt̪in.dak̚]
bertinju,/bərˈtind͡ʒu/
bertinju,[bərˈt̪iɲ.d͡ʒu]
bertitah,/bərˈtitah/
bertitah,[bərˈt̪i.t̪ah]
bertiup,/bərˈtiup/
bertiup,[bərˈt̪i.ʊp̚]
bertombak,/bərˈtombak/
bertombak,[bərˈt̪om.bak̚]
bertuhan,/bərˈtu.han/
bertulang,/bərˈtu.laŋ/
bertulis,/bərˈtu.lɪs/
bertulisan,/bər.tuˈli.san/
bertuliskan,/bər.tuˈlɪs.kan/
bertundangan,/bərtunˈdaŋan/
bertundangan,[bər.t̪unˈda.ŋan]
bertunggu,/bərˈtuŋɡu/
bertunggu,[bərˈt̪uŋ.ɡu]
bertutup,/bərˈtu.tʊp̚/
bertutur,/bərˈtutur/
bertutur,[bərˈt̪u.t̪ʊr]
bertutur-tutur,/bərˌtutur ˈtutur/
bertutur-tutur,[bərˌt̪u.t̪ʊr ˈt̪u.t̪ʊr]
beruang,/bəˈru.aŋ/
beruang es,/bə.ru.aŋ ˈʔɛs/
beruang kutub,/bə.ru.aŋ ˈku.tʊp̚/
beruang madu,/bə.ru.aŋ ˈma.du/
berubah,/bərˈʊbah/
berudu,/bəˈrudu/
berudu,[bəˈru.du]
beruk,/bəˈruk/
beruk,[bəˈrʊk̚]
berulah,/bəˈrulah/
berulah,[bəˈru.lah]
berumpama,/bərumˈpama/
berumpama,[bə.rumˈpa.ma]
berundang,/bərˈundaŋ/
berundang,[bərˈun.daŋ]
beruntung,/bərˈuntuŋ/
beruntung,[bərˈun̪.t̪ʊŋ]
berupa,/bəˈru.pa/
berupa,[bəˈru.pa]
berus,/bəˈrʊs/
berusung,/bəˈrusuŋ/
berusung,[bəˈru.sʊŋ]
berutang,/bəˈrutaŋ/
berutang,[bəˈru.t̪aŋ]
bervideo,/bər.fi.di.ɔ/
bervideo,/bər.fiˈde.ɔ/
berwaktu,/bəˈrwaktu/
berwaktu,[bəˈrwak̚.t̪u]
berziarah,/bərziˈarah/
berziarah,[bər.ziˈa.rah]
berzikir,/bərˈzikir/
berzikir,[bərˈzi.kɪr]
berzona,/bərˈzona/
berzona,[bərˈzo.na]
besar,/bəˈsar/
besar,[bəˈsar]
besar-besaran,/bə.sar.bəˈsa.ran/
besar-besarkan,/bə.sar.bəˈsar.kan/
besaran,/bəˈsa.ran/
besarin,/bəˈsa.rin/
besarkan,/bəˈsar.kan/
beserdawa,/bəsərˈdawa/
beserdawa,[bə.sərˈda.wa]
besertifikasi,/bəsertifiˈkasi/
besertifikasi,[bə.ser.t̪i.fiˈka.si]
besi,[bəˈsi]
besikal,/bəˈsi.kal/
beskal,/bəsˈkal/
beskap,/bəsˈkap/
beskap,[bəsˈkap̚]
beslah,/bəsˈlah/
beslah,[bəsˈlah]
beslit,[ˈbɛslɪt̚]
besok,/ˈbesɔʔ̚/
bestari,/bəstari/
bestek,[ˈbɛstɛk̚]
bestir,/bəsˈtir/
bestir,[bəsˈt̪ɪr]
besuk,[bəˈsʊk]
beta,/bəˈta/
beta,/ˈbeta/
beta,[bəˈt̪a]
beta,[ˈbe.t̪a]
betah,/bəˈtah/
betah,[bəˈt̪ah]
betapa,/bəˈtapa/
betapa,[bəˈt̪a.pa]
betatas,/bəˈtatas/
betatas,[bəˈt̪a.t̪as]
betawi,/bətawi/
betik,/bəˈtiʔ/
betik,[bəˈt̪ɪʔ]
betlehem,/bɛˈtlehɛm/
betlehem,[bɛˈt̪le.hɛm]
beton,/bəˈton/
beton,[bəˈt̪on]
beton bertulang,/ˌbə.tɔn bərˈtu.laŋ/
beton prategang,/bə.ˈtɔn pra.tə.ˈɡaŋ/
betonase,/bətoˈnasə/
betonisasi,[bətoniˈsasi]
betul,/bəˈtul/
betul,[bəˈt̪ʊl]
betul-betul,/bəˌtul bəˈtul/
betul-betul,[bəˌt̪ʊl bəˈt̪ʊl]
bezel,/ˈbezəl/
bezel,[ˈbe.zəl]
bezit,[bəˈzɪt̚]
bezit,[bəˈðɪt̚]
bgm,/beˈɡe.ɛm/
bgm,[beˈɡe.ɛm]
bgn,/be.ɡe.ɛn/
bh,/ˈbe.ha/
bhayangkara,/bajaŋˈkara/
bhayangkara,[ba.jaŋˈka.ra]
bi-,[bi]
bia,/ˈbia/
bia,[ˈbi.a]
biadab,/biˈadab/
biadab,[biˈa.dap̚]
bianca,/ˈbi(j)aŋka/
bianca,/ˈbj-/
biang,/ˈbiaŋ/
biang,[ˈbi.aŋ]
bianglala,/biaŋˈlala/
bianglala,[bi.aŋˈla.la]
biar,/ˈbiar/
biar,[ˈbi.ar]
biara,/biˈara/
biara,[biˈa.ra]
biarpun,/biarˈpun/
biarpun,/biˈarpun/
biarpun,[bi.arˈpun]
biarpun,[biˈar.pʊn]
bias,[ˈbi.as]
biasa,/biˈasa/
biasa,[biˈa.sa]
biasa saja,/bi.a.sa ˈsa.d͡ʒa/
biasakan,/bi.aˈsa.kan/
biasakan,[bjaˈsa.kan]
biawak,/biˈawak/
biawak,[biˈa.wak̚]
biaya,/biˈa.ja/
biaya,[biˈa.ja]
biaya hidup,/ˈbia.ja ˈhi.dʊp̚/
biaya ikatan,/biˌa.ja iˈka.tan/
biaya ikatan,[biˌa.ja iˈka.t̪an]
biaya jarak tambahan,/biˌa.ja ˌd͡ʒa.rak tamˈba.han/
biaya jarak tambahan,[biˌa.ja ˌd͡ʒa.rak̚ t̪amˈba.han]
biaya modal,/biˌa.ja ˈmo.dal/
biaya modal,[biˌa.ja ˈmo.dal]
biaya nirtempah,/biˌa.ja ˈnir.təm.pah/
biaya nirtempah,[biˌa.ja ˈnir.t̪əm.pah]
biaya pengembalian uang,/biˌa.ja pə.ŋəm.baˌli.an ˈu.aŋ/
biaya pengembalian uang,[biˌa.ja pə.ŋəm.baˌli.an ˈu.aŋ]
bibel,/ˈbi.bəl/
bibi,/ˈbi.bi/
bibi,[ˈbi.bi]
bibimbap,[biˈbɪmbap̚]
bibir,/ˈbibir/
bibir,[ˈbi.bɪr]
bibit,/ˈbibɪt̚/
biblio,/bibˈlio/
biblio,[bip̚ˈli.o]
bibliografi,/biblioˈɡrafi/
bibliografi,[bip̚.li.oˈɡra.fi]
bibliografis,/biblioˈɡrafis/
bibliografis,[bip̚.li.oˈɡra.fɪs]
bibliotek,/bi.bliˈo.tɛk/
biblis,/ˈbiblis/
biblis,[ˈbip̚.lɪs]
bicara,/biˈt͡ʃara/
bicara,[biˈt͡ʃa.ra]
bidadari,/bidaˈdari/
bidadari,[bi.daˈda.ri]
bidah,/ˈbidah/
bidah,[ˈbit̪̚.ah]
bidai,/ˈbidai̯/
bidai,[ˈbi.dai̯]
bidak,/bidak/
bidan,/bi.dan/
bidang,/ˈbidaŋ/
bidang,[ˈbi.daŋ]
bidara,/biˈdara/
bidara,[biˈda.ra]
bidat,/ˈbidat/
bidat,[ˈbi.dat̪̚]
biduan,[biˈduan]
biduanda,/biduˈanda/
biduanda,[bi.duˈan.da]
biduk,[ˈbidʊk̚]
bienial,[bieˈnial]
bifidin,/biˈfidin/
bifidin,[biˈfi.dɪn]
bifidobakteri,/bifidoˈbaktəri/
bifidobakteri,[bi.fi.doˈbak̚.t̪ə.ri]
bigami,[biˈɡami]
bihun,/ˈbihun/
bihun,[ˈbi.hʊn]
bija,[ˈbi.d͡ʒa]
bijak,/ˈbi.d͡ʒak/
bijaksana,/bi.d͡ʒakˈsa.na/
bijan,[ˈbid͡ʒan]
biji,/ˈbid͡ʒi/
bijih,/ˈbid͡ʒih/
bijih,[ˈbi.d͡ʒɪh]
bikameralisme,/bikaməraˈlismə/
bikameralisme,[bi.ka.mə.raˈlis.mə]
bikarbonat,/bikarˈbonat/
bikarbonat,[bi.karˈbo.nat̪̚]
bikin,/ˈbikin/
bikin,[ˈbi.kɪn]
bikini,/biˈkini/
biksu,/bik.su/
biku,/bi.ku/
bila,/bi.la/
bilah,/ˈbilah/
bilah,[ˈbi.lah]
bilal,/ˈbilal/
bilal,[ˈbi.lal]
bilang,/ˈbilaŋ/
bilang,[ˈbi.laŋ]
bilangan,/biˈla.ŋan/
bilangan,/biˈlaŋan/
bilangan,[biˈla.ŋan]
bilangan pokok,/biˈlaŋan ˈpokɔk̚/
bilateral,/bilatəˈral/
bilateral,[bi.la.t̪əˈral]
biliar,[biˈliar]
bilier,/biˈliɛr/
bilier,[biˈli.ɛr]
bilik,[ˈbilɪk̚]
bilik suara,/ˈbi.lɪʔ ˈsua̯.ra/
biliun,/biˈliʊn/
bima,/ˈbima/
bimbel,/ˈbimbəl/
bimbel,[ˈbim.bəl]
bimbin,/bim.bin/
bimbing,/ˈbim.biŋ/
bimbing,[ˈbim.bɪŋ]
bimbingan,/bimˈbiŋan/
bimbingan,[bimˈbi.ŋan]
bimodal,/biˈmodal/
bimodal,[biˈmo.dal]
bina,/ˈbina/
bina diri,/bi.na ˈdi.ri/
bina marga,/ˌbi.na ˈmar.ɡa/
bina marga,[ˌbi.na ˈmar.ɡa]
binahong,/biˈnahoŋ/
binahong,[biˈna.hɔŋ]
binan,/ˈbi.nan/
binan,[ˈbi.nan]
binaraga,/binaˈraɡa/
binaraga,[bi.naˈra.ɡa]
binaragawan,/binaraˈɡawan/
binaragawan,[bi.na.raˈɡa.wan]
binaragawati,/binaraɡaˈwati/
binaragawati,[bi.na.ra.ɡaˈwa.t̪i]
binasa,/bi.na.sa/
binatang,/biˈnataŋ/
binatang,[biˈna.t̪aŋ]
binawah,/biˈnawah/
binawah,[biˈna.wah]
bincang,/ˈbint͡ʃaŋ/
bincang,[ˈbiɲ.t͡ʃaŋ]
bineka,/bi.ˈne.ka/
binen,/ˈbinən/
binen,[ˈbi.nən]
biner,/ˈbinɛr/
biner,[ˈbi.nɛr]
bingar,/ˈbiŋar/
bingkai,/ˈbiŋkai̯/
bingkai,[ˈbiŋ.kai̯]
bingsu,[ˈbɪŋsu]
bini,/ˈbini/
bini,[ˈbi.ni]
bini gelap,/ˌbini ɡəˈlap/
bini gelap,[ˌbi.ni ɡəˈlap̚]
binomial,/binoˈmial/
binomial,[bi.noˈmi.al]
bintang,/ˈbintaŋ/
bintang,[ˈbin̪.t̪aŋ]
bintang jatuh,/ˌbintaŋ ˈd͡ʒatuh/
bintang jatuh,[ˌbin̪.t̪aŋ ˈd͡ʒa.t̪ʊh]
bintang kartika,/ˌbintaŋ karˈtika/
bintang kartika,[ˌbin̪.t̪aŋ karˈt̪i.ka]
bintang tujuh,/ˌbintaŋ ˈtud͡ʒuh/
bintang tujuh,[ˌbin̪.t̪aŋ ˈt̪u.d͡ʒʊh]
bintara,/bin.ta.ra/
bintik,/ˈbintik/
bintik,[ˈbin̪.t̪ɪk̚]
bintik buta,/ˌbin.tik ˈbu.ta/
bintik buta,[ˌbin̪.t̪ɪk̚ ˈbu.t̪a]
binturung,/bɪnˈturʊŋ/
binungku,/biˈnuŋku/
binungku,[biˈnuŋ.ku]
bio,/ˈbio/
bio,[ˈbi.o]
bioaktif,[bioˈaktɪf]
bioakumulasi,/biwakumuˈlasi/
bioakumulasi,[bi.wa.ku.muˈla.si]
biobibliografi,/bi.o.bib.li.oɡˈra.fi/
biobibliografi,[bi.o.bip̚.li.ok̚ˈra.fi]
biodegradasi,[biodeɡraˈdasi]
bioetik,/bioˈetik/
bioetik,[bi.oˈe.t̪ɪk̚]
bioetika,/bioeˈtika/
bioetika,[bi.o.eˈt̪i.ka]
biofisika,[biofiˈsika]
biogenesis,/bioɡeˈnesis/
biogenesis,[bi.o.ɡeˈne.sɪs]
biografi,/bioˈɡrafi/
biografi,[bi.oˈɡra.fi]
biografis,/bioˈɡrafis/
biografis,[bi.oˈɡra.fɪs]
bioindikator,/bioɪndiˈkatɔr/
bioinformatika,/bio.ɪn.fɔr.ma.ˈti.ka/
biola,[biˈola]
biologi,/bioˈloɡi/
biologi,[bi.oˈlo.ɡi]
biologi molekuler,/bio.lo.ɡi mo.lə.ˈku.lɛr/
biologis,/bioˈloɡɪs/
bioma,[ˈbio̯ma]
biomagnifikasi,/biomaɡnifiˈkasi/
biomagnifikasi,[bi.o.mak̚.ni.fiˈka.si]
biomassa,[bioˈmassa]
biomedis,[bioˈmɛdɪs]
biopsi,[biˈɔpsi]
bioritme,[bioˈrɪtmə]
biosfer,/biˈɔsfɛr/
biosfer,[biˈɔs.fɛr]
bioskop,/biˈoskop/
bioskop,[biˈo.skɔp̚]
biostatika,/bi.o.sta.ˈti.ka/
bipa,/ˈbipa/
biparietal,/bipariˈetal/
biparietal,[bi.pa.riˈe.t̪al]
biped,/ˈbipɛd/
biped,[ˈbi.pɛt̪̚]
bipedal,/biˈpedal/
bipedal,[biˈpe.dal]
bipolaritas,/bipolaˈritas/
bipolaritas,[bi.po.laˈri.t̪as]
bipolisentrisme,/bipolisənˈtrismə/
bipolisentrisme,[bi.po.li.sən̪ˈt̪ris.mə]
bir,[ˈbɪr]
birama,[biˈra.ma]
biri,/ˈbiri/
biri,[ˈbi.ri]
biri-biri,/ˌbiri ˈbiri/
biri-biri,[ˌbi.ri ˈbi.ri]
biring,/ˈbi.rɪŋ/
biro,/bi.ro/
biro perjalanan,/ˈbi.ro pər.d͡ʒa.ˈlan.an/
birokrasi,/biroˈkrasi/
birokrasi,[bi.roˈkra.si]
birokrat,[biˈrokrat]
birokratis,[biroˈkratɪs]
birsam,/ˈbirsam/
birsam,[ˈbir.sam]
biru,/ˈbi.ru/
biru ceraka,/ˈbi.ru t͡ʃə.ˈra.ka/
biru empedu,/ˈbi.ru əm.pə.ˈdu/
biru giok,/ˈbi.ru ˈɡi.ɔk/
biru jelak,/ˈbi.ru d͡ʒə.ˈlak/
biru kelasi,/ˈbi.ru kə.ˈla.si/
biru langit,/ˌbiru ˈlaŋit/
biru langit,[ˌbi.ru ˈla.ŋɪt̪̚]
biru laut,/ˈbi.ru ˈla.ʊt/
biru lebam,/ˈbi.ru lə.ˈbam/
biru panci,/ˈbi.ru ˈpan.t͡ʃi/
biru pelangi,/ˈbi.ru pə.ˈla.ŋi/
biru pirus,/ˈbi.ru ˈpi.rʊs/
biru porselen,/ˈbi.ru pɔr.sə.ˈlɛn/
biru telang,/ˈbi.ru tə.ˈlaŋ/
biru telur itik,/ˈbi.ru tə.ˈlʊr ˈi.tɪk/
bis,/ˈbɪs/
bisa,/ˈbisa/
bisa,[ˈbi.sa]
bisai,[ˈbisai̯]
bisak,/bi.saʔ/
bisban,/ˈbɪsban/
biseps,[ˈbisɛp(s)]
bisi,/ˈbisi/
bisi,[ˈbi.si]
bisik,/ˈbisik/
bisik,[ˈbi.sɪk̚]
bising,/ˈbisiŋ/
bising,[ˈbi.sɪŋ]
bisitopenia,/bisitopeˈnia/
bisitopenia,[bi.si.t̪o.peˈni.a]
biskuit,/bisˈkuit/
biskuit,[bisˈku.ɪt̪̚]
bisnis,[ˈbɪsnɪs]
bison,[ˈbisɔn]
bispak,/ˈbispak/
bispak,[ˈbis.pak̚]
bistik,[ˈbɪstɪk̚]
bisturi,/bisˈturi/
bisturi,[bisˈt̪u.ri]
bisyar,/ˈbiʃar/
bisyar,[ˈbi.ʃar]
bit,/ˈbit/
bit,[ˈbɪt̪̚]
bita,/ˈbi.ta/
bitemporal,/bitɛmˈporal/
bitemporal,[bi.t̪ɛmˈpo.ral]
biterbalen,/bitərˈbalən/
biterbalen,[bi.t̪ərˈba.lən]
bitumen,[biˈtumɛn]
bius,[ˈbiʊs]
bivariat,/bivaˈriat/
bivariat,[bi.faˈri.at̪̚]
biwara,/bi.ˈwa.ra/
biyodu,/biˈjodu/
biyodu,[biˈjo.du]
bjir,/bed͡ʒeˈier/
bjir,/bid͡ʒei̯ˈai̯ar/
bjir,/bəˈd͡ʒir/
bjir,[be.d͡ʒeˈi.ɛr]
bjir,[bi.d͡ʒei̯ˈai̯.ar]
bjir,[bəˈd͡ʒɪr]
blak-blakan,/ˌblak ˈblakan/
blak-blakan,[ˌblak̚ ˈbla.kan]
blangko,/ˈblaŋko/
blangko,[ˈblaŋ.ko]
blangwir,[ˈblaŋwɪr]
blas on,/ˌblas ˈon/
blas on,[ˌblas ˈɔn]
blaster,/ˈblastər/
blaster,[ˈblas.t̪ər]
blastomikosis,/blastomiˈkosis/
blastomikosis,[blas.t̪o.miˈko.sɪs]
blb,/be.ɛl.be/
blefarospasme,/blefaroˈspasmə/
blefarospasme,[ble.fa.roˈspas.mə]
blek,/blɛk/
blewah,/ˈblewah/
blewah,[ˈble.wah]
bliding,/ˈblidiŋ/
bliding,[ˈbli.dɪŋ]
blk,/be.ɛl.ka/
blok,[ˈblɔk̚]
blokade,/bloˈkadə/
blokade,[bloˈka.də]
blokir,/ˈblokir/
blokir,[ˈblo.kɪr]
bloknot,[ˈblɔk̚nɔt̚]
blower,/ˈblowər/
blower,[ˈblo.wər]
bluderu,/ˈbludəru/
bluderu,[ˈblu.də.ru]
bludrek,[ˈblʊdrək]
blumbak,/ˈblʊmbak̚/
blumkol,[ˈblʊmkɔl]
blus,[ˈblʊs]
blush on,/bəˌlas ˈon/
blush on,[bəˌlas ˈɔn]
blusuk,[ˈblusʊk̚]
bmn,/beˈɛm.ɛn/
bmn,[beˈɛm.ɛn]
bnkp,/be.ɛnˈka.pe/
bnkp,[be.ɛnˈka.pe]
bnn,/beˈɛnɛn/
bno,/be.ɛn.o/
bnpt,/beɛnˈpete/
bnsp,/beɛnˈɛspe/
boa,[ˈboa̯]
boba,/ˈboba/
boba,[ˈbo.ba]
bobo,/ˈbobo/
bobo,[ˈbo.bo]
bobok,/ˈbobok/
bobok,/ˈboboʔ/
bobok,[ˈbo.bɔk̚]
bobok,[ˈbo.bɔʔ]
bobok-bobok siang,/ˌbobok ˌbobok ˈsiaŋ/
bobok-bobok siang,[ˌbo.bɔk̚ ˌbo.bɔk̚ ˈsi.aŋ]
bobokan,/boˈboʔan/
bobokan,[boˈbo.ʔan]
bobot,/ˈbobot/
bobot,[ˈbo.bɔt̪̚]
bobrok,/bo.brɔk/
bocah,[ˈbot͡ʃah]
bocil,[botʃɪl]
bocor,[ˈbo.t͡ʃor]
bocuan,/ˈbo.t͡ʃua̯n/
bodi,[ˈbodi]
bodo,/ˈbo.do/
bodo,/ˈbo.doʔ/
bodoh,/ˈbodoh/
bodoh,[ˈbo.dɔh]
bodok,/ˈbodɔk̚/
boga,[ˈboɡa]
boga bahari,/ˌbo.ɡa baˈha.ri/
boga bahari,[ˌbo.ɡa baˈha.ri]
bogi,/ˈboɡi/
bogi,[ˈbo.ɡi]
bogie,/boˈɡiə/
bogie,[boˈɡi.ə]
bogor,/ˈboɡor/
bogor,[ˈbo.ɡɔr]
bohir,/ˈbohir/
bohir,[ˈbo.hɪr]
bohlam,[ˈbɔhlam]
bohong,/bo.hoŋ/
boi,/ˈboi̯/
boi,[ˈboi̯]
boikot,/ˈboi̯kot/
boikot,[ˈboi̯.kɔt̪̚]
bokap,/ˈbokap/
bokap,/ˈbɔkap/
bokap,[ˈbo.kap̚]
bokap,[ˈbɔ.kap̚]
bokeh,[ˈbokɛh]
bokek,/ˈbokɛʔ/
bokek,[ˈbo.kɛʔ]
bokep,/ˈbokɛp/
bokep,[ˈbo.kɛp̚]
boker,/ˈbɔ.kɛr/
bokin,/ˈbokin/
bokin,[ˈbo.kɪn]
bokis,/ˈbokis/
bokis,[ˈbo.kɪs]
bokong,/ˈbokoŋ/
bokong,[ˈbo.kɔŋ]
boks,[ˈbɔks]
boksen,/ˈboksən/
boksen,[ˈbok̚.sən]
bokser,[ˈbɔksər]
boksu,/ˈbɔk̚.su/
bokugo,[boˈkuɡo]
bokul,/ˈbo.kul/
bokul,[ˈbo.kʊl]
bokurai,/boˈkurai̯/
bokurai,[boˈku.rai̯]
bola,/ˈbola/
bola,[ˈbo.la]
bola basket,/ˌbola ˈbaskət/
bola basket,[ˌbo.la ˈbas.kət̪̚]
bola voli,/ˈbo.la ˈvo.li/
bolak-balik,/ˌbolak ˈbalik/
bolak-balik,/ˌbolaʔ ˈbaliʔ/
bolak-balik,[ˌbo.lak̚ ˈba.lɪk̚]
bolak-balik,[ˌbo.laʔ ˈba.lɪʔ]
bolang-baling,/ˌbolaŋ ˈbaliŋ/
bolang-baling,[ˌbo.laŋ ˈba.lɪŋ]
boleh,/ˈbolɛh/
boleh,[ˈbo.lɛh]
bolehan,/bɔˈlɛ.han/
bolero,[boˈlero]
boling,[ˈbolɪŋ]
bolong,/ˈbolɔŋ/
bolong,[ˈbo.lɔŋ]
bolos,/ˈbɔlɔs/
bolos,[ˈbɔ.lɔs]
bolpen,[ˈbɔlpɛn]
bolpoin,[ˈbolpoin]
bolu,/ˈbolu/
bom,[ˈbɔm]
bom waktu,/ˌbom ˈwaktu/
bom waktu,[ˌbɔm ˈwak̚.t̪u]
bombardemen,[bɔmbardəˈmɛn]
bombardir,/bɔmˈbardir/
bombardir,[bɔmˈbar.dɪr]
bombas,[ˈbɔmbas]
bombastis,[bɔmˈbastɪs]
bon,/ˈbon/
bon,[ˈbon]
bonafide,/bonaˈfide/
bonafide,[bo.naˈfi.de]
bonanza,/boˈnan.za/
bonanza,[boˈnan.za]
bonapartis,/bonaˈpartis/
bonapartis,[bo.naˈpar.t̪ɪs]
bonapartisme,/bonaparˈtismə/
bonapartisme,[bo.na.parˈt̪is.mə]
bonbon,[ˈbɔnbɔn]
bondol,/ˈbondol/
bondol,[ˈbon.dɔl]
boneka,/boˈnɛka/
boneka,[boˈnɛ.ka]
bong,/ˈboŋ/
bong,[ˈboŋ]
bong,[ˈbɔŋ]
bonsai,[ˈbɔnsai̯]
bontang,/ˈbɔntaŋ/
bonus,/ˈbonus/
bonus,[ˈbo.nʊs]
boplang,[bɔpˈlaŋ]
bor,/ˈbɔr/
bor,[ˈbɔr]
boraks,/ˈboraks/
boraks,[ˈbo.raks]
borang,/ˈbɔraŋ/
borat,/ˈborat/
borat,[ˈbo.rat̪̚]
bordes,[ˈbɔrdɛs]
bordil,/bordɪl/
bordir,[ˈbɔrdɪr]
bordu,[borˈdū]
borduria,/borduˈria/
borduria,[bor.duˈri.a]
boreh,[ˈborəh]
boreh,[ˈborɛh]
borgol,/ˈbɔrɡɔl/
borgol,[ˈbɔr.ɡɔl]
borjuasi,[bɔrd͡ʒuˈasi]
borjuis,[bɔrˈd͡ʒu.ɪs]
boro-boro,/ˌboro ˈboro/
boro-boro,[ˌbo.ro ˈbo.ro]
borok,/ˈbɔ.rɔk̚/
boron,/ˈboron/
boron,[ˈbo.rɔn]
borong,/ˈboroŋ/
boros kata,/ˌbɔ.rɔs ˈka.ta/
boros kata,[ˌbɔ.rɔs ˈka.t̪a]
bos,/ˈbos/
bos,[ˈbɔs]
bosisme,/boˈsismə/
bosisme,[boˈsis.mə]
bosman,[ˈbɔsman]
bosnia dan herzegovina,/ˈbɔs.ni.jä ˈdän hɛr.zə.ɡo̞ˈvi.nä/
bot,/ˈbot/
bot,[ˈbɔt̪̚]
bota,/bo.ta/
botak,/ˈbɔtaʔ/
botak,[ˈbɔ.t̪aʔ]
botang,/ˈbotaŋ/
botang,[ˈbo.t̪aŋ]
botani,/boˈtani/
botani,[boˈt̪a.ni]
botel,/ˈbotɛl/
botel,[ˈbo.t̪ɛl]
boti,/ˈboti/
boti,[ˈbo.t̪i]
botoh,/ˈbotoh/
botoh,[ˈbo.t̪ɔh]
botok,/ˈbɔ.tɔʔ/
botok,[ˈbɔ.t̪ɔʔ]
botol,[ˈbo.tɔl]
botulisme,[botuˈlɪsmə]
bowo,/ˈbowo/
bowo,[ˈbo.wo]
bozah,/ˈbozah/
bp,/ˈbe.pe/
bp,[ˈbe.pe]
bp4,/be.pe.əm.ˈpat/
bphtb,/be.pe.haˈte.be/
bphtb,[be.pe.haˈt̪e.be]
bpjs,/bepeˈd͡ʒeɛs/
bpk,/beˈpeka/
bpk,[beˈpe.ka]
bpkb,/be.pe.ˈka.be/
bpm,/beˈpe.ɛm/
bpm,[beˈpe.ɛm]
bpn,/be.pe.ɛn/
bppd,/be.pe.pe.de/
bpr,/be.ˈpe.ɛr/
bps,/be.ˈpe.ɛs/
bradikardi,/bradiˈkardi/
bradikardi,[bra.diˈkar.di]
bradikardia,/bra.di.ˈkar.dia̯/
bradikinesia,/bradikineˈsia/
bradikinesia,[bra.di.ki.neˈsi.a]
bradikusia,/bradikuˈsia/
bradikusia,[bra.di.kuˈsi.a]
brahmana,/brahˈmana/
brak,/ˈbrak/
brak,[ˈbrak̚]
brakhialis,/braxiˈalis/
brakhialis,[bra.xiˈa.lɪs]
brakidaktili,/brakidakˈtili/
brakidaktili,[bra.ki.dak̚ˈt̪i.li]
brakiterapi,/brakiteˈrapi/
brakiterapi,[bra.ki.t̪eˈra.pi]
bramacorah,/bramaˈt͡ʃorah/
branjangan,/branˈd͡ʒaŋan/
branjangan,[braɲˈd͡ʒa.ŋan]
brankar,/brankar/
brankas,/ˈbraŋkas/
brankas,[ˈbraŋ.kas]
branwir,[ˈbranwɪr]
braseri,/bra.sə.ˈri/
braseri,/bra.ˈse.ri/
brata,[ˈbra.ta]
bravo,/ˈbra.vo/
bravo,[ˈbra.fo]
brebes,/ˈbrəbəs/
brebes,[ˈbrə.bəs]
bregada,/brəˈɡa.da/
bregada,[brəˈɡa.da]
breidel,/bəˈrɛ(j)dɛl/
breksia,/brɛkˈsia/
breksia,[brɛk̚ˈsi.a]
brem,/ˈbrəm/
brem,[ˈbrəm]
brevet,/ˈbrɛvɛt/
brevet,[ˈbrɛ.fɛt̪̚]
brewu,/brəˈwu/
brewu,[brəˈwu]
bri,/bɛˈɛri/
bri,[bɛˈɛr.i]
brigade,[briˈɡadə]
brigadir,[briˈɡad̪ɪr]
brigtar,/ˈbriɡtar/
brigtar,[ˈbrik̚.t̪ar]
briket,[ˈbrikɛt̚]
brilian,[briˈlian]
brim,[ˈbrɪm]
brimob,/ˈbri.mob/
brimob,[ˈbri.mɔp̚]
brinji,/ˈbrind͡ʒi/
brinji,[ˈbriɲ.d͡ʒi]
britania raya,[briˈtania̯ ˈraja]
brokap,/ˈbrokap/
brokap,[ˈbro.kap̚]
brokat,[ˈbrokat̚]
brokoli,[broˈkoli]
bromat,/ˈbromat/
bromat,[ˈbro.mat̪̚]
bromhidrosis,/bromhidˈrosis/
bromhidrosis,[brom.hit̪̚ˈro.sɪs]
bromida,/broˈmida/
bromida,[broˈmi.da]
bromidrosis,/bromiˈdrosis/
bromidrosis,[bro.miˈdro.sɪs]
brompit,[ˈbrɔmpɪt]
bronkial,/bronˈkial/
bronkial,[bronˈki.al]
bronkiolektasis,/bronkiolɛkˈtasis/
bronkiolektasis,[bron.ki.o.lɛk̚ˈt̪a.sɪs]
bronkiolitis,/bronkioˈlitis/
bronkiolitis,[bron.ki.oˈli.t̪ɪs]
bronkiolus,/bronkiˈolus/
bronkiolus,[bron.kiˈo.lʊs]
bronkitis,/bronˈkitis/
bronkitis,[bronˈki.t̪ɪs]
bronkitis kronis,/bronˌkitis ˈkronis/
bronkitis kronis,[bronˌki.t̪ɪs ˈkro.nɪs]
bronkodilatasi,/bronkodilaˈtasi/
bronkodilatasi,[bron.ko.di.laˈt̪a.si]
bronkoesofagologi,/bronkoesofaɡoˈloɡi/
bronkoesofagologi,[bron.ko.e.so.fa.ɡoˈlo.ɡi]
bronkokonstriksi,/bronkokonsˈtriksi/
bronkokonstriksi,[bron.ko.konsˈt̪rik̚.si]
bronkopneumonia,/bronkopneumoˈnia/
bronkopneumonia,[bron.ko.pne.u.moˈni.a]
bronkoskop,/bronˈkoskop/
bronkoskop,[bronˈkos.kɔp̚]
bronkoskopi,/bronkosˈkopi/
bronkoskopi,[bron.kosˈko.pi]
bronkospasme,/bronkosˈpasmə/
bronkospasme,[bron.kosˈpas.mə]
bronkotomi,/bronkoˈtomi/
bronkotomi,[bron.koˈt̪o.mi]
bros,/ˈbrɔs/
bros,[ˈbrɔs]
brosur,[ˈbro.sʊr]
brotowali,/brotoˈwali/
brotowali,[bro.t̪oˈwa.li]
brudel,/ˈbrudəl/
brudel,[ˈbru.dəl]
bruder,/ˈbrudər/
bruder,[ˈbru.dər]
bruksisme,/brukˈsismə/
bruksisme,[bruk̚ˈsis.mə]
brunei,/ˈbrunei̯/
brunei,[ˈbru.nei̯]
brunois,[bruˈnoɪs]
brur,/ˈbrur/
brur,[ˈbrʊr]
brutal,[ˈbrutal]
bruto,/ˈbruto/
bruto,[ˈbru.t̪o]
btkv,/be.teˈka.ve/
btkv,[be.t̪eˈka.fe]
bu,/ˈbe.u/
buah,/ˈbuah/
buah,[ˈbu.ah]
buah dada,/ˌbuah ˈdada/
buah dada,[ˌbu.ah ˈda.da]
buah pinggang,[ˈbuah ˈpɪŋɡaŋ]
buai,/ˈbuai̯/
buai,[ˈbu.ai̯]
buaian,/buˈa.jan/
buana,/bua̯.na/
buang,/ˈbuaŋ/
buang,[ˈbu.aŋ]
buang air,/bu.aŋ ˈa.ɪr/
buang air besar,/bu.aŋ a.ɪr bəˈsar/
buang air darah,/bu.aŋ a.ɪr ˈda.rah/
buang air kecil,/bu.aŋ a.ɪr kəˈtʃɪl/
buang angin,/bu.aŋ ˈa.ŋɪn/
buang badan,/bu.aŋ ˈba.dan/
buang gas,/bu.aŋ ˈɡas/
buang sirih,/bu.aŋ ˈsi.rɪh/
buang-buang,/ˌbuaŋ ˈbuaŋ/
buang-buang,[ˌbu.aŋ ˈbu.aŋ]
buangan,/buˈa.ŋan/
buangin,/buˈa.ŋɪn/
buangkan,/buˈaŋ.kan/
buas,/ˈbuas/
buat,/ˈbuat/
buat,[ˈbu.at̪̚]
buatan,/buˈatan/
buatan,[buˈa.t̪an]
buatan tangan,/buatan ˈtaŋan/
buatkan,/buˈatkan/
buatkan,[buˈat̪̚.kan]
buaya,/buˈaja/
buaya,[buˈa.ja]
buaya darat,/buˌaja ˈdarat/
buaya darat,[buˌa.ja ˈda.rat̪̚]
bubar,/ˈbubar/
bubar,[ˈbu.bar]
bubat,/ˈbubat/
bubat,[ˈbu.bat̪̚]
bubo,/ˈbubo/
bubo,[ˈbu.bo]
bubuhkan,/buˈbuhkan/
bubuhkan,[buˈbuh.kan]
bubuk,/ˈbu.buk/
bubuk,[ˈbu.bʊk̚]
bubur,/ˈbubur/
bubur,[ˈbu.bʊr]
bubur kanji rumbi,/ˈbubʊr ˈkand͡ʒi ˈrʊmbi/
bubut,/ˈbubut/
bubut,[ˈbu.bʊt̪̚]
bucin,[ˈbut͡ʃɪn]
budak,/ˈbudak/
budak,/ˈbudaʔ/
budak,[ˈbu.dak̚]
budak,[ˈbu.daʔ]
budak cinta,/buˈdak ˈt͡ʃin.ta/
budaya,/buˈdaja/
budaya,[buˈda.ja]
budel,/ˈbu.dəl/
budi,/bu.di/
budi pekerti,/ˈbudi pəkərˈti/
budiman,/bu.di.man/
budiono,/budiˈono/
budiono,[bu.diˈo.no]
budu,/ˈbudu/
budu,[ˈbu.du]
buduk,/ˈbuduk/
buduk,[ˈbu.dʊk̚]
bufer,[ˈbufər]
bufet,[ˈbufɛt̚]
bug,/ˈbaɡ/
bug,/ˈbuɡ/
bug,[ˈbak̚]
bug,[ˈbʊk̚]
bugaku,/buˈɡaku/
bugaku,[buˈɡa.ku]
bugenvil,[buˈɡɛnvɪl]
bugil,/ˈbuɡɪl/
bugis,/ˈbuɡis/
bugis,[ˈbu.ɡɪs]
buhul,/ˈbuhul/
buhul,[ˈbu.hʊl]
bui,[ˈbui̯]
builon,[ˈbui̯lɔn]
bujang,/ˈbud͡ʒaŋ/
bujang,[ˈbu.d͡ʒaŋ]
bujangga,/bu.d͡ʒaŋ.ɡa/
bujet,[ˈbu.d͡ʒɛt]
bujeter,[buˈd͡ʒɛtɛr]
bujuk,/ˈbud͡ʒuʔ/
bujuk,[ˈbu.d͡ʒʊʔ]
bujukan,/buˈd͡ʒu.kan/
bujuki,/buˈd͡ʒuki/
bujuki,[buˈd͡ʒu.ki]
buk,/ˈbuk/
buk,/ˈbuʔ/
buk,[ˈbʊk̚]
buk,[ˈbʊʔ]
buka,/ˈbuka/
buka,[ˈbu.ka]
buka kemas,/ˈbu.ka kəˈmas/
buka mulut,/bu.ka ˈmu.lʊt̚/
buka-bukaan,/ˌbuka buˈkaan/
buka-bukaan,[ˌbu.ka buˈka.(ʔ)an]
bukaan,/buˈka.ʔan/
bukai,/ˈbu.kai̯/
bukain,/buˈka.ɪn/
bukak,/ˈbukak̚/
bukak,/ˈbukaʔ/
bukakan,/buˈka.kan/
bukake,/buˈkake/
bukake,[buˈka.ke]
bukan,/ˈbukan/
bukan,[ˈbu.kan]
bukber,/ˈbukbər/
bukber,[ˈbuk̚.bər]
buket,[ˈbu.kɛt̪]
bukit,/ˈbukit/
bukit,[ˈbu.kɪt̪̚]
bukti,/ˈbukti/
bukti,[ˈbuk̚.t̪i]
buku,/ˈbuku/
buku,[ˈbu.ku]
buku acuan,[ˈbuku ˈat͡ʃuan]
buku ajar,[ˈbuku ˈad͡ʒar]
buku besar,[ˈbuku bəˈsar]
buku biru,/ˌbu.ku ˈbi.ru/
buku biru,[ˌbu.ku ˈbi.ru]
buku harian,/bu.ku haˈri.an/
buku hitam,/ˌbu.ku ˈhi.tam/
buku hitam,[ˌbu.ku ˈhi.t̪am]
buku induk,[ˈbuku ˈɪndʊk̚]
buku pedoman,/ˈbu.ku pə.ˈdo.man/
buku pedoman kearsipan,/ˈbu.ku pə.ˈdo.man kə.ar.ˈsɪp.an/
buku pegangan,/ˈbu.ku pə.ˈɡaŋ.an/
buku putih,/ˈbu.ku ˈpu.tɪh/
buku referensi,[ˈbuku refəˈrɛnsi]
buku rujukan,[ˈbuku ruˈd͡ʒukan]
buku utang,/ˌbu.ku ˈu.taŋ/
buku utang,[ˌbu.ku ˈu.t̪aŋ]
bukun,/ˈbukun/
bukun,[ˈbu.kʊn]
bulai,[bulai̯]
bulan,/ˈbulan/
bulan,[ˈbu.lan]
bulan sabit,/ˌbulan ˈsabit/
bulan sabit,[ˌbu.lan ˈsa.bɪt̪̚]
bulan sabit merah,/ˌbulan ˌsabit ˈmerah/
bulan sabit merah,[ˌbu.lan ˌsa.bɪt̪̚ ˈme.rah]
bulat,/ˈbulat/
bulat,[ˈbu.lat̪̚]
bulbul,/ˈbʊlbʊl/
bulbus,/ˈbulbus/
bulbus,[ˈbul.bʊs]
buldog,[ˈbʊldɔk̚]
buldoser,/bulˈdosər/
buldoser,[bulˈdo.sər]
buletin,[buləˈtɪn]
bulevar,[buləˈfar]
bulevar,[buləˈpar]
bulevar,[buləˈvar]
bulgaria,/bulɡaˈria/
bulgaria,[bul.ɡaˈri.a]
bulimia,/buliˈmia/
bulimia,[bu.liˈmi.a]
bulmat,/ˈbulmat/
bulmat,[ˈbul.mat̪̚]
bulsak,[ˈbʊlsak]
bultek,/ˈbultek/
bultek,[ˈbul.t̪ɛk̚]
bulu,/ˈbulu/
bulu,[ˈbu.lu]
bulu babi,/bu.lu ˈba.bi/
bulu jarum,/ˌbulu ˈd͡ʒarum/
bulu jarum,[ˌbu.lu ˈd͡ʒa.rʊm]
bulu kapuk,/ˌbulu ˈkapuk/
bulu kapuk,[ˌbu.lu ˈka.pʊk̚]
bulu lawi,/ˌbulu ˈlawi/
bulu lawi,[ˌbu.lu ˈla.wi]
bulu mata,/ˌbulu ˈmata/
bulu mata,[ˌbu.lu ˈma.t̪a]
bulu tangkis,/ˌbu.lu ˈtaŋ.kis/
bulu tangkis,[ˌbu.lu ˈt̪aŋ.kɪs]
buluh,/ˈbuluh/
buluh,[ˈbu.lʊh]
bulungan,/buˈluŋan/
bulungan,[buˈlu.ŋan]
bulus,/ˈbulus/
bulus,[ˈbu.lʊs]
bum,/ˈbum/
bum,[ˈbum]
bumantara,/bumanˈtara/
bumantara,[bu.man̪ˈt̪a.ra]
bumbu,/ˈbumbu/
bumbu,[ˈbum.bu]
bumbung,/ˈbum.buŋ/
bumbung,[ˈbum.bʊŋ]
bumerang,[buməˈraŋ]
bumi,/ˈbumi/
bumi,[ˈbu.mi]
bumil,/ˈbumil/
bumil,[ˈbu.mɪl]
bumiputra,/bumiˈputra/
bumiputra,/bumiˈputəra/
bumiputra,[bu.miˈpu.t̪ra]
bumiputra,[bu.miˈpu.t̪ə.ra]
bumn,/be.uˈɛm.ɛn/
bumn,[be.uˈɛm.ɛn]
bumper,/ˈbampər/
bumper,/ˈbumpər/
bumper,[ˈbam.pər]
bumper,[ˈbum.pər]
buncis,/bun.t͡ʃɪs/
bunda,/ˈbunda/
bunda,[ˈbun.da]
bundar,/ˈbundar/
bundar,[ˈbun.dar]
bundaran,/bunˈdaran/
bundaran,[bunˈda.ran]
bundel,/ˈbʊndəl/
bundir,/ˈbundir/
bundir,[ˈbun.dɪr]
bunga,/ˈbuŋa/
bunga,[ˈbu.ŋa]
bunga akrual,/ˌbu.ŋa akˈru.al/
bunga akrual,[ˌbu.ŋa ak̚ˈru.al]
bunga banci,/ˌbuŋa ˈbant͡ʃi/
bunga banci,[ˌbu.ŋa ˈbaɲ.t͡ʃi]
bunga berbunga,/ˈbuŋa bərˈbuŋa/
bunga berkas,/ˌbuŋa bərˈkas/
bunga berkas,[ˌbu.ŋa bərˈkas]
bunga bongkol,/ˌbuŋa ˈboŋkol/
bunga bongkol,[ˌbu.ŋa ˈboŋ.kɔl]
bunga cawan,/ˌbuŋa ˈt͡ʃawan/
bunga cawan,[ˌbu.ŋa ˈt͡ʃa.wan]
bunga kipas,/ˌbuŋa ˈkipas/
bunga kipas,[ˌbu.ŋa ˈki.pas]
bunga kol,[ˈbuŋa ˈkɔl]
bunga lembing,/ˌbuŋa ləmˈbiŋ/
bunga lembing,[ˌbu.ŋa ləmˈbiŋ]
bunga majemuk,[ˈbuŋa mad͡ʒəˈmʊʔ]
bunga mengambang,/ˈbuŋa məˈŋambaŋ/
bunga payung,/ˌbuŋa ˈpajuŋ/
bunga payung,[ˌbu.ŋa ˈpa.jʊŋ]
bunga piringan,/ˌbuŋa piˈriŋan/
bunga piringan,[ˌbu.ŋa piˈri.ŋan]
bunga raya,[ˈbuŋa ˈraja]
bunga sabit,/ˌbuŋa ˈsabit/
bunga sabit,[ˌbu.ŋa ˈsa.bɪt̪̚]
bunga sekrup,/ˌbuŋa səkˈrup/
bunga sekrup,[ˌbu.ŋa sək̚ˈrʊp̚]
bunga tandan,/ˌbuŋa ˈtandan/
bunga tandan,[ˌbu.ŋa ˈt̪an.dan]
bunga tangga,/ˌbuŋa ˈtaŋɡa/
bunga tangga,[ˌbu.ŋa ˈt̪aŋ.ɡa]
bunga tetap,/ˈbuŋa təˈtap̚/
bunga tongkol,/ˌbuŋa ˈtɔŋkɔl/
bunga tongkol,[ˌbu.ŋa ˈt̪oŋ.kɔl]
bunga untai,/ˌbuŋa ˈuntai̯/
bunga untai,[ˌbu.ŋa ˈun̪.t̪ai̯]
bunga-bungaan,/ˈbu.ŋa.buˈŋa.an/
bungalan,/bu.ˈŋa.lan/
bungker,/ˈbuŋkər/
bungker,[ˈbuŋ.kər]
bungkil,/ˈbuŋkil/
bungkil,[ˈbuŋ.kɪl]
bungkus,/ˈbʊŋkʊs/
bungkus gelembung,/ˈbʊŋkʊs ɡələmˈbʊŋ/
bungkusan,/buŋˈkusan/
bungkusan,[buŋˈku.san]
bunglon,/ˈbuŋlon/
bunglon,[ˈbuŋ.lɔn]
bungsu,/buŋsu/
bungsut,/ˈbʊŋsʊt̚/
buni,/ˈbu.ni/
buni,[ˈbu.ni]
bunion,/buˈnion/
bunion,[buˈni.ɔn]
bunker,[ˈbʊŋkər]
bunraku,/bunˈraku/
bunraku,[bunˈra.ku]
bunting,/ˈbuntiŋ/
bunting,[ˈbun̪.t̪ɪŋ]
buntu,/ˈbuntu/
buntu,[ˈbun̪.t̪u]
buntut,/ˈbuntut/
buntut,[ˈbun̪.t̪ʊt̪̚]
bunuh,/ˈbunuh/
bunuh,[ˈbu.nʊh]
bunuh diri,/ˌbunuh ˈdiri/
bunuh diri,[ˌbu.nʊh ˈdi.ri]
bunuh-bunuhan,/ˌbunuh buˈnuhan/
bunuh-bunuhan,[ˌbu.nʊh buˈnu.han]
bunuh-membunuh,/ˌbunuh məmˈbunuh/
bunuh-membunuh,[ˌbu.nʊh məmˈbu.nʊh]
bunyi,/ˈbuɲi/
bunyi,[ˈbu.ɲi]
bunyi-bunyian,/ˌbuɲi buˈɲian/
bunyi-bunyian,[ˌbu.ɲi buˈɲi.an]
bupati,/buˈpati/
bupati,[buˈpa.t̪i]
bura,[ˈbura]
buram,[ˈburam]
bureng,[ˈburəŋ]
buret,[ˈburɛt̚]
burhan,/ˈburhan/
burhan,[ˈbur.han]
burit,/ˈburit/
burit,[ˈbu.rɪt̪̚]
buritan,[buˈritan]
burket,/ˈburket/
burket,[ˈbur.kɛt̪̚]
burloka,/burˈloka/
burloka,[burˈlo.ka]
buron,/ˈburon/
buron,[ˈbu.rɔn]
bursa,[ˈbʊr.sa]
bursa efek,[ˈbʊrsa ˈefek]
bursa saham,[ˈbʊrsa ˈsaham]
buru-buru,/ˌburu ˈburu/
buru-buru,[ˌbu.ru ˈbu.ru]
buruan,[buˈruan]
buruh,/ˈburuh/
buruh,[ˈbu.rʊh]
buruk,/ˈburuʔ/
buruk,[ˈbu.rʊʔ]
burung,/ˈburuŋ/
burung,[ˈbu.rʊŋ]
burung gagak,/ˌburuŋ ˈɡaɡak/
burung gagak,/ˌburuŋ ˈɡaɡaʔ/
burung gagak,[ˌbu.rʊŋ ˈɡa.ɡak̚]
burung gagak,[ˌbu.rʊŋ ˈɡa.ɡaʔ]
burung pelatuk,/ˌburuŋ pəˈlatuk/
burung pelatuk,[ˌbu.rʊŋ pəˈla.t̪ʊk̚]
burung unta,/ˈbu.ruŋ ˈun.ta/
bus,/bas/
bus,/bɘs/
bus,/bəs/
bus,/bɪs/
bus,/bʊs/
busa,/bu.sa/
busana,/buˈsana/
busana,[buˈsa.na]
busbar,/ˈbusbar/
busbar,[ˈbus.bar]
bushido,/buˈsido/
bushido,/buˈʃido/
bushido,[buˈsi.do]
bushido,[buˈʃi.do]
busi,/ˈbusi/
busi,[ˈbu.si]
bustan,/ˈbʊstan/
busuk,/ˈbusuk/
busuk,[ˈbu.sʊk̚]
busur,/ˈbusur/
busur,[ˈbu.sʊr]
busyido,/buˈʃido/
busyido,[buˈʃi.do]
buta,/ˈbuta/
buta,[ˈbu.t̪a]
buta huruf,/bu.ta ˈhu.rʊf/
butala,/bu.ta.la/
butana,/bu.ta.na/
butang,[ˈbutaŋ]
butik,[ˈbu.tɪk]
butir,/ˈbutir/
butir,[ˈbu.t̪ɪr]
butuh,/ˈbutuh/
butuh,[ˈbu.t̪ʊh]
butun,/ˈbu.tun/
butun,[ˈbu.t̪ʊn]
butut,/ˈbutut/
butut,[ˈbu.t̪ʊt̪̚]
buyung,/ˈbu.jʊŋ/
buyut,/ˈbujut/
buyut,[ˈbu.jʊt̪̚]
buzem,/ˈbuzəm/
buzem,[ˈbu.zəm]
buzer,/ˈbuzər/
buzer,[ˈbu.zər]
c,/se/
c,/tʃ/
c,/t͡ʃe/
ca,/ˈt͡ʃa/
ca,[ˈt͡ʃa]
cabai,/ˈt͡ʃabai̯/
cabai,/ˈt͡ʃabe/
cabai,/ˈt͡ʃabeʔ/
cabai,[ˈt͡ʃa.bai̯]
cabai,[ˈt͡ʃa.be]
cabai,[ˈt͡ʃa.bɛʔ]
cabak,/ˈt͡ʃabak/
cabak,[ˈt͡ʃa.bak̚]
cabang,[ˈt͡ʃabaŋ]
cabar,/ˈt͡ʃa.bar/
cabe,/ˈt͡ʃabe/
cabe,[ˈt͡ʃa.be]
cabe-cabean,/t͡ʃabɛt͡ʃaˈbɛan/
cabe-cabean,[t͡ʃa.bɛ.t͡ʃaˈbɛ.an]
cabg,/t͡ʃe.aˈbe.ɡe/
cabg,[t͡ʃe.aˈbe.ɡe]
cabik,/ˈt͡ʃabik/
cabik,/ˈt͡ʃabiʔ/
cabik,[ˈt͡ʃa.bɪk̚]
cabik,[ˈt͡ʃa.bɪʔ]
cabo,/ˈt͡ʃabo/
cabo,[ˈt͡ʃa.bo]
cabul,/ˈt͡ʃa.bʊl/
cabut,/ˈt͡ʃabut/
cabut,[ˈt͡ʃa.bʊt̪̚]
cacah,[ˈt͡ʃat͡ʃah]
cacah jiwa,[ˈt͡ʃat͡ʃah ˈd͡ʒiwa]
cacak,/ˈt͡ʃat͡ʃak/
cacak,/ˈt͡ʃat͡ʃaʔ/
cacak,[ˈt͡ʃa.t͡ʃak̚]
cacak,[ˈt͡ʃa.t͡ʃaʔ]
cacap,/ˈt͡ʃat͡ʃap/
cacap,[ˈt͡ʃa.t͡ʃap̚]
cacar,/ˈt͡ʃat͡ʃar/
cacar,[ˈt͡ʃa.t͡ʃar]
cacar air,[ˈt͡ʃat͡ʃar ˈaʔɪr]
cacat,/ˈt͡ʃat͡ʃat/
cacat,[ˈt͡ʃa.t͡ʃat̪̚]
cacau,/ˈt͡ʃat͡ʃau̯/
cacau,[ˈt͡ʃa.t͡ʃau̯]
caci,/ˈt͡ʃat͡ʃi/
caci,[ˈt͡ʃa.t͡ʃi]
cacing,/ˈt͡ʃat͡ʃiŋ/
cacing,[ˈt͡ʃa.t͡ʃɪŋ]
cacing benang,[ˈt͡ʃat͡ʃɪŋ bəˈnaŋ]
cacing tanah,[ˈt͡ʃat͡ʃɪŋ ta.nah]
cad,/t͡ʃeˈa.de/
cad,[t͡ʃeˈa.de]
cadang,/ˈt͡ʃa.daŋ/
cadangan,[t͡ʃaˈdaŋan]
cadangan bank,/t͡ʃaˌda.ŋan ˈbank/
cadangan bank,[t͡ʃaˌda.ŋan ˈbank̚]
cadangan devisa,/t͡ʃa.ˈdaŋ.an de.ˈvi.sa/
cadangan modal,/t͡ʃaˌda.ŋan ˈmo.dal/
cadangan modal,[t͡ʃaˌda.ŋan ˈmo.dal]
cadar,/ˈt͡ʃadar/
cadar,[ˈt͡ʃa.dar]
cagak,[ˈt͡ʃaɡak]
cagar,/ˈt͡ʃaɡar/
cagar,[ˈt͡ʃa.ɡar]
cagu,/ˈt͡ʃaɡu/
cagu,[ˈt͡ʃa.ɡu]
cahaya,/t͡ʃaˈhaja/
cahaya,[t͡ʃaˈha.ja]
cahyo,/ˈt͡ʃahjo/
cahyo,/ˈt͡ʃahjɔ/
cahyo,[ˈt͡ʃah.jo]
cahyo,[ˈt͡ʃah.jɔ]
cahyono,/t͡ʃaˈhjono/
cahyono,[t͡ʃaˈhjo.no]
caima,[ˈt͡ʃai̯.ma]
cair,[ˈt͡ʃaɪr]
cairan,/t͡ʃaɪran/
cairan tubuh,/t͡ʃaˌiran ˈtubuh/
cairan tubuh,[t͡ʃaˌi.ran̪ ˈt̪u.bʊh]
caisim,/ˈt͡ʃai̯sim/
caisim,[ˈt͡ʃai̯.sɪm]
cakada,/t͡ʃakada/
cakalang,/t͡ʃa.ˈka.laŋ/
cakap,/ˈt͡ʃakap/
cakap,[ˈt͡ʃa.kap̚]
cakar,/ˈt͡ʃakar/
cakar,[ˈt͡ʃa.kar]
cakiak,/t͡ʃaˈkiaʔ/
cakiak,[t͡ʃaˈki.aʔ]
cako,/ˈt͡ʃako/
cako,[ˈt͡ʃa.ko]
cakra,/t͡ʃa.k(ə.)ra/
cakram,/t͡ʃak.ram/
cakrawala,/t͡ʃakraˈwala/
cakrawala,[t͡ʃak̚.raˈwa.la]
cakrawati,/t͡ʃakraˈwati/
cakrawati,[t͡ʃa.kraˈwa.t̪i]
cakup,/ˈt͡ʃakup/
cakup,[ˈt͡ʃa.kʊp̚]
cakupan,/t͡ʃa.ˈkʊp.an/
cakwe,/t͡ʃaˈkwe/
cakwe,[t͡ʃaˈkwe]
caladi,/t͡ʃaˈladi/
caladi,[t͡ʃaˈla.di]
calak,/ˈt͡ʃalaʔ/
calak,[ˈt͡ʃa.laʔ]
calar,/ˈt͡ʃa.lar/
calar,[ˈt͡ʃa.lar]
caleg,/ˈt͡ʃalɛɡ/
caleg,[ˈt͡ʃa.lɛk̚]
calincing,/t͡ʃaˈlint͡ʃiŋ/
calincing,[t͡ʃaˈliɲ.t͡ʃɪŋ]
calir,/ˈt͡ʃalɪr/
calir tangan,/ˈt͡ʃalɪr ˈtaŋan/
calistung,/t͡ʃaˈlistuŋ/
calistung,[t͡ʃaˈlis.t̪ʊŋ]
callista,/ˈkalista/
calo,[ˈt͡ʃalo]
calobak,/ca.lo.baʔ/
calon,/ˈt͡ʃalon/
calon,[ˈt͡ʃa.lɔn]
calui,/ˈt͡ʃalui̯/
calvinisme,/t͡ʃalviˈnismə/
calvinisme,[t͡ʃal.fiˈnis.mə]
cam,/ˈt͡ʃam/
cam,[ˈt͡ʃam]
camaba,/t͡ʃaˈmaba/
camaba,[t͡ʃaˈma.ba]
camaru,/t͡ʃaˈmaru/
camaru,[t͡ʃaˈma.ru]
camat,/t͡ʃamat̚/
cambuk,/ˈt͡ʃambuk/
cambuk,[ˈt͡ʃam.bʊk̚]
camca,/ˈt͡ʃam.t͡ʃa/
camca,[ˈt͡ʃam.t͡ʃa]
camilan,/t͡ʃaˈmilan/
camilan,[t͡ʃaˈmi.lan]
camoi,/ˈt͡ʃamoi̯/
camoi,[ˈt͡ʃa.moi̯]
campak,/ˈt͡ʃampak/
campak,[ˈt͡ʃam.pak̚]
campur,/ˈt͡ʃampur/
campur,[ˈt͡ʃam.pʊr]
campur tangan,/ˌt͡ʃam.pur ˈta.ŋan/
campur tangan,[ˌt͡ʃam.pʊr ˈt̪a.ŋan]
campuran,/t͡ʃamˈpu.ran/
campurkan,/t͡ʃamˈpurkan/
campurkan,[t͡ʃamˈpur.kan]
canai,/ˈt͡ʃanai̯/
canai,[ˈt͡ʃa.nai̯]
canang,/ˈt͡ʃanaŋ/
canang,[ˈt͡ʃa.naŋ]
canasta,/kaˈnasta/
canasta,[kaˈnas.t̪a]
canda,[ˈt͡ʃanda]
candaan,/t͡ʃanˈda.ʔan/
candi,/ˈt͡ʃandi/
candi,[ˈt͡ʃan.di]
candra,/t͡ʃan.dra/
candradimuka,[t͡ʃand̪rad̪iˈmuka]
candrasengkala,/t͡ʃandrasəŋˈkala/
candrasengkala,[t͡ʃan.dra.səŋˈka.la]
candu,/ˈt͡ʃandu/
candu,[ˈt͡ʃan.du]
cangak,/ˈt͡ʃaŋak/
cangak,[ˈt͡ʃa.ŋak̚]
cangcimen,[t͡ʃaŋˈt͡ʃimɛn]
canggih,/t͡ʃaŋ.ɡih/
canggu,/ˈt͡ʃaŋ.ɡu/
canggung,/ˈt͡ʃaŋɡuŋ/
canggung,[ˈt͡ʃaŋ.ɡʊŋ]
cangkang,/ˈt͡ʃaŋkaŋ/
cangkang,[ˈt͡ʃaŋ.kaŋ]
cangkir,/ˈt͡ʃaŋkir/
cangkir,[ˈt͡ʃaŋ.kɪr]
cangklek,/ˈt͡ʃaŋklek̚/
cangkok,/ˈt͡ʃaŋkok/
cangkok,/ˈt͡ʃaŋkoʔ/
cangkok,[ˈt͡ʃaŋ.kɔk̚]
cangkok,[ˈt͡ʃaŋ.kɔʔ]
cangkok kulit,/ˌt͡ʃaŋkok ˈkulit/
cangkok kulit,/ˌt͡ʃaŋkoʔ ˈkulit/
cangkok kulit,[ˌt͡ʃaŋ.kɔk̚ ˈku.lɪt̪̚]
cangkok kulit,[ˌt͡ʃaŋ.kɔʔ ˈku.lɪt̪̚]
cangkokan,/t͡ʃaŋˈkokan/
cangkokan,[t͡ʃaŋˈko.kan]
cangkuk,/ˈt͡ʃaŋkuk/
cangkuk,/ˈt͡ʃaŋkuʔ/
cangkuk,[ˈt͡ʃaŋ.kʊk̚]
cangkuk,[ˈt͡ʃaŋ.kʊʔ]
cangkul,[ˈt͡ʃaŋkʊl]
canoyu,/t͡ʃa.no.ju/
cans,/ˈt͡ʃans/
cans,[ˈt͡ʃans]
cantel,/ˈt͡ʃantɛl/
cantel,[ˈt͡ʃan̪.t̪ɛl]
cantik,/ˈt͡ʃan.tik/
cantika,/t͡ʃanˈtika/
cantika,[t͡ʃan̪ˈt̪i.ka]
cap,[ˈt͡ʃap]
cap go meh,/ˌt͡ʃap ˌɡo ˈmɛ/
cap go meh,[ˌt͡ʃap̚ ˌɡo ˈmɛ]
capah,/ˈt͡ʃapah/
capah,[ˈt͡ʃa.pah]
capai,[ˈt͡ʃapai̯]
capaian,/t͡ʃaˈpajan/
capaian,[t͡ʃaˈpa.jan]
capcai,[ˈt͡ʃapt͡ʃai̯]
capcay,/ˈt͡ʃapt͡ʃaj/
capcay,[ˈt͡ʃap̚.t͡ʃai̯]
capcipcup,/t͡ʃapˈt͡ʃip.t͡ʃup/
capcipcup,[t͡ʃap̚ˈt͡ʃip̚.t͡ʃʊp̚]
capek,[ˈt͡ʃapɛʔ]
caper,/ˈt͡ʃapər/
caper,[ˈt͡ʃa.pər]
capgome,[t͡ʃapˈɡome]
capres,/ˈt͡ʃap.rɛs/
capres,[ˈt͡ʃap̚.rɛs]
capung,/ˈt͡ʃapʊŋ/
cara,/ˈt͡ʃa.ra/
caraka,[t͡ʃaˈraka]
carang,[ˈcaraŋ]
cari,/ˈt͡ʃari/
cari,[ˈt͡ʃa.ri]
carian,/t͡ʃaˈri.an/
cariin,/tʃaˈri.ʔin/
carik,/ˈt͡ʃarik/
carik,[ˈt͡ʃa.rɪk̚]
carikan,/tʃaˈri.kan/
carter,[ˈt͡ʃartər]
carut-marut,/ˌt͡ʃarut ˈmarut/
carut-marut,[ˌt͡ʃa.rʊt̪̚ ˈma.rʊt̪̚]
cas,[ˈt͡ʃas]
cat,/ˈt͡ʃat/
cat,[ˈt͡ʃat̪̚]
cat kuku,/ˌt͡ʃat ˈkuku/
cat kuku,[ˌt͡ʃat̪̚ ˈku.ku]
catam,/ˈt͡ʃatam/
catat,/ˈt͡ʃatat/
catat,[ˈt͡ʃa.t̪at̪̚]
catatan,/t͡ʃaˈtatan/
catatan,[t͡ʃaˈt̪a.t̪an]
catatan kaki,/t͡ʃaˌtatan ˈkaki/
catatan kaki,[t͡ʃaˌt̪a.t̪an ˈka.ki]
catatan sipil,/t͡ʃa.ˈtat.an ˈsi.pɪl/
catet,/ˈtʃa.tət/
catra,/ˈt͡ʃatra/
catra,[ˈt͡ʃa.t̪ra]
catu,[ˈt͡ʃatu]
catu daya,[ˈt͡ʃatu ˈdaja]
catur,/ˈt͡ʃatur/
catur,[ˈt͡ʃa.t̪ʊr]
catur-,/t͡ʃa.tur/
caturwulan,[t͡ʃatʊrˈwulan]
cawan,/ˈt͡ʃawan/
cawan,[ˈt͡ʃa.wan]
cawapres,/t͡ʃaˈwaprɛs/
cawapres,[t͡ʃaˈwa.prɛs]
cawu,/ˈt͡ʃa.wu/
cbc,/t͡ʃeˈbe.t͡ʃe/
cbc,[t͡ʃeˈbe.t͡ʃe]
cbl,/t͡ʃeˈbe.ɛl/
cbl,[t͡ʃeˈbe.ɛl]
cbsa,/t͡ʃe.be.ˈɛs.a/
ce,/t͡ʃe/
ce,[t͡ʃe]
cebakan,/t͡ʃəˈba.kan/
cebakan,[t͡ʃəˈba.kan]
ceban,/t͡ʃəˈban/
ceban,[t͡ʃəˈban]
cebong,/ˈt͡ʃɛ.bɔŋ/
cecak,/t͡ʃəˈt͡ʃaʔ/
cecak,[t͡ʃəˈt͡ʃaʔ]
cecan,/t͡ʃəˈt͡ʃan/
cecan,[t͡ʃəˈt͡ʃan]
cecep,/ˈt͡ʃet͡ʃep/
cecep,[ˈt͡ʃe.t͡ʃɛp̚]
cecer,/t͡ʃə.ˈt͡ʃər/
cecer,/ˈt͡ʃe.t͡ʃɛr/
cecunguk,/t͡ʃəˈt͡ʃuŋuk/
cecunguk,[t͡ʃəˈt͡ʃu.ŋʊk̚]
cedera,/t͡ʃə.də.ra/
cedilla,/t͡ʃe.dɪl.la/
cegah,/t͡ʃəˈɡah/
cegah,[t͡ʃəˈɡah]
cegeh,/t͡ʃəˈɡɛh/
cegeh,[t͡ʃəˈɡɛh]
cek,[ˈt͡ʃɛk]
cek,[ˈt͡ʃɛʔ]
cek fiat,/ˈt͡ʃɛk ˈfiat/
cekakak,/t͡ʃəˈkakak/
cekakak,[t͡ʃəˈka.kak̚]
cekal,/t͡ʃə.ˈkal/
cekaman,/t͡ʃəˈkaman/
cekaman,[t͡ʃəˈka.man]
cekap,[t͡ʃəˈkap̚]
cekelong,/cə.kə.loŋ/
ceker,[ˈt͡ʃɛkɛr]
ceki,[t͡ʃəˈki]
cekup,/t͡ʃəˈkup/
cekup,[t͡ʃəˈkʊp̚]
cela,/t͡ʃə.la/
celaan,/t͡ʃəˈlaan/
celaan fisik,/t͡ʃəˌlaan ˈfisik/
celaan fisik,[t͡ʃəˌla.(ʔ)an ˈfi.sɪk̚]
celah,/t͡ʃəˈlah/
celah,[t͡ʃəˈlah]
celaka,/t͡ʃə.la.ka/
celam-celum,/t͡ʃəˌlam t͡ʃəˈlum/
celam-celum,[t͡ʃəˌlam t͡ʃəˈlum]
celana,/t͡ʃəˈlana/
celana,[t͡ʃəˈla.na]
celana cutbrai,/t͡ʃəˌlana ˈt͡ʃutbrai̯/
celana cutbrai,[t͡ʃəˌla.na ˈt͡ʃut̪̚.brai̯]
celana dalam,/t͡ʃəˌlana ˈdalam/
celana dalam,[t͡ʃəˌla.na ˈda.lam]
celangak-celinguk,/t͡ʃəˌlaŋaʔ t͡ʃəˈliŋuʔ/
celangak-celinguk,[t͡ʃəˌla.ŋaʔ t͡ʃəˈli.ŋʊʔ]
celas-celus,/t͡ʃəˌlas t͡ʃəˈlus/
celas-celus,[t͡ʃəˌlas t͡ʃəˈlʊs]
celemek,/t͡ʃələˈmɛk/
celemek,[t͡ʃə.ləˈmɛk̚]
celempung,/ˈt͡ʃələmpuŋ/
celempung,[ˈt͡ʃə.ləm.pʊŋ]
celeng,/ˈt͡ʃeleŋ/
celeng,[ˈt͡ʃe.lɛŋ]
celengan,/t͡ʃeˈleŋan/
celengan,[t͡ʃeˈle.ŋan]
celentang,/t͡ʃələnˈtaŋ/
celentang,[t͡ʃə.lən̪ˈt̪aŋ]
celepuk,/ˈt͡ʃələpuk/
celepuk,[ˈt͡ʃə.lə.pʊk̚]
celik,/t͡ʃəˈliʔ/
celik,[t͡ʃəˈlɪʔ]
celokat,/t͡ʃəˈlokat/
celokat,[t͡ʃəˈlo.kat̪̚]
celup,/t͡ʃəˈlup/
celup,[t͡ʃəˈlʊp̚]
celupkan,/t͡ʃəˈlupkan/
celupkan,[t͡ʃəˈlup̚.kan]
celurit,/t͡ʃəˈlurit/
celurit,[t͡ʃəˈlu.rɪt̪̚]
cemani,/t͡ʃəˈmani/
cemani,[t͡ʃəˈma.ni]
cemara,/t͡ʃə.ˈma.ra/
cemara laut,/t͡ʃəˌmara ˈlaut/
cemara laut,[t͡ʃəˌma.ra ˈla.ʊt̪̚]
cemas,[ˈt͡ʃə.mas]
cembul,/t͡ʃəmˈbul/
cembul,[t͡ʃəmˈbʊl]
cemen,/ˈt͡ʃɛmɛn/
cemen,[ˈt͡ʃɛ.mɛn]
cemerlang,[t͡ʃəmərˈlaŋ]
cemeti,/t͡ʃəməˈti/
cemeti,[t͡ʃə.məˈt̪i]
cempaka,/t͡ʃəmˈpaka/
cempaka,[t͡ʃəmˈpa.ka]
cempana,/t͡ʃəmˈpana/
cempana,[t͡ʃəmˈpa.na]
cempe,[t͡ʃəmˈpe]
cen,/ˈt͡ʃən/
cen,[ˈt͡ʃən]
cenangga,/t͡ʃə.naŋ.ɡa/
cendala,/t͡ʃən.da.la/
cendana,/t͡ʃənˈdana/
cendana,[t͡ʃənˈda.na]
cendawan,[t͡ʃənˈdawan]
cendekia,/t͡ʃəndəˈkia/
cendekia,[t͡ʃən.dəˈki.a]
cendekiawan,/t͡ʃəndəkiˈawan/
cendekiawan,[t͡ʃən.də.kiˈa.wan]
cendera,/ˈt͡ʃəndəra/
cendera,[ˈt͡ʃən.də.ra]
cendera mata,/t͡ʃəndəˈra ˈmata/
cenderasa,/t͡ʃən.də.ra.sa/
cenderawasih,/t͡ʃəndəraˈwasih/
cenderawasih,[t͡ʃən.də.raˈwa.sɪh]
cendet,/ˈt͡ʃəndət/
cendet,[ˈt͡ʃən.dət̪̚]
cendikia,/t͡ʃəndiˈkia/
cendikia,[t͡ʃən.diˈki.a]
cendikiawan,/t͡ʃəndikiˈawan/
cendikiawan,[t͡ʃən.di.kiˈa.wan]
cengal,/t͡ʃəˈŋal/
cengal,[t͡ʃəˈŋal]
cengbeng,/ˈt͡ʃɛŋbɛŋ/
cengkau,/t͡ʃəŋˈkau̯/
cengkerama,/t͡ʃəŋkəˈrama/
cengkerama,[t͡ʃəŋ.kəˈra.ma]
cengkerawak,/t͡ʃəŋkəˈrawak/
cengkerawak,[t͡ʃəŋ.kəˈra.wak̚]
cengki,/t͡ʃəŋˈki/
cengkih,[t͡ʃəŋˈkɪh]
cengli,/ˈt͡ʃɛŋ.li/
cengtri,/ˈt͡ʃɛŋtri/
cengtri,[ˈt͡ʃeŋ.t̪ri]
centang,/t͡ʃənˈtaŋ/
centang,/ˈtʃen.taŋ/
centang,/ˈt͡ʃen̪.t̪aŋ/
centang,[t͡ʃən̪ˈt̪aŋ]
centeng,[t͡ʃənˈtɛŋ]
centil,/t͡ʃənˈtil/
centil,[t͡ʃən̪ˈt̪ɪl]
cepat,/t͡ʃəˈpat/
cepat,[t͡ʃəˈpat̪̚]
cepek,/ˌt͡ʃə.ˈpɛʔ/
ceper,/ˈt͡ʃəpər/
ceper,[ˈt͡ʃə.pər]
cepiau,[t͡ʃəˈpiau̯]
cepu,[t͡ʃəˈpu]
ceracap,/t͡ʃəˈrat͡ʃap/
ceracap,[t͡ʃəˈra.t͡ʃap̚]
cerah,/t͡ʃəˈrah/
cerah,[t͡ʃəˈrah]
cerai,[t͡ʃəˈrai̯]
cerai-berai,/cərai̯bərai̯/
ceraka,/t͡ʃə.ˈra.ka/
cerakin,/t͡ʃəˈrakin/
cerakin,[t͡ʃəˈra.kɪn]
ceramah,[t͡ʃəˈramah]
cerana,/t͡ʃə.ra.na/
cerawat,/t͡ʃəˈrawat/
cerawat,[t͡ʃəˈra.wat̪̚]
cerca,/t͡ʃər.t͡ʃa/
cerdas,[t͡ʃərˈdas]
cerecet,/t͡ʃəˈret͡ʃet/
cerecet,[t͡ʃəˈre.t͡ʃɛt̪̚]
cerek,/ˈt͡ʃerek/
cerek,[ˈt͡ʃe.rɛk̚]
cerewet,/t͡ʃəˈrewɛt/
cerewet,[t͡ʃəˈre.wɛt̪̚]
cergam,/t͡ʃərˈɡam/
cergam,[t͡ʃərˈɡam]
cergas,/t͡ʃərˈɡas/
cergas,[t͡ʃərˈɡas]
ceri,[ˈt͡ʃɛri]
ceria,/t͡ʃəˈria/
ceria,[t͡ʃəˈri.a]
cerita,/t͡ʃəˈrita/
cerita,[t͡ʃəˈri.t̪a]
cerita pendek,/t͡ʃərita pendeʔ/
cerita rakyat,/t͡ʃəˌri.ta ˈrak.jat/
cerita rakyat,[t͡ʃəˌri.t̪a ˈrak̚.jat̪̚]
ceritakan,/t͡ʃəriˈtakan/
ceritakan,[t͡ʃə.riˈt̪a.kan]
cerkan,/t͡ʃərˈkan/
cerkan,[t͡ʃərˈkan]
cermin,/t͡ʃərˈmin/
cermin,[t͡ʃərˈmin]
cerna,[t͡ʃərˈna]
cernaan,/t͡ʃərˈna.ʔan/
ceroboh,/ˈtʃə.ro.boh/
cerobong,/t͡ʃəˈroboŋ/
cerobong,[t͡ʃəˈro.bɔŋ]
cerpelai,/ˈt͡ʃər.pə.lai̯/
cerpelai,[ˈt͡ʃər.pə.lai̯]
cerpen,/t͡ʃərˈpen/
cerpen,[t͡ʃərˈpen]
cerpu,[t͡ʃərˈpu]
ceruk,/t͡ʃəˈruk/
ceruk,[t͡ʃəˈrʊk̚]
cerukan,/t͡ʃəˈrukan/
cerukan,[t͡ʃəˈru.kan]
cerutu,/t͡ʃəˈrutu/
cetak,/ˈt͡ʃetak/
cetak,[ˈt͡ʃe.t̪ak̚]
cetakan,/t͡ʃeˈtakan/
cetakan,[t͡ʃeˈt̪a.kan]
cetek,/ˈt͡ʃɛtɛk/
cetek,[ˈt͡ʃɛ.t̪ɛk̚]
cetera,/ˈt͡ʃətəra/
cetera,[ˈt͡ʃə.t̪ə.ra]
ceti,[ˈt͡ʃɛti]
cetiya,/t͡ʃeˈtija/
cetiya,[t͡ʃeˈt̪i.ja]
cewek,/ˈt͡ʃeweʔ/
cewek,[ˈt͡ʃe.wɛʔ]
chai,/ˈt͡ʃhai̯/
chai,[ˈt͡ʃhai̯]
chaniago,/t͡ʃa.niˈa.ɡo/
chaniago,[t͡ʃa.niˈa.ɡo]
chindo,/t͡ʃindo/
chu,/ˈt͡ʃhu/
chu,[ˈt͡ʃhu]
chua,/ˈtʃua/
chua,[ˈt̪ʃu.a]
ci,/ˈt͡ʃi/
ci,[ˈt͡ʃi]
ciak,[ˈt͡ʃia̯k̚]
ciak,[ˈt͡ʃjaʔ]
cialat,[ˈt͡ʃia̯lat̚]
ciamis,/t͡ʃiˈamis/
ciamis,[t͡ʃiˈa.mɪs]
cianjur,/t͡ʃiˈand͡ʒur/
cianjur,[t͡ʃiˈaɲ.d͡ʒʊr]
cicak,/ˈt͡ʃit͡ʃak/
cicak,[ˈt͡ʃi.t͡ʃak̚]
cik,/ˈt͡ʃiʔ/
cik,[ˈt͡ʃɪʔ]
cikal,/ˈt͡ʃikal/
cikal,[ˈt͡ʃi.kal]
cikalang,/t͡ʃiˈkalaŋ/
cikalang,[t͡ʃiˈka.laŋ]
cikarak,/t͡ʃiˈkarak/
cikarak,[t͡ʃiˈka.rak̚]
cikarang,/t͡ʃiˈkaraŋ/
cikarang,[t͡ʃiˈka.raŋ]
ciki,/ˈt͡ʃiki/
ciki,[ˈt͡ʃi.ki]
cikrak,/ˈt͡ʃikrak/
cikrak,[ˈt͡ʃik̚.rak̚]
cikukua,/t͡ʃikuˈkua/
cikukua,[t͡ʃi.kuˈku.a]
cikungunya,/t͡ʃikuˈŋuɲa/
cikungunya,[t͡ʃi.kuˈŋu.ɲa]
cikuwa,/t͡ʃiˈkuwa/
cikuwa,[t͡ʃiˈku.wa]
cilegon,/t͡ʃiˈlɛ.ɡon/
cilegon,[t͡ʃiˈlɛ.ɡɔn]
cili,/ˈt͡ʃili/
cili,[ˈt͡ʃi.li]
cilik,/ˈt͡ʃilik/
cilik,[ˈt͡ʃi.lɪk̚]
ciliwung,/t͡ʃiˈliwuŋ/
ciliwung,[t͡ʃiˈli.wʊŋ]
cina,/ˈt͡ʃina/
cina,[ˈt͡ʃi.na]
cincai,/ˈt͡ʃint͡ʃai̯/
cincai,[ˈt͡ʃiɲ.t͡ʃai̯]
cincau,/ˈt͡ʃint͡ʃau̯/
cincau,[ˈt͡ʃiɲ.t͡ʃau̯]
cincin,/ˈt͡ʃint͡ʃin/
cincin,[ˈt͡ʃiɲ.t͡ʃɪn]
cincong,/t͡ʃiɲ.t͡ʃɔŋ/
cincu,/ˈt͡ʃint͡ʃu/
cinta,/ˈt͡ʃinta/
cinta,[ˈt͡ʃin̪.t̪a]
cinta mati,/ˈt͡ʃɪnta ˈmati/
cinta monyet,/ˌt͡ʃinta ˈmoɲet/
cinta monyet,[ˌt͡ʃin̪.t̪a ˈmo.ɲɛt̪̚]
cinta segitiga,/ˌt͡ʃinta səɡiˈtiɡa/
cinta segitiga,[ˌt͡ʃin̪.t̪a sə.ɡiˈt̪i.ɡa]
cinta-cinta monyet,/ˌt͡ʃinta ˌt͡ʃinta ˈmoɲet/
cinta-cinta monyet,[ˌt͡ʃin̪.t̪a ˌt͡ʃin̪.t̪a ˈmo.ɲɛt̪̚]
cintai,/t͡ʃinˈtai/
cintai,[t͡ʃin̪ˈt̪a.i]
cintakan,/t͡ʃinˈtakan/
cintakan,[t͡ʃin̪ˈt̪a.kan]
cip,[ˈt͡ʃɪp]
cipa,/t͡ʃe.iˈpe.a/
cipa,[t͡ʃe.iˈpe.a]
cipoh,/ˈt͡ʃipoh/
cipoh,[ˈt͡ʃi.pɔh]
cipta,[ˈt͡ʃɪp.ta]
cipta karya,/ˌt͡ʃip.ta ˈkar.ja/
cipta karya,[ˌt͡ʃip̚.t̪a ˈkar.ja]
cirebon,/t͡ʃirəˈbon/
cirebon,[t͡ʃi.rəˈbon]
ciri,/ˈt͡ʃiri/
ciri,[ˈt͡ʃi.ri]
cita,/ˈt͡ʃita/
cita,[ˈt͡ʃi.t̪a]
cita-cita,/ˌt͡ʃita ˈt͡ʃita/
cita-cita,[ˌt͡ʃi.t̪a ˈt͡ʃi.t̪a]
cito,/ˈt͡ʃito/
cito,[ˈt͡ʃi.t̪o]
citra,/t͡ʃi.tra/
citra,/t͡ʃit.ra/
citra,[ˈt͡ʃitra]
citra,[ˈt͡ʃɪt̚ra]
ciu,/t͡ʃiu/
ciu,/ˈt͡ʃiu̯/
ciu,[ˈt͡ʃiu̯]
cium,/ˈt͡ʃium/
cium,[ˈt͡ʃi.ʊm]
ciuman,[t͡ʃiˈʊman]
ckb,/t͡ʃe.ˈka.be/
ckr,/t͡ʃe.ˈka.ɛr/
cks,/t͡ʃe.ˈka.ɛs/
clara,/ˈklara/
clarissa,/ˈklarisa/
claudia,/-dj-/
claudia,/ˈklau̯di(j)a/
coba,/ˈt͡ʃoba/
coba,[ˈt͡ʃo.ba]
coba-coba,/ˌt͡ʃoba ˈt͡ʃoba/
coba-coba,[ˌt͡ʃo.ba ˈt͡ʃo.ba]
cocok,[ˈt͡ʃot͡ʃɔk̚]
cocoklogi,/t͡ʃot͡ʃokˈloɡi/
cocoklogi,[t͡ʃo.t͡ʃok̚ˈlo.ɡi]
cocokologi,/t͡ʃot͡ʃokoˈloɡi/
cocokologi,[t͡ʃo.t͡ʃo.koˈlo.ɡi]
cogan,/ˈt͡ʃoɡan/
cogan,[ˈt͡ʃo.ɡan]
coipan,[ˈt͡ʃoi̯pan]
cokai,/ˈt͡ʃokai̯/
cokai,[ˈt͡ʃo.kai̯]
cokelat,/ˈt͡ʃɔkəlat/
cokelat,[ˈt͡ʃɔ.kə.lat̪̚]
cokelat lempung,/t͡ʃo.kə.ˈlat ləm.ˈpʊŋ/
cokelat mahoni,/co.kə.ˈlat ma.ˈho.ni/
cokelat sampang,/co.kə.ˈlat ˈsam.paŋ/
cokelat tembakau,/co.kə.ˈlat təm.ˈba.kau̯/
coker,/ˈt͡ʃokər/
coklat,/ˈt͡ʃɔklat/
coklat,[ˈt͡ʃɔ.klat̪̚]
coli,/t͡ʃo.li/
colikiawan,/t͡ʃolikiˈawan/
colikiawan,[t͡ʃo.li.kiˈa.wan]
colmek,/ˈt͡ʃɔlmɛk/
colmekin,/t͡ʃɔlˈmɛkin/
colok,/ˈt͡ʃɔlɔk/
colok,/ˈt͡ʃɔlɔʔ/
colok,[ˈt͡ʃɔ.lɔk̚]
colok,[ˈt͡ʃɔ.lɔʔ]
colokan,/t͡ʃɔˈlɔkan/
colokan,[t͡ʃɔˈlɔ.kan]
coloki,/t͡ʃɔˈlɔki/
coloki,[t͡ʃɔˈlɔ.ki]
colokkan,/t͡ʃɔˈlɔkkan/
colokkan,[t͡ʃɔˈlɔk̚.kan]
comblang,[ˈt͡ʃɔmblaŋ]
compoh,[ˈt͡ʃɔm.pɔh]
congki,[ˈt͡ʃɔŋ.ki]
congsam,[ˈt͡ʃɔŋsam]
contoh,/ˈt͡ʃɔntɔh/
contoh,[ˈt͡ʃon̪.t̪ɔh]
contohnya,/t͡ʃɔnˈtɔh.ɲa/
cor,/ˈt͡ʃor/
cor,[ˈt͡ʃɔr]
coret,/ˈt͡ʃoret/
coret,[ˈt͡ʃo.rɛt̪̚]
coro,/ˈt͡ʃoro/
coro,[ˈt͡ʃo.ro]
corong,/ˈt͡ʃɔrɔŋ/
corong,[ˈt͡ʃɔ.rɔŋ]
covid-19,/ko.fit səm.bi.lan bə.las/
cowok,/tʃo.woʔ/
cowperitis,/t͡ʃowpeˈritis/
cowperitis,[t͡ʃow.peˈri.t̪ɪs]
coy,/ˈt͡ʃoj/
coy,[ˈt͡ʃoi̯]
cpns,/t͡ʃe.peˈɛ.nɛs/
cpns,[t͡ʃe.peˈɛ.nɛs]
creambath,/ˈkrimbat/
creambath,[ˈkrim.bat̪̚]
cross boy,/ˌkros ˈboi̯/
cross boy,[ˌkrɔs ˈboi̯]
cross girl,/ˌkros ˈɡə(r)l/
cross girl,[ˌkrɔs ˈɡə(r)l]
cross mama,/ˌkros ˈma.ma/
cross mama,[ˌkrɔs ˈma.ma]
crot,/ˈt͡ʃrot/
crot,[ˈt͡ʃrɔt̪̚]
ct,/ˈt͡ʃe.te/
ct,[ˈt͡ʃe.t̪e]
cts,/t͡ʃeˈte.ɛs/
cts,[t͡ʃeˈt̪e.ɛs]
cu,/ˈt͡ʃu/
cu,[ˈt͡ʃu]
cuaca,/t͡ʃuˈat͡ʃa/
cuaca,[t͡ʃuˈa.t͡ʃa]
cuan,/ˈt͡ʃu̯an/
cuat,/ˈt͡ʃu.at/
cubluk,/ˈt͡ʃubluk/
cubluk,[ˈt͡ʃup̚.lʊk̚]
cuci,/ˈt͡ʃut͡ʃi/
cuci,[ˈt͡ʃu.t͡ʃi]
cucu,/ˈt͡ʃut͡ʃu/
cucu,[ˈt͡ʃu.t͡ʃu]
cucuk,/ˈt͡ʃut͡ʃuk/
cucuk,[ˈt͡ʃu.t͡ʃʊk̚]
cuek,/ˈt͡ʃuɛʔ/
cuek,[ˈt͡ʃu.ɛʔ]
cui-cui,/ˌt͡ʃui̯ ˈt͡ʃui̯/
cui-cui,[ˌt͡ʃui̯ ˈt͡ʃui̯]
cuitan,/t͡ʃuˈɪt̚an/
cuka,/ˈt͡ʃuka/
cuka,[ˈt͡ʃu.ka]
cukai,[ˈt͡ʃukai̯]
cukimai,/t͡ʃu.kiˈmai̯/
cukin,[ˈt͡ʃu.kɪn]
cukong,/ˈt͡ʃukoŋ/
cukong,[ˈt͡ʃu.kɔŋ]
cukup,/ˈt͡ʃukup/
cukup,[ˈt͡ʃu.kʊp̚]
cukur,/ˈt͡ʃukur/
cukur,[ˈt͡ʃu.kʊr]
cula,/ˈt͡ʃula/
cula,[ˈt͡ʃu.la]
cultuurstelsel,/kʊltʊrstɛlsəl/
cuma,/ˈt͡ʃuma/
cuma,[ˈt͡ʃu.ma]
cuma-cuma,/ˌt͡ʃuma ˈt͡ʃuma/
cuma-cuma,[ˌt͡ʃu.ma ˈt͡ʃu.ma]
cumbu,/ˈt͡ʃumbu/
cumbu,[ˈt͡ʃum.bu]
cumbuan,/t͡ʃumˈbuan/
cumbuan,[t͡ʃumˈbu.an]
cungkup,/ˈt͡ʃuŋkup/
cungkup,[ˈt͡ʃuŋ.kʊp̚]
cunia,/t͡ʃuˈnia/
cunia,[t͡ʃuˈni.a]
cupak,[ˈt͡ʃupak̚]
cupang,/ˈt͡ʃupaŋ/
cupang,[ˈt͡ʃu.paŋ]
cupido,/t͡ʃuˈpido/
cupu,/t͡ʃu.pu/
curah,/ˈt͡ʃurah/
curah,[ˈt͡ʃu.rah]
curah pendapat,/ˈt͡ʃu.rah pən.ˈda.pat/
curang,/ˈt͡ʃuraŋ/
curang,[ˈt͡ʃu.raŋ]
curanmor,/t͡ʃu.ˈran.mɔr/
curek,[ˈt͡ʃurəʔ]
curi,/ˈt͡ʃuri/
curi,[ˈt͡ʃu.ri]
curian,/t͡ʃuˈrian/
curian,[t͡ʃuˈri.an]
curiga,/t͡ʃuˈriɡa/
curiga,[t͡ʃuˈri.ɡa]
curo,[ˈt͡ʃuro]
cuti,[ˈt͡ʃut̪i]
cv,/ˈt͡ʃe.ve/
cv,[ˈt͡ʃe.fe]
cynthia,/sinˈti(j)a/
d,/d/
d,/de/
daayah,[daˈajah]
dab,[ˈdap̚]
dabing,[ˈdabɪŋ]
dacin,/ˈdat͡ʃin/
dacin,[ˈda.t͡ʃɪn]
dada,/ˈdada/
dada,[ˈda.da]
dadah,/ˈdadah/
dadah,[ˈda.dah]
dadaisme,[dadaˈɪsmə]
dadak,/ˈdadak/
dadak,[ˈda.dak̚]
dadan,/ˈdadan/
dadan,[ˈda.dan]
dadang,/ˈdadaŋ/
dadang,[ˈda.daŋ]
dadap,/ˈdadap/
dadap,[ˈda.dap̚]
dadar,/ˈdadar/
dadar,[ˈda.dar]
dadih,/da.dih/
dading,[ˈdadɪŋ]
dadu,/ˈdadu/
dadu,[ˈda.du]
daerah,/daˈerah/
daerah,[daˈe.rah]
daerah istimewa,/daˌɛrah istiˈmɛwa/
daerah istimewa,[daˌɛ.rah is.t̪iˈmɛ.wa]
daerah istimewa yogyakarta,/daˌɛrah istiˌmɛwa joɡjaˈkarta/
daerah istimewa yogyakarta,[daˌɛ.rah is.t̪iˌmɛ.wa jok̚.jaˈkar.t̪a]
daerah kantong,/daˌɛrah ˈkantoŋ/
daerah kantong,[daˌɛ.rah ˈkan̪.t̪ɔŋ]
daerah operasi,/ˌda.ə.rah o.pəˈra.si/
daerah operasi,[ˌda.ə.rah o.pəˈra.si]
daerah otonom,/ˈdaerah ˈɔtonɔm/
daerah swatantra,/ˈdaerah swaˈtantra/
daffa,/ˈdafa/
daftar,/ˈdaftar/
daftar,[ˈdaf.t̪ar]
daftar angka,/ˌdaftar ˈaŋka/
daftar angka,[ˌdaf.t̪ar ˈaŋ.ka]
daftar buku,/ˌdaftar ˈbuku/
daftar buku,[ˌdaf.t̪ar ˈbu.ku]
daftar centang,/ˌdaftar ˈt͡ʃentaŋ/
daftar centang,[ˌdaf.t̪ar ˈt͡ʃen̪.t̪aŋ]
daftar darab,/ˌdaftar ˈdarab/
daftar darab,[ˌdaf.t̪ar ˈda.rap̚]
daftar gaji,/ˌdaftar ˈɡad͡ʒi/
daftar gaji,[ˌdaf.t̪ar ˈɡa.d͡ʒi]
daftar hari bulan,/ˈdaftar ˈhari ˈbulan/
daftar kali-kalian,/ˌdaftar ˌkali kaˈlian/
daftar kali-kalian,[ˌdaf.t̪ar ˌka.li kaˈli.an]
daftar periksa,[daftar pərɪksa]
daftar perkalian,/ˌdaftar pərkaˈlian/
daftar perkalian,[ˌdaf.t̪ar pər.kaˈli.an]
daftar pustaka,/ˌdaf.tar pusˈta.ka/
daftar pustaka,[ˌdaf.t̪ar pusˈt̪a.ka]
daftar tilik,[ˈdaftar ˈtilɪk̚]
daftar upah,/ˈdaftar ˈʊpah/
daftarkan,/dafˈtarkan/
daftarkan,[dafˈt̪ar.kan]
dagang,[ˈdaɡaŋ]
dagdigdug,/daɡˈdiɡ.duɡ/
dagdigdug,[dak̚ˈdik̚.dʊk̚]
daging,/ˈdaɡiŋ/
daging,[ˈda.ɡɪŋ]
daging cincang,[ˈdaɡɪŋ ˈt͡ʃɪnt͡ʃaŋ]
daging pelana,[ˈdaɡɪŋ pəˈlana]
daging putih,[ˈdaɡɪŋ ˈputɪh]
dagri,/ˌda ˈɡri/
dagri,[ˌda ˈɡri]
dagu,[ˈdä.ɡu]
dagusibu,/daɡuˈsibu/
dagusibu,[da.ɡuˈsi.bu]
dah,[ˈdah]
dahaga,[daˈhaɡa]
dahak,/ˈdahaʔ/
dahak,[ˈda.haʔ]
dahi,[ˈdä.hi]
dahlia,[ˈdahlia̯]
dahulu,/daˈhulu/
dahulu,[daˈhu.lu]
daidan,/daˈidan/
daidan,/ˈdai̯dan/
daidan,[daˈi.dan]
daidan,[ˈdai̯.dan]
daidanco,/daiˈdant͡ʃo/
daidanco,[da.iˈdaɲ.t͡ʃo]
daikon,/daˈikon/
daikon,[daˈi.kɔn]
daing,[ˈda.ɪŋ]
daitia,/dai̯ˈtia/
daitia,[dai̯ˈt̪i.a]
dak,/ˈdak/
dak,/ˈdaʔ/
dak,[ˈdak̚]
dak,[ˈdaʔ]
daki,/ˈdaki/
daki,[ˈda.ki]
dakriosistitis,/dakriosisˈtitis/
dakriosistitis,[dak̚.ri.o.sisˈt̪i.t̪ɪs]
dakriosit,/dakriˈosit/
dakriosit,[dak̚.riˈo.sɪt̪̚]
dakrosit,/dakˈrosit/
dakrosit,[dak̚ˈro.sɪt̪̚]
daksa,[ˈdak.sa]
daktilo-,[daktilo]
daktilografi,[daktiloˈɡrafi]
daktilometer,/daktiloˈmetər/
daktilometer,[dak̚.t̪i.loˈme.t̪ər]
daku,/daku/
dakwa,/ˈdaʔwa/
dakwa,[ˈdaʔ.wa]
dakwaan,/daʔˈwaan/
dakwah,[ˈd̪aʔwah]
dalam,/ˈdalam/
dalam,[ˈda.lam]
dalam hal,/dalam ˈhal/
dalam-dalam,/da.lamˈda.lam/
dalaman,[daˈlaman]
dalami,/daˈla.mi/
dalamkan,/daˈlam.kan/
dalang,/ˈdalaŋ/
dalang,[ˈda.laŋ]
dalem,[ˈd̪aləm]
dalih,[ˈda.lɪh]
dalil,/ˈdalil/
dalil,[ˈda.lɪl]
dalu,/ˈda.lu/
dalu,[ˈda.lu]
daluang,/daˈlu.aŋ/
daluang,[daˈlu.aŋ]
daluwarsa,/daluˈwarsa/
daluwarsa,[da.luˈwar.sa]
dam,/ˈdam/
dam,[ˈdam]
dam sabo,[ˈdam ˈsabo]
damai,/ˈdamai̯/
damai,[ˈda.mai̯]
damar,[ˈd̪amar]
damas,[ˈdamas]
damkar,/dam.kar/
damono,/daˈmono/
damono,[daˈmo.no]
dampak,/ˈdampak/
dampak,[ˈdam.pak̚]
dampar,/ˈdampar/
dampar,[ˈdam.par]
damping,/ˈdampiŋ/
damping,[ˈdam.pɪŋ]
dan,/dan/
dan,[dan]
dan lain-lain,/dan ˌlain ˈlain/
dan lain-lain,[dan ˌla.ɪn ˈla.ɪn]
dan sebagainya,/dan səbaˈɡai̯ɲa/
dan sebagainya,[dan sə.baˈɡai̯.ɲa]
dan seterusnya,/dan sə.təˈrus.ɲa/
dan seterusnya,[dan sə.t̪əˈrus.ɲa]
dan/atau,[ˈdan ˈatau̯]
dana,/ˈdana/
dana,[ˈda.na]
dana abadi,/ˈdana ˈabadi/
dana amortisasi,/ˈda.na a.mɔr.ti.ˈsa.si/
dana pelunas,/ˈda.na pə.ˈlu.nas/
danau,/ˈdanau̯/
danau,[ˈda.nau̯]
dandanan,/danˈdanan/
dandanan,[danˈda.nan]
dandang,[ˈdandaŋ]
dandi,/ˈdandi/
dandi,[ˈdan.di]
dang-ding-dut,[daŋdɪŋdʊt̚]
dangdut,[daŋdʊt̚]
dangkal,[ˈdaŋkal]
daniel,/daˈniɛl/
daniel,[daˈni.ɛl]
dansa,/dan.sa/
danta,/dan.ta/
danu,/ˈdanu/
danu,[ˈda.nu]
dapat,/ˈdapat/
dapat,[ˈda.pat̪̚]
dapatan,[daˈpat̚an]
dapatkan,/daˈpatkan/
dapatkan,[daˈpat̪̚.kan]
dapet,/ˈdapət/
dapet,[ˈda.pət̪̚]
dapil,/ˈdapil/
dapil,[ˈda.pɪl]
dapur,/ˈdapur/
dapur,[ˈda.pʊr]
dapus,/ˈdapus/
dapus,[ˈda.pʊs]
dara,[ˈdara]
darah,/ˈdarah/
darah,[ˈda.rah]
daras,/daras/
darat,/ˈdarat/
darat,[ˈda.rat̪̚]
daratan utama,/daˌra.tan uˈta.ma/
daratan utama,[daˌra.t̪an uˈt̪a.ma]
dardar,/ˈdardar/
dardar,[ˈdar.dar]
dargah,/ˈdarɡah/
dari,/ˈdari/
dari,[ˈda.ri]
daring,/ˈdariŋ/
daring,[ˈda.rɪŋ]
daripada,/dariˈpada/
daripada,[da.riˈpa.da]
darji,/ˈdard͡ʒi/
darma,/ˈdarma/
darma,[ˈdar.ma]
darmawisata,/dar.ma.wiˈsa.ta/
darmawisata,[dar.ma.wiˈsa.t̪a]
darurat,/daˈrurat/
darurat,[daˈru.rat̪̚]
darwis,/ˈdarwis/
darwis,[ˈdar.wɪs]
daryatmo,/daˈrjatmo/
daryatmo,[daˈrjat̪̚.mo]
das,/ˈdas/
das,[ˈdas]
dasa,/ˈdasa/
dasa,[ˈda.sa]
dasa-,[dasa]
dasar,/ˈdasar/
dasar,[ˈda.sar]
dasarian,[dasaˈrian]
dasatitah,/da.saˈti.tah/
dasatitah,[da.saˈt̪i.t̪ah]
dasawarsa,/dasaˈwarsa/
dasawarsa,[da.saˈwar.sa]
dasbor,[ˈd̪asbɔr]
dasi,[dasi]
daster,/ˈdastər/
daster,[ˈdas.t̪ər]
data,[ˈdata]
data raya,[ˈdata ˈraja]
datang,/ˈdataŋ/
datang,[ˈda.t̪aŋ]
datangi,/daˈtaŋi/
datangi,[daˈt̪a.ŋi]
datangin,/daˈtaŋin/
datangin,[daˈt̪a.ŋɪn]
datanglah,/daˈtaŋlah/
datanglah,[daˈt̪aŋ.lah]
datar,/ˈdatar/
dataran,/daˈtaran/
dataran,[daˈt̪a.ran]
dataran banjir,/daˌtaran ˈband͡ʒir/
dataran banjir,[daˌt̪a.ran ˈbaɲ.d͡ʒɪr]
dataran tinggi,/daˌtaran ˈtiŋɡi/
dataran tinggi,[daˌt̪a.ran̪ ˈt̪iŋ.ɡi]
datau,[ˈdatau̯]
dateng,/ˈdatəŋ/
dateng,[ˈda.t̪əŋ]
datif,[ˈdatɪf]
datin,[ˈdatɪn]
dato,/ˈdato/
dato,[ˈda.t̪o]
datu,/ˈdatu/
datu,[ˈda.t̪u]
datuk,/ˈdatuʔ/
datuk,[ˈda.t̪ʊʔ]
datum,/ˈdatum/
datum,[ˈda.t̪ʊm]
daud,/ˈdaud/
daud,[ˈda.ʊt̪̚]
daulat,[ˈdau̯lat̚]
daun,/ˈdaun/
daun,[ˈda.ʊn]
daun bawang,/ˌdaun ˈbawaŋ/
daun bawang,[ˌda.ʊn ˈba.waŋ]
daun meja,/ˌdaun ˈmed͡ʒa/
daun meja,[ˌda.ʊn ˈme.d͡ʒa]
daur,/ˈdaʊr/
daur hidup,/da.ʊr ˈhi.dʊp̚/
dawat,/ˈdawat/
dawat,[ˈda.wat̪̚]
dawet,/ˈdawət/
dawet,[ˈda.wət̪̚]
dawuh,/ˈdawuh/
dawuh,[ˈda.wʊh]
daya,/ˈdaja/
daya,[ˈda.ja]
daya beli,/ˈdaja bəˈli/
daya dukung,/ˈdaja ˈdukʊŋ/
daya hantar,[daja ˈhantar]
daya kuda,[ˈd̪aja ˈkud̪a]
daya muat,/ˈdaja ˈmuat/
daya paksa,/ˈdaja ˈpaksa/
daya produktif,/ˌdaja proˈduktif/
daya produktif,[ˌda.ja proˈduk̚.t̪ɪf]
dayah,/ˈdajah/
dayak,/ˈdajak/
dayak,[ˈda.jak̚]
dayung,/ˈdajuŋ/
dayung,[ˈda.jʊŋ]
dayung-mayung,/da.jʊŋˈma.jʊŋ/
dayungkan,/daˈjuŋ.kan/
db,/ˈde.be/
dbd,/deˈbede/
dbs,/deˈbe.ɛs/
dbs,[deˈbe.ɛs]
dbt,/deˈbe.te/
dbt,[deˈbe.t̪e]
de,/de/
de,[de]
de-,[de]
dealer,/ˈdilər/
dealer,[ˈdi.lər]
deaminasi,/deamiˈnasi/
debar,/dəˈbar/
debar,[dəˈbar]
debat,/dəˈbat/
debat,/ˈdebat/
debat,[dəˈbat̪̚]
debat,[ˈde.bat̪̚]
debet,[ˈdebət̪̚]
debetor,[ˈdebət̪ɔr]
debit,[ˈdebɪt̚]
debitor,[ˈdebit̪ɔr]
debitur,[deˈbitʊr]
debitur grup,/deˈbitʊr ˈɡrʊp̚/
debridemen,/deˈbridəmɛn/
debridemen,[deˈbri.də.mɛn]
debu,/dəˈbu/
debus,/dəˈbʊs/
debut,[dəˈbʊt̚]
debut,[ˈdebʊt̚]
decak,/dəˈt͡ʃaʔ/
decak,[dəˈt͡ʃaʔ]
dedak,/dəˈdak/
dedak,[dəˈdak̚]
dedapur,[d̪əˈd̪apʊr]
dedas,[dəˈdas]
deden,/ˈdeden/
deden,[ˈde.dɛn]
dederuk,/ˈdədəruk/
dederuk,[ˈdə.də.rʊk̚]
dedes,/ˈdədəs/
dedes,/ˈdɛdɛs/
dedes,[ˈdə.dəs]
dedes,[ˈdɛ.dɛs]
dedikasi,[d̪eˈd̪ikasi]
deduksi,/deˈdʊksi/
deduktif,/deˈdʊktɪf/
deeskalasi,/deeskaˈlasi/
defamasi,[defaˈmasi]
defek,/ˈdefɛk̚/
defekasi,/defeˈkasi/
defenisi,/de.fe.ni.si/
defensi,/deˈfɛnsi/
defensif,/deˈfensɪf/
defibrilator,/defibriˈlator/
defibrilator,[de.fi.briˈla.t̪ɔr]
defile,/deˈfile/
definisi,/de.fiˈni.si/
definit,/deˈfinit/
definit,[deˈfi.nɪt̪̚]
definitif,/defiˈnitɪf/
defisien,[defiˈsiɛn]
defisiensi,[defisiˈɛnsi]
defisit,/deˈfisit/
defisit,[deˈfi.sɪt̪̚]
deflasi,/deˈflasi/
defleksi,/de.ˈflɛk.si/
deforestasi,/de.fo.rəs.ˈta.si/
deformasi,/defɔrˈmasi/
degenerasi,/deɡenəˈrasi/
degeneratif,/deɡenəˈratɪf/
degradasi,/deɡraˈdasi/
dehegemonisasi,/deheɡemoniˈsasi/
dehegemonisasi,[de.he.ɡe.mo.niˈsa.si]
dehidrasi,/dehiˈdrasi/
dek,[ˈdɛk]
deka-,[dɛka]
dekade,[deˈkadə]
dekaden,[dɛˈkadɛn]
dekadensi,[dɛkaˈdɛnsi]
dekagram,[deˈkaɡram]
dekaliter,[dekaˈlitər]
dekam,/dəˈkam/
dekameter,[dekaˈmɛtər]
dekan,/dekan/
dekan,/dəkan/
dekanat,[deˈkanat̚]
dekapitasi,/dekapiˈtasi/
dekapitasi,[de.ka.piˈt̪a.si]
dekat,/dəˈkat/
dekat,[ˈdekat]
dekat-dekat,[d̪əˈkat̪ d̪əˈkat̪]
deklamasi,[deklaˈmasi]
deklarasi,[dɛklaˈrasi]
deklinasi,[dekliˈnasi]
dekomposisi,/dekɔmpoˈsisi/
dekondisi,/dəkonˈdisi/
dekondisi,[də.konˈdi.si]
dekonsentrasi,[dekɔnsɛnˈtrasi]
dekonstruksi,/de.konˈstruk.si/
dekonstruksi,[dɛ.kɔnˈst̪rʊk.si]
dekor,[ˈdɛkɔr]
dekorasi,[dɛkoˈrasi]
dekoratif,/də.koˈra.tif/
dekoratif,[də.koˈra.t̪ɪf]
dekortikasi,/dekortiˈkasi/
dekortikasi,[de.kor.t̪iˈka.si]
dekret,[dəˈkrɛt̪]
dekstra,/ˈdɛkstra/
dekstra,[ˈdɛks.t̪ra]
dekstrokardia,/dɛkstrokarˈdia/
dekstrokardia,[dɛks.t̪ro.karˈdi.a]
delapan,/dəˈlapan/
delapan,[dəˈla.pan]
delegasi,[deləˈɡasi]
delegitimasi,/dələɡitiˈmasi/
delegitimasi,[də.lə.ɡi.t̪iˈma.si]
deler,[dəˈlɛr]
delesi,/de.le.si/
delik,[dəˈlɪk]
delik biasa,/dəˈlɪk̚ ˈbia̯sa/
delik culpa,/dəˈlɪk̚ ˈkʊlpa/
delik kulpa,[dəˈlɪk̚ ˈkʊlpa]
delima,/dəˈlima/
delima,[dəˈli.ma]
delimukan timur,/dəliˌmukan ˈtimur/
delimukan timur,[də.liˌmu.kan̪ ˈt̪i.mʊr]
delinkuensi,[delɪnkuˈɛnsi]
delirium,/de.li.ˈri.ʊm/
delman,/ˈdel.man/
delta,[ˈdɛlta]
deluang,/dəˈlu.aŋ/
deluang,[dəˈlu.aŋ]
delusi,[deˈlusi]
delusional,/deˈlu.siˈɔ.nal/
demagog,[deˈmaɡɔk̚]
demagogi,/demaˈɡoɡi/
demagogi,[de.maˈɡo.ɡi]
demam,/dəˈmam/
demam,[dəˈmam]
demam kuning,/də.ˈmam ˈku.nɪŋ/
demam tifoid,/dəˈmam tiˈfoit̚/
demang,/dəˈmaŋ/
demarkasi,/demarˈkasi/
demarkasi,[de.marˈka.si]
demensia,/demɛnˈsia/
demensia,[de.mɛnˈsi.a]
demetilasi,/demetiˈlasi/
demetilasi,[de.me.t̪iˈla.si]
demi,[dəˈmi]
demielinasi,/demieliˈnasi/
demielinasi,[de.mi.e.liˈna.si]
demielinisasi,/demieliniˈsasi/
demielinisasi,[de.mi.e.li.niˈsa.si]
demikian,/dəmiˈkian/
demikian,[də.miˈki.an]
demikianlah,/dəmikiˈanlah/
demikianlah,[də.mi.kiˈan.lah]
demineralisasi,/deminəraliˈsasi/
demineralisasi,[de.mi.nə.ra.liˈsa.si]
demiseksual,/demisɛkˈsual/
demiseksual,[de.mi.sɛk̚ˈsu.al]
demo,/ˈdemo/
demo,[ˈde.mo]
demografi,/demoˈɡrafi/
demografis,/demoˈɡrafɪs/
demokrasi,[demoˈkrasi]
demokrasi liberal,[dəmoˈkrasi libəˈral]
demokrat,[d̪eˈmokrat̪̚]
demokratis,[demoˈkratɪs]
demokratisasi,/demokratiˈsasi/
demokratisasi,[de.mo.kra.t̪iˈsa.si]
demonetisasi,/demonetiˈsasi/
demonstrasi,[demɔnˈstrasi]
demosi,/deˈmosi/
demosi,[deˈmo.si]
demung,/dəˈmuŋ/
demung,[dəˈmuŋ]
denah,[ˈd̪ɛnah]
denaturasi,/denatuˈrasi/
denda,/dənˈda/
denda,[dənˈda]
dendam,[dənˈdam]
dendeng,/ˈdendɛŋ/
dendeng,[ˈden.dɛŋ]
denervasi,/denərˈvasi/
denervasi,[de.nərˈfa.si]
dengan,/dəˈŋan/
dengan,[dəˈŋan]
dengar,/dəˈŋar/
dengar,[dəˈŋar]
dengar pendapat,/dəˈŋar pənˈdapat/
dengar-dengar,/dəˌŋar dəˈŋar/
dengar-dengar,[dəˌŋar dəˈŋar]
dengar-dengaran,/də.ŋar.dəˈŋa.ran/
dengaran,/dəˈŋa.ran/
dengari,/dəˈŋari/
dengari,[dəˈŋa.ri]
dengarkan,/dəˈŋarkan/
dengarkan,[dəˈŋar.kan]
denger,/ˈdəŋər/
denger,[ˈdə.ŋər]
dengerin,/də.ŋəˈrɪn/
dengki,[dəŋˈki]
dengkul,/dəŋˈkul/
dengkul,[dəŋˈkʊl]
dengkur,/dəŋˈkur/
dengkur,[dəŋˈkʊr]
dengue,[ˈdeŋɡe]
dengung,/dəˈŋuŋ/
dengung,[dəˈŋuŋ]
denitrifikasi,/denitrifiˈkasi/
denitrifikasi,[de.ni.t̪ri.fiˈka.si]
denmark,/ˈdɛnma(r)k/
denominasi,[de.no.miˈna.si]
denotasi,[denoˈtasi]
denpasar,/dɛnˈpasar/
denpasar,[dɛnˈpa.sar]
densitas,/dɛnˈsitas/
densitometri,[d̪ɛnsit̪oˈmɛt̪ri]
dentasol,/dɛnˈtasol/
dentasol,[dɛn̪ˈt̪a.sɔl]
dentikel,/dɛnˈtikɛl/
dentikel,[dɛn̪ˈt̪i.kɛl]
dentinogenesis,/dɛntinoɡeˈnesis/
dentinogenesis,[dɛn̪.t̪i.no.ɡeˈne.sɪs]
deodoran,/deoˈdoran/
deodoran,[de.oˈdo.ran]
deoksikolat,/deoksiˈkolat/
deoksikolat,[de.ok̚.siˈko.lat̪̚]
dep,[ˈdɛp]
depan,/dəˈpan/
depan,[dəˈpan]
departemen,[də.par.təˈmɛn]
departementalisasi,/dəpartəmɛntaliˈsasi/
dependen,/deˈpɛndən/
dependen,[deˈpen.dən]
dephub,/dəpˈhub/
dephub,[dəp̚ˈhʊp̚]
depilasi,/depiˈlasi/
depilasi,[de.piˈla.si]
deplesi,/deˈplesi/
depo,[ˈd̪epo]
depok,/ˈde.pɔk/
depolitisasi,/dəpolitiˈsasi/
depolitisasi,[də.po.li.t̪iˈsa.si]
deponering,/dəpoˈneriŋ/
deponering,[də.poˈne.rɪŋ]
deportasi,/deporˈtasi/
deportasi,[de.porˈt̪a.si]
deporti,/dəˈporti/
deporti,[dəˈpor.t̪i]
deposito,[depoˈsito]
deposito berjangka,/depoˈsito bərˈd͡ʒaŋka/
depot,/ˈdepɔt/
depot,[ˈde.pɔt̪̚]
depresan,/deˈprɛsan/
depresi,/deˈpresi/
depresi pascalahir,/de.ˈprɛ.si pas.t͡ʃa.ˈla.hɪr/
depresiasi,/de.pre.ˈsia.si/
deprivasi,/dɛpriˈvasi/
deprivasi,[dɛp̚.riˈfa.si]
deputi,[d̪eˈput̪i]
deragem,/də.ˈra.ɡəm/
derajat,[dəˈrad͡ʒat̚]
derajat kebebasan,/də.ˈra.d͡ʒat kə.bə.ˈbas.an/
derajat penyebaran,/dəˈrad͡ʒat pəɲəˈbaran/
derap,[dəˈrap]
deras,[d̪əˈras]
deret,[ˈdɛrɛt̚]
deret konsonan,[ˈdɛrɛt̚ kɔnˈsonan]
deret vokal,[ˈdɛrɛt̚ ˈvokal]
deret waktu,/ˈde.ret ˈwak.tu/
derita,/də.ri.ta/
derivatif,[dɛriˈvatɪf]
derji,/dərˈd͡ʒi/
derji,[dərˈd͡ʒi]
derma,[dərˈma]
dermabrasi,/dɛrmabˈrasi/
dermabrasi,[dɛr.map̚ˈra.si]
dermadara,/dərmaˈdara/
dermadara,[dər.maˈda.ra]
dermaga,[d̪ərˈmaɡa]
dermatitis,/dɛrmaˈtitis/
dermatitis,[dɛr.maˈt̪i.t̪ɪs]
dermatofitosis,/dɛrmatofiˈtosis/
dermatofitosis,[dɛr.ma.t̪o.fiˈt̪o.sɪs]
dermatom,/dɛrˈmatom/
dermatom,[dɛrˈma.t̪ɔm]
dermoskopi,/dɛrmoˈskopi/
dermoskopi,[dɛr.moˈsko.pi]
desa,/ˈdɛsa/
desa,[ˈdɛ.sa]
desain,[deˈsaɪn]
desainer,/desaˈinər/
desainer,[de.saˈi.nər]
desak,/dəˈsak/
desak,/ˈdesak/
desak,[dəˈsak̚]
desak,[ˈde.sak̚]
desalinasi,/de.sa.li.ˈna.si/
deselerasi,/desɛləˈrasi/
desember,/deˈsembər/
desember,[deˈsem.bər]
desensitisasi,/desɛnsitiˈsasi/
desensitisasi,[de.sɛn.si.t̪iˈsa.si]
desentralisasi,[desɛntraliˈsasi]
desepsi,/deˈsɛpsi/
desepsi,[deˈsɛp̚.si]
deserebrasi,/deserɛbˈrasi/
deserebrasi,[de.se.rɛp̚ˈra.si]
desersi,[d̪ɛˈsɛrsi]
desibel,[deˈsibəl]
desidua,/desiˈdua/
desidua,[de.siˈdu.a]
desiduitis,/desiduˈitis/
desiduitis,[de.si.duˈi.t̪ɪs]
desigram,[dɛˈsiɡram]
desil,/ˈdesil/
desil,[ˈde.sɪl]
desimal,[dɛˈsimal]
desinfeksi,/dɛ.sinˈfɛk.si/
desinfeksi,[dɛ.sinˈfɛk̚.si]
desistor,/deˈsɪstɔr/
deskripsi,[d̪ɛsˈkrɪpsi]
deskriptif,/dɛsˈkriptif/
deskriptif,[dɛsˈkrip̚.t̪ɪf]
desmoplasia,/dɛsmoplaˈsia/
desmoplasia,[dɛs.mop̚.laˈsi.a]
desmosom,/dɛsˈmo.som/
desmosom,[dɛsˈmo.sɔm]
desmosomal,/dɛsmoˈsomal/
desmosomal,[dɛs.moˈso.mal]
desorientasi,/dəsoriənˈtasi/
desorientasi,[dəs.o.ri.ən̪ˈt̪a.si]
destar,[dəsˈtar]
destinasi,[destiˈnasi]
destruksi,/des.truk.si/
destruksi,[dɛsˈt̪rʊk.si]
destruksi diri,/des.truk.si ˈdi.ri/
destruksi diri,[dɛs.t̪rʊk.si ˈdi.ri]
destruksikan,/des.trukˈsi.kan/
destruksikan,[dɛs.t̪rʊkˈsi.kän]
destruktif,/dɛsˈtruk.tif/
destruktor,/desˈtruk.tor/
destruktor,/dɛsˈt̪rʊk̚.t̪ɔr/
detail,/diˈtɛl/
detail,/dəˈtaɪl/
detasemen,[detaˈsəmɛn]
deteksi,[d̪eˈt̪ek̚si]
detektif,[deˈtek̚tɪf]
detektor,[deˈt̪ɛk̚t̪ɔr]
deteni,/dəˈteni/
deteni,[dəˈt̪e.ni]
detergen,[det̪ərˈɡen]
determinan,/de.tɛr.ˈmi.nan/
determinasi,/de.tɛr.mi.ˈna.si/
determinatif,/detɛrmiˈnatif/
determinatif,[de.t̪ɛr.miˈna.t̪ɪf]
determinisme,/de.tɛr.mɪn.ˈɪs.mə/
detik,/dəˈtik/
detik,/dəˈtiʔ/
detik,[dəˈt̪ɪk̚]
detik,[dəˈt̪ɪʔ]
detoksifikasi,/detɔk̚sifiˈkasi/
detonator,/detoˈnatɔr/
detonator,[de.t̪oˈna.t̪ɔr]
detritus,/deˈtritus/
detritus,[deˈt̪ri.t̪ʊs]
detrusor,/deˈtrusor/
detrusor,[deˈt̪ru.sɔr]
deuteranopia,/dəutəranoˈpia/
deuteranopia,[də.u.t̪ə.ra.noˈpi.a]
deuterokanonika,/deu̯terokanoˈnika/
deuterokanonika,[deu̯.t̪e.ro.ka.noˈni.ka]
devaskularisasi,/devaskulariˈsasi/
devaskularisasi,[de.fas.ku.la.riˈsa.si]
developmentalisme,/devəlopməntalˈismə/
developmentalisme,[de.fə.lop̚.mən̪.t̪alˈis.mə]
deviasi,/de.viˈa.si/
devisa,/de.ˈvi.sa/
devolusi,/de.vo.ˈlu.si/
devosi,/devosi/
dewa,/ˈdewa/
dewa,[ˈde.wa]
dewala,/deˈwala/
dewala,[deˈwa.la]
dewan,/ˈdɛwan/
dewan,[ˈdɛ.wan]
dewan komisaris,/ˈdɛwan komiˈsarɪs/
dewan mahasiswa,[ˈdewan mahaˈsiswa]
dewan menteri,/ˈdɛwan məntəˈri/
dewan nasional,/ˈdɛ.wan na.si.ˈo.nal/
dewan penasihat,/ˈdɛ.wan pə.na.ˈsi.hat/
dewan pengawas,/ˈdɛwan pəŋˈawas/
dewan pertimbangan,/ˈdɛ.wan pər.tɪm.ˈbaŋ.an/
dewan pertimbangan agung,/ˌdewan pərtimˌbaŋan ˈaɡuŋ/
dewan pertimbangan agung,[ˌde.wan pər.t̪imˌba.ŋan ˈa.ɡʊŋ]
dewan perwakilan,/ˈdɛwan pər.wa.ˈkɪl.an/
dewan perwakilan rakyat,/ˌdewan pərwaˌkilan ˈraʔjat/
dewan perwakilan rakyat,[ˌde.wan pər.waˌki.lan ˈraʔ.jat̪̚]
dewana,/deˈwana/
dewana,[deˈwa.na]
dewanagari,[dɛwanaˈɡari]
dewangga,/de.ˈwaŋ.ɡa/
dewasa,[dɛˈwasa]
dewata,/deˈwata/
dewata,[deˈwa.t̪a]
dewi keadilan,/ˌdewi kəaˈdilan/
dewi keadilan,[ˌde.wi kə.aˈdi.lan]
dewo,/dəˈwo/
dewo,[dəˈwo]
di,/di/
di samping itu,/di sam.pɪŋ ˈ(ʔ)i.tu/
di sisi lain,/di si.si ˈla.ɪn/
di-,/di/
di- -i,/di- -i/
di- -i,[di- -i]
di- -i,[di- -ʔi]
di- -in,/di- -ɪn/
di- -kan,/di- -kan/
di- -kan,[di- -kan]
di- -kan,[di.ʔ- -kan]
di- -nya,/di ɲa/
dia,/ˈdia/
dia,[ˈdi.a]
dia-,/dia/
diaba-aba,/di.a.baˈ(ʔ)a.ba/
diabaikan,/diaˈbai̯kan/
diabaikan,[di.aˈbai̯.kan]
diabetes,/diaˈbetəs/
diabetes,[di.aˈbe.t̪əs]
diabolisi,/diaboˈlisi/
diabolisi,[di.a.boˈli.si]
diabolisikan,/diaboliˈsikan/
diabolisikan,[di.a.bo.liˈsi.kan]
diabsorpsi,/diabˈsɔrpsi/
diabsorpsi,[di.ap̚ˈsɔrp̚.si]
diadaptasi,/diadapˈtasi/
diadaptasi,[di.a.dap̚ˈt̪a.si]
diadaptasikan,/diadaptaˈsikan/
diadaptasikan,[di.a.dap̚.t̪aˈsi.kan]
diaforetik,/diafoˈretik/
diaforetik,[di.a.foˈre.t̪ɪk̚]
diagih,/diˈaɡih/
diagih,[diˈa.ɡɪh]
diagnosis,/diaɡˈnosis/
diagnosis,[di.ak̚ˈno.sɪs]
diagnosis banding,[diak̚ˈnosɪs ˈbandɪŋ]
diagnosis diferensial,[diak̚ˈnosɪs ˈbandɪŋ]
diagnosis pembanding,[diak̚ˈnosɪs pəmˈbandɪŋ]
diagnostik,[diaɡˈnɔstɪk]
diagram,/di.a.ˈɡram/
diagram kotak garis,/ˈdia̯.ɡram ˈko.tak ˈɡa.rɪs/
diajak,/diˈad͡ʒaʔ/
diajak,[diˈa.d͡ʒaʔ]
diakalkan,/diaˈkalkan/
diakalkan,[di.aˈkal.kan]
diaken,/diakən/
diakon,/diakon/
diakonat,/diaˈkonat/
diakonat,[di.aˈko.nat̪̚]
diakones,[diaˈkonəs]
diakonia,/diakoˈnia/
diakonia,[di.a.koˈni.a]
dialek,/diˈa.lɛk̚/
dialektik,/diaˈlɛktik/
dialektik,[di.aˈlɛk̚.t̪ɪk̚]
dialektika,/dialɛkˈtika/
dialektika,[di.a.lɛk̚ˈt̪i.ka]
dialektis,/diaˈlɛktis/
dialektis,[di.aˈlɛk̚.t̪ɪs]
dialisis,/diaˈlisis/
dialisis,[di.aˈli.sɪs]
diam,/ˈdiam/
diam,[ˈdi.am]
diamati,/di.aˈma.ti/
diambil,/diˈambil/
diambil,[diˈam.bɪl]
diameter,[dia̯ˈmɛtər]
diamortisasi,/diamɔrtiˈsasi/
diamortisasi,[di.a.mɔr.t̪iˈsa.si]
diampelas,/diˈam.p(ə).las/
diampelasi,/di.amˈp(ə).la.si/
dian,[ˈd̪ian]
diandalkan,/dianˈdalkan/
diandalkan,[di.anˈdal.kan]
dianehkan,/diaˈnehkan/
dianehkan,[di.aˈneh.kan]
dianggap,/diˈaŋɡap/
dianggap,[diˈaŋ.ɡap̚]
diangkat,/diˈaŋkat/
diangkat,[diˈaŋ.kat̪̚]
dianjung,/diˈand͡ʒuŋ/
dianjung,[diˈaɲ.d͡ʒʊŋ]
diantar,/diˈantar/
diantar,[diˈan̪.t̪ar]
diapedesis,/diapeˈdesis/
diapedesis,[di.a.peˈde.sɪs]
diare,[d̪iˈare]
diari,/diˈa.ri/
diartiin,/di.arˈti.ʔɪn/
diartikan,/di.arˈti.kan/
diasap,/diˈasap/
diasap,[diˈa.sap̚]
diasapi,/diaˈsapi/
diasapi,[di.aˈsa.pi]
diaskhisis,/diasˈxisis/
diaskhisis,[di.asˈxi.sɪs]
diaspora,[diasˈpora]
diatermi,/diaˈtɛrmi/
diatermi,[di.aˈt̪ɛr.mi]
diatur,/diˈatur/
diatur,[diˈa.t̪ʊr]
diaturkan,/diaˈturkan/
diaturkan,[di.aˈt̪ur.kan]
diawaskan,/diaˈwaskan/
diawaskan,[di.aˈwas.kan]
dibaca,/diˈbat͡ʃa/
dibaca,[diˈba.t͡ʃa]
dibaca-baca,/diˌbat͡ʃa ˈbat͡ʃa/
dibaca-baca,[diˌba.t͡ʃa ˈba.t͡ʃa]
dibacai,/dibaˈt͡ʃai/
dibacai,[di.baˈt͡ʃa.i]
dibacain,/dibaˈt͡ʃain/
dibacain,/dibaˈt͡ʃaʔin/
dibacain,[di.baˈt͡ʃa.ɪn]
dibacain,[di.baˈt͡ʃa.ʔɪn]
dibacakan,/dibaˈt͡ʃakan/
dibacakan,[di.baˈt͡ʃa.kan]
dibagi,/diˈbaɡi/
dibagi,[diˈba.ɡi]
dibagi-bagi,/diˌbaɡi ˈbaɡi/
dibagi-bagi,[diˌba.ɡi ˈba.ɡi]
dibagikan,/dibaˈɡikan/
dibagikan,[di.baˈɡi.kan]
dibagusin,/di.baˈɡu.sin/
dibaguskan,/dibaˈɡuskan/
dibaguskan,[di.baˈɡus.kan]
dibahas,/diˈbahas/
dibahas,[diˈba.has]
dibalap,/diˈbalap/
dibalap,[diˈba.lap̚]
dibalapkan,/dibaˈlapkan/
dibalapkan,[di.baˈlap̚.kan]
dibantah,/diˈbantah/
dibantah,[diˈban̪.t̪ah]
dibanting,/diˈbantiŋ/
dibanting,[diˈban̪.t̪ɪŋ]
dibantingkan,/dibanˈtiŋkan/
dibantingkan,[di.ban̪ˈt̪iŋ.kan]
dibasahi,/dibaˈsahi/
dibasahi,[di.baˈsa.hi]
dibasuh,/diˈbasuh/
dibasuh,[diˈba.sʊh]
dibatik,/diˈbatiʔ/
dibatik,[diˈba.t̪ɪʔ]
dibawa,/diˈbawa/
dibawa,[diˈba.wa]
dibedakan,/dibeˈdakan/
dibedakan,[di.beˈda.kan]
dibelanja,/di.bəˈlan.d͡ʒa/
dibelanjai,/di.bə.laɲˈd͡ʒai̯/
dibelenggu,/di.bə.ləŋˈɡu/
dibenahi,/dibəˈnahi/
dibenahi,[di.bəˈna.hi]
dibereskan,/dibɛˈrɛskan/
dibereskan,[di.bɛˈrɛs.kan]
diberhasilkan,/dibərhaˈsilkan/
diberhasilkan,[di.bər.haˈsil.kan]
diberhentikan,/dibərhənˈtikan/
diberi,/di.bəˈri/
diberi tahu,/di.bə.ri ˈta.(h)u/
diberikan,/dibəˈrikan/
diberikan,[di.bəˈri.kan]
diberitahu,/di.bə.riˈta.(h)u/
diberitahukan,/di.bə.ri.taˈ(h)u.kan/
diberkahi,/dibərˈkahi/
diberkahi,[di.bərˈka.hi]
dibersihkan,/dibərˈsihkan/
dibersihkan,[di.bərˈsih.kan]
dibertahukan,/di.bər.taˈ(hu).kan/
dibesarin,/di.bəˈsa.rin/
dibeton,/dibəˈton/
dibeton,[di.bəˈt̪on]
dibiasakan,/di.bi.aˈsa.kan/
dibilang,/diˈbilaŋ/
dibilang,[diˈbi.laŋ]
dibobok,/diˈbobok/
dibobok,/diˈboboʔ/
dibobok,[diˈbo.bɔk̚]
dibobok,[diˈbo.bɔʔ]
diboikot,/diˈbɔi̯.kɔt̚/
diborgol,/diˈbɔr.ɡɔl/
dibuai,/diˈbuai̯/
dibuai,[diˈbu.ai̯]
dibuang,/dibuaŋ/
dibuang,[di.bu.ˈaŋ]
dibuang-buang,/di.bu.aŋˈbu.aŋ/
dibuangin,/di.buˈa.ŋɪn/
dibuangkan,/di.buˈaŋ.kan/
dibuat,/diˈbuat/
dibuat,[diˈbu.at̪̚]
dibuatkan,/dibuˈatkan/
dibubuh,/diˈbu.bʊh/
dibubuhkan,/dibuˈbuhkan/
dibubuhkan,[di.buˈbuh.kan]
dibujuk,/diˈbu.d͡ʒʊʔ/
dibujuki,/di.buˈd͡ʒu.ki/
dibukai,/di.buˈkai̯/
dibukain,/di.buˈka.ɪn/
dibukakan,/di.buˈka.kan/
dibunuh,/diˈbunuh/
dibunuh,[diˈbu.nʊh]
dicabik,/diˈt͡ʃabik/
dicabik,/diˈt͡ʃabiʔ/
dicabik,[diˈt͡ʃa.bɪk̚]
dicabik,[diˈt͡ʃa.bɪʔ]
dicabut,/diˈt͡ʃabut/
dicabut,[diˈt͡ʃa.bʊt̪̚]
dicacap,/diˈt͡ʃat͡ʃap/
dicacap,[diˈt͡ʃa.t͡ʃap̚]
dicaci,/diˈt͡ʃat͡ʃi/
dicaci,[diˈt͡ʃa.t͡ʃi]
dicakup,/diˈt͡ʃakup/
dicakup,[diˈt͡ʃa.kʊp̚]
dicambuk,/diˈt͡ʃambuk/
dicambuk,[diˈt͡ʃam.bʊk̚]
dicampur,/diˈt͡ʃam.pʊr/
dicampurkan,/di.t͡ʃamˈpʊr.kan/
dicangkok,/diˈt͡ʃaŋkok/
dicangkok,/diˈt͡ʃaŋkoʔ/
dicangkok,[diˈt͡ʃaŋ.kɔk̚]
dicangkok,[diˈt͡ʃaŋ.kɔʔ]
dicangkuk,/diˈt͡ʃaŋkuk/
dicangkuk,/diˈt͡ʃaŋkuʔ/
dicangkuk,[diˈt͡ʃaŋ.kʊk̚]
dicangkuk,[diˈt͡ʃaŋ.kʊʔ]
dicariin,/di.tʃaˈri.ʔin/
dicatat,/diˈt͡ʃatat/
dicatat,[diˈt͡ʃa.t̪at̪̚]
dicelupkan,/dit͡ʃəˈlupkan/
dicelupkan,[di.t͡ʃəˈlup̚.kan]
dicemeti,/dit͡ʃəməˈti/
dicemeti,[di.t͡ʃə.məˈt̪i]
diceritakan,/dit͡ʃəriˈtakan/
diceritakan,[di.t͡ʃə.riˈt̪a.kan]
dicetak,/diˈt͡ʃetak/
dicetak,[diˈt͡ʃe.t̪ak̚]
dicinta,/diˈt͡ʃinta/
dicinta,[diˈt͡ʃin̪.t̪a]
dicintai,/dit͡ʃinˈtai/
dicintai,[di.t͡ʃin̪ˈt̪a.i]
dicita,/diˈt͡ʃita/
dicita,[diˈt͡ʃi.t̪a]
dicocok,/diˈt͡ʃot͡ʃok/
dicocok,[diˈt͡ʃo.t͡ʃɔk̚]
dicukur,/diˈt͡ʃu.kʊr/
didaftar,/diˈdaftar/
didaftar,[diˈdaf.t̪ar]
didaftarkan,/didafˈtarkan/
didaftarkan,[di.dafˈt̪ar.kan]
didaktik,[diˈdak̚tɪk̚]
didapat,/diˈdapat/
didapat,[diˈda.pat̪̚]
didapatkan,/didaˈpatkan/
didapatkan,[di.daˈpat̪̚.kan]
didatangi,/di.daˈta.ŋi/
didatangi,[di.daˈt̪a.ŋi]
didatangin,/di.daˈta.ŋin/
didatangin,[di.daˈt̪a.ŋɪn]
didatengin,/diˈda.tə.ŋin/
didatengin,[diˈda.t̪ə.ŋɪn]
didayung,/diˈdajuŋ/
didayung,[diˈda.jʊŋ]
didekonstruksi,/di.de.konˈstruk.si/
didekonstruksi,[di.dɛ.kɔnˈst̪rʊk.si]
didengar,/didəˈŋar/
didengar,[di.dəˈŋar]
didengari,/di.dəˈŋa.ri/
didengarkan,/di.dəˈŋar.kan/
didengerin,/di.də.ŋəˈrɪn/
didep,[ˈdidɛp]
dideru,/ˈdidəru/
dideru,[ˈdi.də.ru]
didestruksikan,/di.des.truk.si.kan/
didestruksikan,[di.dɛs.t̪rʊk̚ˈsi.kän]
didik,/ˈdidik/
didik,/ˈdidiʔ/
didik,[ˈdi.dɪk̚]
didik,[ˈdi.dɪʔ]
didiskusikan,/didiskuˈsikan/
didiskusikan,[di.dis.kuˈsi.kan]
didomestikasi,/didɔmɛstiˈkasi/
didomestikasi,[di.dɔ.mɛs.t̪iˈka.si]
didominasi,/didomiˈnasi/
diduga,/diˈduɡa/
diduga,[diˈdu.ɡa]
didukung,/diˈdukuŋ/
didukung,[diˈdu.kʊŋ]
diedarkan,/dieˈdarkan/
diedarkan,[di.eˈdar.kan]
dieksploitasi,/diɛksploi̯ˈtasi/
dieksploitasi,[di.ɛks.ploi̯ˈt̪a.si]
dieksploitasikan,/diɛksploi̯taˈsikan/
dieksploitasikan,[di.ɛks.ploi̯.t̪aˈsi.kan]
diempas,/ˈdiəmpas/
diempas,[ˈdi.əm.pas]
diempaskan,/diəmˈpaskan/
diempaskan,[di.əmˈpas.kan]
diertikan,/di.ərˈti.kan/
dies natalis,[ˈdiɛs naˈtalɪs]
diet,/ˈdiet/
diet,[ˈdi.ɛt̪̚]
difabel,/diˈfabəl/
difahamkan,/di.faˈham.kan/
difalia,/difaˈlia/
difalia,[di.faˈli.a]
diferensial,/di.fe.rɛn.ˈsi.al/
diferensiasi,/di.fe.ren.siˈa.si/
difikir,/diˈfi.kir/
difitnah,/diˈfitnah/
difitnah,[diˈfit̪̚.nah]
difraksi,/di.ˈfrak.si/
difteri,[dɪftəˈri]
diftong,[ˈdɪftɔŋ]
difus,/ˈdifus/
difus,[ˈdi.fʊs]
difusi,/diˈfusi/
digagai,/diˈɡa.ɡai̯/
digali,/ˈdi.ɡali/
diganda,/diˈɡanda/
diganda,[diˈɡan.da]
diganggang,/diˈɡaŋɡaŋ/
diganggang,[diˈɡaŋ.ɡaŋ]
digari,/diˈɡa.ri/
digaruk,/diˈɡaruk/
digaruk,[diˈɡa.rʊk̚]
digayuh,/diˈɡa.jʊh/
digayuhkan,/di.ɡaˈjʊh.kan/
digdaya,/diɡˈdaja/
digdaya,[dik̚ˈda.ja]
digenang,/ˈdiɡənaŋ/
digenang,[ˈdi.ɡə.naŋ]
digenggam,/ˈdiɡəŋɡam/
digenggam,[ˈdi.ɡəŋ.ɡam]
digenosida,/diɡenoˈsida/
digerecok,/diˈɡərət͡ʃok/
digerecok,[diˈɡə.rə.t͡ʃɔk̚]
digerendeng,/diˈɡərəndəŋ/
digerendeng,[diˈɡə.rən.dəŋ]
digesti,/diˈɡɛsti/
digesti,[diˈɡɛs.t̪i]
digestif,/diˈɡɛstif/
digestif,[diˈɡɛs.t̪ɪf]
digigit,/diˈɡiɡit/
digigit,[diˈɡi.ɡɪt̪̚]
digital,[diˈd͡ʒital]
digital,[diˈɡital]
digitalis,/diɡiˈtalis/
digitalis,[di.ɡiˈt̪a.lɪs]
digitalisasi,[diɡitaliˈsasi]
digitisasi,[diɡitiˈsasi]
digodam,/diˈɡodam/
digodam,[diˈɡo.dam]
digugupkan,/di.ɡuˈɡʊp.kan/
digunakan,/diɡuˈnakan/
digunakan,[di.ɡuˈna.kan]
digunduli,/di.ɡʊnˈdu.li/
digundulkan,/di.ɡʊnˈdʊl.kan/
dihadap,/diˈhadap/
dihadap,[diˈha.dap̚]
dihafal,/diˈhafal/
dihafal,[diˈha.fal]
dihafalkan,/dihaˈfalkan/
dihafalkan,[di.haˈfal.kan]
dihamili,/dihaˈmili/
dihamili,[di.haˈmi.li]
dihamilin,/di.haˈmi.lin/
dihamilkan,/dihaˈmilkan/
dihamilkan,[di.haˈmil.kan]
dihantar,/diˈhantar/
dihantar,[diˈhan̪.t̪ar]
dihantarkan,/dihanˈtarkan/
dihantarkan,[di.han̪ˈt̪ar.kan]
dihargai,/diharˈɡai/
dihasilkan,/dihaˈsilkan/
dihasilkan,[di.haˈsil.kan]
dihela,/ˈdihəla/
dihela,[ˈdi.hə.la]
dihendaki,/dihənˈdaki/
dihendaki,[di.hənˈda.ki]
dihiasi,/dihiˈasi/
dihiasi,[di.hiˈa.si]
dihitamkan,/dihiˈtamkan/
dihitamkan,[di.hiˈt̪am.kan]
dihitung,/diˈhituŋ/
dihitung,[diˈhi.t̪ʊŋ]
diibliskan,/di.ʔiˈblɪs.kan/
diilai,/diˈilai̯/
diilai,[diˈi.lai̯]
diimak,/diˈimak/
diimak,[diˈi.mak̚]
diinai,/diˈinai̯/
diinai,[diˈi.nai̯]
diinaikan,/diinaˈikan/
diinaikan,[di.(ʔ)i.naˈi.kan]
diindonesiakan,/diindonesiˈakan/
diindonesiakan,[di.(ʔ)in.do.ne.siˈa.kan]
diinformasikan,[diɪnfɔrmaˈsikan]
diingini,/di.(ʔ)iˈŋi.ni/
diinginkan,/di.(ʔ)iˈŋin.kan/
diinstruksi,/di.(ʔ)inˈstruk.si/
diinterpretasiin,/di.ʔɪn.tər.prə.taˈsi.ʔɪn/
diinterpretasikan,/diintərprətaˈsikan/
diinterpretasikan,[di.(ʔ)in̪.t̪ər.prə.t̪aˈsi.kan]
diiring,/diˈiriŋ/
diiring,[diˈi.rɪŋ]
diiringkan,/diiˈriŋkan/
diiringkan,[di.(ʔ)iˈriŋ.kan]
dijalani,/di.d͡ʒaˈla.ni/
dijalanin,/di.dʒaˈla.nɪn/
dijalankan,/di.dʒaˈlan.kan/
dijalin,/diˈd͡ʒalin/
dijalin,[diˈd͡ʒa.lɪn]
dijambak,/diˈd͡ʒambaʔ/
dijambak,[diˈd͡ʒam.baʔ]
dijangkit,/diˈd͡ʒaŋkit/
dijangkit,[diˈd͡ʒaŋ.kɪt̪̚]
dijanjiin,/di.dʒaɲˈdʒi.ʔɪn/
dijanjikan,/di.dʒaɲˈdʒi.kan/
dijawab,/diˈd͡ʒawab/
dijawab,[diˈd͡ʒa.wap̚]
dijelajah,/did͡ʒəˈlad͡ʒah/
dijelajah,[di.d͡ʒəˈla.d͡ʒah]
dijelaskan,/did͡ʒəˈlaskan/
dijunjung,/diˈd͡ʒuɲd͡ʒuŋ/
dijunjungkan,/did͡ʒuɲˈd͡ʒuŋkan/
dikabung,/diˈkabuŋ/
dikabung,[diˈka.bʊŋ]
dikabung-kabung,/diˌkabuŋ ˈkabuŋ/
dikabung-kabung,[diˌka.bʊŋ ˈka.bʊŋ]
dikacangin,/dikaˈt͡ʃaŋin/
dikacangin,[di.kaˈt͡ʃa.ŋɪn]
dikafirkan,/dikaˈfirkan/
dikafirkan,[di.kaˈfir.kan]
dikaiosune,/dikaioˈsune/
dikaiosune,[di.ka.i.oˈsu.ne]
dikaji,/diˈkad͡ʒi/
dikaji,[diˈka.d͡ʒi]
dikalahkan,/dikaˈlahkan/
dikalungi,/di.kaˈlu.ŋi/
dikalungkan,/di.kaˈluŋ.kan/
dikandung,/diˈkanduŋ/
dikandung,[diˈkan.dʊŋ]
dikarang,/diˈkaraŋ/
dikasih,/diˈkasih/
dikasih,[diˈka.sɪh]
dikasih tahu,/diˈka.sɪh ˈta.(h)u/
dikasihtahu,/diˈka.sɪhˈta.(h)u/
dikata,/diˈkata/
dikata,[diˈka.t̪a]
dikatakan,/di.kaˈta.kan/
dikau,/dikau̯/
dikawinkan,/dikaˈwinkan/
dikawinkan,[di.kaˈwin.kan]
dikayau,/diˈkajau̯/
dikayau,[diˈka.jau̯]
dikayuh,/diˈka.jʊh/
dikayuhkan,/di.kaˈjʊh.kan/
dikdas,/ˈdikdas/
dikdas,[ˈdik̚.das]
dikebaskan,/dikəˈbaskan/
dikebaskan,[di.kəˈbas.kan]
dikeluarkan,/dikəluˈarkan/
dikeluarkan,[di.kə.luˈar.kan]
dikelupas,/dikəˈlupas/
dikelupas,[di.kəˈlu.pas]
dikenai,/di.kəˈnai̯/
diketahui,/di.kə.taˈhu.i/
diketip,/di.kəˈtɪp̚/
dikhitan,/diˈxitan/
dikhitan,[diˈxi.t̪an]
dikiaskan,/dikiˈaskan/
dikiaskan,[di.kiˈas.kan]
dikirim,[diˈkirɪm]
dikonsentrasikan,/dikonsentraˈsikan/
dikonstruksi,/di.kon.struk.si/
dikonstruksi,[di.kɔnˈst̪rʊk.si]
dikosongkan,/dikoˈsoŋkan/
dikosongkan,[di.koˈsoŋ.kan]
dikotomi,/di.ko.ˈto.mi/
dikritik,/diˈkritik/
dikritik,[diˈkri.t̪ɪk̚]
dikromasi,/dikroˈmasi/
dikromasi,[dik̚.roˈma.si]
diksi,[ˈdɪk̚si]
diktat,[ˈdɪktat]
dikte,[ˈd̪iʔt̪e]
dikti,/ˈdɪk̚ti/
diktis,/ˈdiktis/
diktis,[ˈdik̚.t̪ɪs]
diktum,[ˈdɪktʊm]
dikumbah,/diˈkumbah/
dikumbah,[diˈkum.bah]
dikunci,/diˈkunt͡ʃi/
dikunci,[diˈkuɲ.t͡ʃi]
dikungkung,/diˈkuŋkuŋ/
dikungkung,[diˈkuŋ.kʊŋ]
dikuret,/diˈkurɛt/
dikuret,[diˈku.rɛt̪̚]
dilah,/ˈdilah/
dilah,[ˈdi.lah]
dilainkan,/dilaˈinkan/
dilainkan,[di.laˈin.kan]
dilakukan,/dilaˈkukan/
dilakukan,[di.laˈku.kan]
dilalui,/di.laˈlu.i/
dilambat-lambatkan,/diˌlambat lamˈbatkan/
dilambat-lambatkan,[diˌlam.bat̪̚ lamˈbat̪̚.kan]
dilambatkan,/dilamˈbatkan/
dilambatkan,[di.lamˈbat̪̚.kan]
dilambung,/diˈlambuŋ/
dilambung,[diˈlam.bʊŋ]
dilanggar,/diˈlaŋɡar/
dilanggar,[diˈlaŋ.ɡar]
dilangkah,/diˈlaŋkah/
dilangkah,[diˈlaŋ.kah]
dilanjutkan,/dilanˈd͡ʒutkan/
dilanjutkan,[di.laɲˈd͡ʒut̪̚.kan]
dilantarkan,/di.lanˈtar.kan/
dilantik,/diˈlantik/
dilantik,[diˈlan̪.t̪ɪk̚]
dilap,/diˈlap/
dilap,[diˈlap̚]
dilarang,/diˈlaraŋ/
dilarang,[diˈla.raŋ]
dilarang merokok,/diˌlaraŋ məˈrokok/
dilarang merokok,[diˌla.raŋ məˈro.kɔk̚]
dilariin,/di.laˈri.ʔɪn/
dilarikan,/di.laˈri.kan/
dilatasi,/dilaˈtasi/
dilatasi,[di.laˈt̪a.si]
dilator,/diˈlator/
dilator,[diˈla.t̪ɔr]
dilengser,/diˈleŋser/
dilengser,[diˈleŋ.sɛr]
dilepas,/ˈdiləpas/
dilepas,[ˈdi.lə.pas]
dilepek,/ˈdiləpək/
dilepek,[ˈdi.lə.pək̚]
diler,[d̪i.lər]
diletak,/ˈdilətak/
diletak,[ˈdi.lə.t̪ak̚]
diletakkan,/diləˈtakan/
diletakkan,[di.ləˈt̪a.kan]
dilewati,/di.leˈwa.ti/
dilewatkan,/di.leˈwat.kan/
diliat-liat,/di.li.at̚ˈli.at̚/
dilihat,/diˈlihat/
dilihat,[diˈli.hat̪̚]
dilihati,/di.liˈha.ti/
dilinggis,/diˈliŋ.ɡɪs/
dilmil,/ˈdilmil/
dilmil,[ˈdil.mɪl]
dilokalisasi,/dilokaliˈsasi/
dilokalisasi,[di.lo.ka.liˈsa.si]
dilokalisasikan,/dilokalisaˈsikan/
dilokalisasikan,[di.lo.ka.li.saˈsi.kan]
dilokalisir,/di.lo.kaˈli.sɪr/
dilokalkan,/diloˈkalkan/
dilokalkan,[di.loˈkal.kan]
dilompat,/diˈlompat/
dilompat,[diˈlom.pat̪̚]
dilompati,/di.lɔmˈpa.ti/
dilompatkan,/di.lɔmˈpat̚.kan/
dilucutkan,/diluˈt͡ʃutkan/
dilucutkan,[di.luˈt͡ʃut̪̚.kan]
dilukis,/diˈlukis/
dilukis,[diˈlu.kɪs]
dilukiskan,/diluˈkiskan/
dilukiskan,[di.luˈkis.kan]
dilupakan,/di.luˈpa.kan/
dilusi,/diˈlusi/
dilusi,[diˈlu.si]
dim,[ˈdɪm]
dimaafkan,/dimaˈafkan/
dimaafkan,[di.maˈaf.kan]
dimakan,/diˈmakan/
dimakan,[diˈma.kan]
dimakani,/dimaˈkani/
dimakani,[di.maˈka.ni]
dimakanin,/di.maˈka.nɪn/
dimakankan,/dimaˈkankan/
dimakankan,[di.maˈkan.kan]
dimaki,/diˈmaki/
dimaki,[diˈma.ki]
dimalaikatkan,/di.ma.lai̯ˈkat̚.kan/
dimandati,/dimanˈdati/
dimandati,[di.manˈda.t̪i]
dimandi,/diˈmandi/
dimandi,[diˈman.di]
dimanfaatkan,/dimanfaˈʔatkan/
dimanfaatkan,[di.man.faˈʔat̪̚.kan]
dimanipulasi,/di.ma.ni.puˈla.si/
dimanipulasiin,/di.ma.ni.pu.laˈsi.ʔɪn/
dimanipulasikan,/di.ma.ni.pu.laˈsi.kan/
dimanusiakan,/di.ma.nu.siˈa.kan/
dimasifkan,/dimaˈsifkan/
dimasifkan,[di.maˈsif.kan]
dimaster,/diˈmastər/
dimaster,[diˈmas.t̪ər]
dimatikan,/di.maˈti.kan/
dimau-mau,/di.mau̯ˈmau̯/
dimaui,/dimaˈui/
dimaui,[di.maˈu.i]
dimaukan,/diˈmau̯.kan/
dimengerti,/di.mə.ŋərˈti/
dimengertikan,/di.mə.ŋərˈti.kan/
dimensi,/diˈmɛnsi/
dimensi,[diˈmen.si]
diminta,/diˈminta/
diminta,[diˈmin̪.t̪a]
diminta-minta,/diˌminta ˈminta/
diminta-minta,[diˌmin̪.t̪a ˈmin̪.t̪a]
dimintai,/diminˈtai/
dimintai,[di.min̪ˈt̪a.i]
dimintakan,/diminˈtakan/
dimintakan,[di.min̪ˈt̪a.kan]
diminum,/diˈminum/
diminum,[diˈmi.nʊm]
diminum-minum,/diˌminum ˈminum/
diminum-minum,[diˌmi.nʊm ˈmi.nʊm]
diminumi,/dimiˈnumi/
diminumi,[di.miˈnu.mi]
dimpling,/ˈdimpliŋ/
dimpling,[ˈdim.plɪŋ]
dimulai,/dimuˈlai/
dimulai,/diˈmulai̯/
dimulai,[di.muˈla.i]
dimulai,[diˈmu.lai̯]
dimusuhi,/dimuˈsuhi/
dimusuhi,[di.muˈsu.hi]
din,[ˈdɪn]
dina hari,[ˈdinahari]
dinamika,/dinaˈmika/
dinamis,/diˈnamis/
dinamis,[diˈna.mɪs]
dinamo,[diˈnamo]
dinar,/ˈdinar/
dinar,[ˈdi.nar]
dinas,[ˈdinas]
dinasti,/diˈnasti/
dinasti,[diˈnas.t̪i]
dinding,/ˈdindiŋ/
dinding,[ˈdin.dɪŋ]
dingdong,[ˌdɪŋˈdoŋ]
dingin,/ˈdiŋin/
dingin,[ˈdi.ŋɪn]
dini,/ˈdini/
dini,[ˈdi.ni]
dini hari,/ˌdini ˈhari/
dini hari,[ˌdi.ni ˈha.ri]
diniah,/diˈniah/
diniah,[diˈni.ah]
dinikahkan,/diniˈkahkan/
dinikahkan,[di.niˈkah.kan]
dinormalkan,/di.nɔrˈmal.kan/
diode,/diˈodə/
dioksida,/diokˈsida/
dioksida,[di.ok̚ˈsi.da]
dioperasi,[diɔpəˈrasi]
dioperasikan,[diɔpəraˈsikan]
diorder,/diˈɔrdər/
diorder,[diˈɔr.dər]
dioses,[d̪iˈosəs]
diotak-atik,/diˌotak ˈatik/
diotak-atik,[diˌo.t̪ak̚ ˈa.t̪ɪk̚]
diotaki,/dioˈtaki/
diotaki,[di.oˈt̪a.ki]
dipa,[ˈdipa]
dipagari,/dipaˈɡari/
dipagari,[di.paˈɡa.ri]
dipakai,/diˈpakai̯/
dipakai,[diˈpa.kai̯]
dipandang,/diˈpandaŋ/
dipandang,[diˈpan.daŋ]
dipandangi,/dipanˈdaŋi/
dipandangi,[di.panˈda.ŋi]
dipanggang,/diˈpaŋɡaŋ/
dipanggang,[diˈpaŋ.ɡaŋ]
dipanggil,/diˈpaŋɡil/
dipanggil,[diˈpaŋ.ɡɪl]
dipanggil-panggil,/diˌpaŋɡil ˈpaŋɡil/
dipanggil-panggil,[diˌpaŋ.ɡɪl ˈpaŋ.ɡɪl]
dipanggilkan,/dipaŋˈɡilkan/
dipanggilkan,[di.paŋˈɡil.kan]
dipangku,/diˈpaŋku/
dipanjat,/diˈpaɲ.d͡ʒat̚/
dipanjati,/di.paɲˈd͡ʒa.ti/
dipanjatkan,/di.paɲˈd͡ʒat̚.kan/
dipantau,/diˈpantau̯/
dipapar,[diˈpapar]
dipaparkan,[dipaˈparkan]
dipasang,/diˈpasaŋ/
dipasang,[diˈpa.saŋ]
dipasangkan,/dipaˈsaŋkan/
dipasangkan,[di.paˈsaŋ.kan]
dipasanglah,/dipaˈsaŋlah/
dipasanglah,[di.paˈsaŋ.lah]
dipasifkan,/dipaˈsifkan/
dipasifkan,[di.paˈsif.kan]
dipatahkan,/dipaˈtahkan/
dipatuhi,/di.paˈtu.hi/
dipawali,[dipaˈwali]
dipegang,/ˈdipəɡaŋ/
dipegang,[ˈdi.pə.ɡaŋ]
dipengaruhi,/di.pə.ŋaˈru.hi/
dipenggal,/di.pəŋˈɡal/
dipenuhi,/dipəˈnuhi/
dipenuhi,[di.pəˈnu.hi]
diper-,/dipər/
diper-,[di.pər]
diper- -kan,/di.pər- -kan/
diperbagus,/dipərˈbaɡus/
diperbagus,[di.pərˈba.ɡʊs]
diperbaiki,/di.pərˈbai̯.ki/
diperbedakan,/dipərbeˈdakan/
diperbedakan,[di.pər.beˈda.kan]
diperbincangkan,/dipərbinˈt͡ʃaŋkan/
diperbincangkan,[di.pər.biɲˈt͡ʃaŋ.kan]
diperbuat,/dipərˈbuat/
diperbuat,[di.pərˈbu.at̪̚]
diperburuk,/dipərˈburʊk̚/
dipercaya,/dipərˈt͡ʃaja/
dipercaya,[di.pərˈt͡ʃa.ja]
dipercayai,/dipərt͡ʃaˈjai/
dipercayai,[di.pər.t͡ʃaˈja.i]
dipercayakan,/dipərt͡ʃaˈjakan/
dipercayakan,[di.pər.t͡ʃaˈja.kan]
dipercikkan,/dipərˈt͡ʃikan/
dipercikkan,[di.pərˈt͡ʃi.kan]
diperingin,/di.pəˈri.ŋɪn/
diperintah,/dipəˈrintah/
diperintah,[di.pəˈrin̪.t̪ah]
diperjalankan,/di.pər.dʒaˈlan.kan/
diperjanjikan,/dipərd͡ʒanˈd͡ʒikan/
diperjanjikan,[di.pər.d͡ʒaɲˈd͡ʒi.kan]
diperkeruh,/dipərkəˈrʊh/
diperkokoh,/dipərˈkokɔh/
diperkosa,/di.pərˈkɔ.sa/
diperlain,/dipərˈlain/
diperlain,[di.pərˈla.ɪn]
diperlainkan,/dipərlaˈinkan/
diperlainkan,[di.pər.laˈin.kan]
diperlakukan,/dipərlaˈkukan/
diperlakukan,[di.pər.laˈku.kan]
diperlambat,/dipərˈlambat/
diperlambat,[di.pərˈlam.bat̪̚]
diperoleh,/di.pəˈrɔ.lɛh/
diperpanjang,[dipərpand͡ʒaŋ]
dipersembahkan,/dipərsəmˈbahkan/
dipersembahkan,[di.pər.səmˈbah.kan]
dipersetan,/dipərˈsetan/
dipersetan,[di.pərˈse.t̪an]
dipersetankan,/dipərseˈtankan/
dipersetankan,[di.pər.seˈt̪an.kan]
dipersilakan,/dipərsiˈlakan/
dipersilakan,[di.pər.siˈla.kan]
dipersilakanlah,/dipərsilaˈkanlah/
dipersilakanlah,[di.pər.si.laˈkan.lah]
dipersingkat,/di.pərˈsiŋ.kat̚/
dipertuan,/dipərˈtuan/
dipertuan,[di.pərˈt̪u.an]
dipertuturkan,/di.pər.tuˈtʊr.kan/
diperuncing,/di.pəˈruɲ.t͡ʃɪŋ/
dipesan,/ˈdipəsan/
dipesan,[ˈdi.pə.san]
dipilah,/diˈpilah/
dipilah,[diˈpi.lah]
dipimpin,/diˈpim.pin/
dipimpin,[diˈpim.pɪn]
dipimpinkan,[diˈpɪmpɪnkan]
dipinjam,/diˈpind͡ʒam/
dipinjam,[diˈpiɲ.d͡ʒam]
dipinta,/diˈpinta/
dipinta,[diˈpin̪.t̪a]
dipintal,/diˈpin.tal/
diplakusis,/dip.laˈku.sis/
diplakusis,[dip̚.laˈku.sɪs]
diplegia,/dipleˈɡia/
diplegia,[di.pleˈɡi.a]
diploma,/diˈploma/
diplomasi,[dɪploˈmasi]
diplomat,[dɪp̚ˈlomat̚]
diplomatik,[dɪploˈmatɪk]
diplomatis,[dɪploˈmatɪs]
diplopia,/diploˈpia/
diplopia,[dip̚.loˈpi.a]
dipotong,/diˈpotoŋ/
dipotong,[diˈpo.t̪ɔŋ]
dipotong-potong,/diˌpɔtɔŋ ˈpɔtɔŋ/
dipotong-potong,[diˌpɔ.t̪ɔŋ ˈpɔ.t̪ɔŋ]
diproduksi,/diproˈduksi/
diproduksi,[dip̚.roˈduk̚.si]
diprosopus,/diproˈsopus/
diprosopus,[dip̚.roˈso.pʊs]
dipukulkan,/dipuˈkulkan/
dipukulkan,[di.puˈkul.kan]
dipulasara,/dipulaˈsara/
dipulasara,[di.pu.laˈsa.ra]
dipulaukan,/dipuˈlau̯kan/
dipulaukan,[di.puˈlau̯.kan]
dipunya,/diˈpuɲa/
dipunya,[diˈpu.ɲa]
diracun,/diˈra.tʃʊn/
diracuni,/di.raˈtʃu.ni/
diracunin,/di.raˈtʃu.nɪn/
diragukan,/diraˈɡukan/
diragukan,[di.raˈɡu.kan]
diraja,/diˈrad͡ʒa/
diraja,[diˈra.d͡ʒa]
dirampas,/diˈrampas/
dirampas,[diˈram.pas]
dirampok,[diˈrampɔk̚]
dirangkai,/diˈraŋkaj/
dirawat,/diˈrawat/
dirawat,[diˈra.wat̪̚]
dirawi,/diˈrawi/
dirawi,[diˈra.wi]
dirayakan,/diraˈjakan/
dirayakan,[di.raˈja.kan]
dirayap,/diˈrajap/
dirayap,[diˈra.jap̚]
direbahkan,/dirəˈbahkan/
direbahkan,[di.rəˈbah.kan]
direk,[ˈdirɛʔ]
direka,/diˈreka/
direka,[diˈre.ka]
direka-reka,/diˌreka ˈreka/
direka-reka,[diˌre.ka ˈre.ka]
direkat,/dirəˈkat/
direkat,[di.rəˈkat̪̚]
direkonstruksi,/di.re.konˈstruk.si/
direkonstruksi,[di.rɛ.kɔnˈstrʊk.si]
direksi,[diˈrɛksi]
direktif,[diˈrɛk̚tɪf]
direktorat,[dirɛkˈtorat̚]
direktori,/direkˈtori/
direktori,[di.rek̚ˈt̪o.ri]
direktur,[diˈrɛktʊr]
dirempah,/dirəmˈpah/
dirempah,[di.rəmˈpah]
dirempah-rempah,/ˌdirəmpah rəmˈpah/
dirempah-rempah,[ˌdi.rəm.pah rəmˈpah]
dirempah-rempahi,/ˌdirəmpah rəmˈpahi/
dirempah-rempahi,[ˌdi.rəm.pah rəmˈpa.hi]
direncanakan,/dirənt͡ʃaˈnakan/
direncanakan,[di.rəɲ.t͡ʃaˈna.kan]
direnggang,/dirəŋˈɡaŋ/
direnggang,[di.rəŋˈɡaŋ]
dirgahayu,/dir.ɡa.ha.ju/
dirgantara,/dirɡanˈtara/
dirgantara,[dir.ɡan̪ˈt̪a.ra]
diri,/ˈdiri/
diri,[ˈdi.ri]
dirigen,[di.ri.d͡ʒɛn]
dirigen,[di.ri.ɡɛn]
dirigisme,/diriˈɡismə/
dirigisme,[di.riˈɡis.mə]
dirikan,/diˈri.kan/
diriku,/diˈriku/
diriku,[diˈri.ku]
dirintih,/diˈrintih/
dirintih,[diˈrin̪.t̪ɪh]
dirogol,/diˈrɔ.ɡɔl/
diruncing,/diˈruɲ.t͡ʃɪŋ/
diruncingkan,/di.rʊɲˈt͡ʃiŋ.kan/
dirut,/ˈdirut/
dirut,[ˈdi.rʊt̪̚]
dis-,[dɪs]
disabilitas,[dɪsabiˈlit̪as]
disadari,/disaˈdari/
disadari,[di.saˈda.ri]
disahuti,/disaˈhuti/
disahuti,[di.saˈhu.t̪i]
disaingi,/di.saˈi.ŋi/
disalahgunakan,[disalahɡuˈnakan]
disalin,/diˈsalin/
disalin,[diˈsa.lɪn]
disalir,/diˈsalir/
disalir,[diˈsa.lɪr]
disambar,/diˈsambar/
disambar,[diˈsam.bar]
disambut,/diˈsambut/
disambut,[diˈsam.bʊt̪̚]
disampul,/diˈsampul/
disampuli,/disamˈpuli/
disandang,/diˈsandaŋ/
disangga,/diˈsaŋɡa/
disangga,[diˈsaŋ.ɡa]
disanggah,/diˈsaŋɡah/
disanggah,[diˈsaŋ.ɡah]
disangrai,/diˈsaŋrai̯/
disangrai,[diˈsaŋ.rai̯]
disapukan,/disaˈpukan/
disapukan,[di.saˈpu.kan]
disarung,/diˈsaruŋ/
disarung,[diˈsa.rʊŋ]
disautonomia,/disautonoˈmia/
disautonomia,[di.sa.u.t̪o.noˈmi.a]
disayang,/diˈsajaŋ/
disayang,[diˈsa.jaŋ]
disdiadokokinesia,/disdiadokokineˈsia/
disdiadokokinesia,[dis.di.a.do.ko.ki.neˈsi.a]
disebar,/disəˈbar/
disediakan,/disədiˈakan/
disediakan,[di.sə.diˈa.kan]
disedot,/di.səˈdɔt/
disedot,[di.səˈdɔt̚]
diseka,/diˈseka/
diseka,[diˈse.ka]
disekap,/disəˈkap/
disekap,[di.səˈkap̚]
disekolahkan,/disəkoˈlahkan/
disektomi,/disɛkˈtomi/
disektomi,[di.sɛk̚ˈt̪o.mi]
disel,[ˈdisəl]
disel,[ˈdisɛl]
diselang,/disəˈlaŋ/
disembah,/ˈdisəmbah/
disembah,[ˈdi.səm.bah]
disembelih,/disəmbəˈlih/
disembelih,[di.səm.bəˈlɪh]
disendi,/disənˈdi/
disenggangkan,/di.səŋˈɡaŋ.kan/
disenggol,/diˈsɛŋɡɔl/
disenggol,[diˈseŋ.ɡɔl]
disentri,/diˈsen.tri/
diserak-serakkan,/diserakseˈrakkan/
diserakkan,/diseˈrakkan/
diseret,/diˈsɛrɛt/
diseret,[diˈsɛ.rɛt̪̚]
disertasi,[d̪isərˈt̪asi]
diservikasi,/disɛrviˈkasi/
diservikasi,[di.sɛr.fiˈka.si]
disestesia,/disɛsteˈsia/
disestesia,[di.sɛs.t̪eˈsi.a]
disetrum,/disəˈtrum/
disetrum,[di.səˈt̪rʊm]
disfagia,/disfaˈɡia/
disfagia,[dis.faˈɡi.a]
disfasia,/disfaˈsia/
disfasia,[dis.faˈsi.a]
disfungsi,/disˈfuŋsi/
disfungsi,[disˈfuŋ.si]
disgerminoma,/dis.ɡɛr.miˈno.ma/
disgerminoma,[dis.ɡɛr.miˈno.ma]
disgeusia,/disɡəuˈsia/
disgeusia,[dis.ɡə.uˈsi.a]
dishidria,/dishidˈria/
dishidria,[dis.hit̪̚ˈri.a]
dishidrosis,/dishidˈrosis/
dishidrosis,[dis.hit̪̚ˈro.sɪs]
disigung,/diˈsiɡuŋ/
disigung,[diˈsi.ɡʊŋ]
disilakan,/disiˈlakan/
disilakan,[di.siˈla.kan]
disinar,/diˈsinar/
disinar,[diˈsi.nar]
disinfektan,/disinˈfɛktan/
disinfektan,[di.sinˈfɛk̚.t̪an]
disinggung,/diˈsiŋɡuŋ/
disinggung,[diˈsiŋ.ɡʊŋ]
disiplin,[d̪iˈsɪp̚lɪn]
disisih,[diˈsisɪh]
disita,/diˈsita/
disita,[diˈsi.t̪a]
diska lepas,/ˌdiska ləˈpas/
diska lepas,[ˌdis.ka ləˈpas]
diskeratosis,/diskeraˈtosis/
diskeratosis,[dis.ke.raˈt̪o.sɪs]
disket,[ˈdɪskɛt]
diskinesia,/diskineˈsia/
diskinesia,[dis.ki.neˈsi.a]
disko,/ˈdisko/
disko,[ˈdis.ko]
diskon,/ˈdiskɔn/
diskon,[ˈdis.kɔn]
diskontinuitas,/dɪs.kɔn.ti.nu.ˈi.tas/
diskonto,[dɪsˈkɔnto]
diskotek,/dis.ko.tek/
diskresi,[d̪ɪsˈkrɛsi]
diskret,/ˈdiskrɛt/
diskret,[ˈdis.krɛt̪̚]
diskriminasi,[dɪs.kri.miˈna.si]
diskualifikasi,[ˈdɪskualifikasi]
diskursus,/disˈkursus/
diskursus,[disˈkur.sʊs]
diskus,[ˈd̪ɪskʊs]
diskusi,/disˈkusi/
diskusi,[disˈku.si]
diskusi panel,/disˌkusi ˈpanɛl/
diskusi panel,[disˌku.si ˈpa.nɛl]
diskusikan,/diskuˈsikan/
diskusikan,[dis.kuˈsi.kan]
dislipidemia,/dislipideˈmia/
dislipidemia,[dis.li.pi.deˈmi.a]
dislokasi,/disloˈkasi/
dislokasi,[dis.loˈka.si]
dismenorea,/dismenoˈrea/
dismenorea,[dis.me.noˈre.a]
dismetria,/dismɛtˈria/
dismetria,[dis.mɛt̪̚ˈri.a]
disolventia,/disolvɛnˈtia/
disolventia,[di.sol.fɛn̪ˈt̪i.a]
disomnia,/disomˈnia/
disomnia,[di.somˈni.a]
disorder,/diˈsordər/
disorder,[diˈsor.dər]
disorganisasi,/disorɡaniˈsasi/
disorganisasi,[di.sor.ɡa.niˈsa.si]
disorientasi,/disoriɛnˈtasi/
disorientasi,[dis.o.ri.ɛn̪ˈt̪a.si]
dispar,/ˈdispar/
dispar,[ˈdis.par]
dispensasi,[dɪspɛnˈsasi]
dispensasionalis,/dispənsasioˈnalis/
dispensasionalis,[dis.pən.sa.si.oˈna.lɪs]
dispensasionalisme,/dis.pɛn.sa.si.o.nalˈis.mə/
dispensasionalisme,[dis.pɛn.sa.si.o.nalˈis.mə]
dispenser,[dɪsˈpɛnsər]
dispepsia,/dispɛpˈsia/
dispepsia,[dis.pɛp̚ˈsi.a]
dispersal,/ˈdispərsal/
dispersal,[ˈdis.pər.sal]
dispersi,[d̪ɪsˈpɛrsi]
displasia,/displaˈsia/
displasia,[dis.plaˈsi.a]
dispnea,[ˈdɪs(p)n(ɛ)u̯]
dispnea,[ˈdɪs(p)nɛa̯]
disposisi,/dispoˈsisi/
disposisi,[dis.poˈsi.si]
dispraksia,/disprakˈsia/
dispraksia,[dis.prak̚ˈsi.a]
distal,/ˈdistal/
distal,[ˈdis.t̪al]
distansi,[d̪ɪsˈt̪ansi]
distikiasis,/distikiˈasis/
distikiasis,[dis.t̪i.kiˈa.sɪs]
distokia,/distoˈkia/
distokia,[dis.t̪oˈki.a]
distorsi,/disˈtorsi/
distorsi,[disˈt̪or.si]
distosia,/distoˈsia/
distosia,[dis.t̪oˈsi.a]
distraksi,[dɪsˈtrak̚si]
distres,/ˈdistrɛs/
distres,[ˈdis.t̪rɛs]
distribusi,/dɪstriˈbusi/
distributor,[dɪstriˈbutɔr]
distrik,[ˈdɪstrɪk̚]
distro,/ˈdistro/
distro,[ˈdis.t̪ro]
distrofi,/disˈtrofi/
distrofi,[disˈt̪ro.fi]
disudahkan,/disuˈdahkan/
disudahkan,[di.suˈdah.kan]
disukakan,/disuˈkakan/
disukakan,[di.suˈka.kan]
disukseskan,/disukˈsɛskan/
disukseskan,[di.suk̚ˈsɛs.kan]
disulang,/diˈsulaŋ/
disulang,[diˈsu.laŋ]
disulap,/diˈsulap/
disulap,[diˈsu.lap̚]
disuntik,/diˈsuntik/
disuntik,[diˈsun̪.t̪ɪk̚]
disuratkan,/disuˈratkan/
disuratkan,[di.suˈrat̪̚.kan]
disuria,/disuˈria/
disuria,[di.suˈri.a]
disuruhkan,/disuˈruhkan/
disuruhkan,[di.suˈruh.kan]
disusuti,/di.suˈsu.ti/
disyukuri,/diʃuˈkuri/
ditabur,/diˈtabur/
ditabur,[diˈt̪a.bʊr]
ditaburkan,/ditaˈburkan/
ditaburkan,[di.t̪aˈbur.kan]
ditafsirin,/di.tafˈsi.rɪn/
ditafsirkan,/di.tafˈsir.kan/
ditagih,/diˈtaɡih/
ditagih,[diˈt̪a.ɡɪh]
ditahan,/diˈtahan/
ditahan,[diˈt̪a.han]
ditahui,/di.taˈhu.i/
ditakluk,/diˈtakluk/
ditakluk,/diˈtaʔluk/
ditakluk,[diˈt̪ak̚.lʊk̚]
ditakluk,[diˈt̪aʔ.lʊk̚]
ditaksir,/diˈtaksir/
ditaksir,[diˈt̪ak̚.sɪr]
ditamatkan,/ditaˈmatkan/
ditamatkan,[di.t̪aˈmat̪̚.kan]
ditambahkan,/ditamˈbahkan/
ditambahkan,[di.t̪amˈbah.kan]
ditambal,/diˈtambal/
ditambal,[diˈt̪am.bal]
ditambang,[diˈtambaŋ]
ditampar,/diˈtampar/
ditampar,[diˈt̪am.par]
ditangkap,/diˈtaŋkap̚/
ditantang,/diˈtantaŋ/
ditantang,[diˈt̪an̪.t̪aŋ]
ditanya,/diˈtaɲa/
ditanya,[diˈt̪a.ɲa]
ditarikan,/ditaˈrikan/
ditarikan,[di.t̪aˈri.kan]
ditata,/diˈtata/
ditata,[diˈt̪a.t̪a]
ditatap,/diˈtatap/
ditatap,[diˈt̪a.t̪ap̚]
ditatapi,/di.taˈta.pi/
ditelefon,/diteˈlefɔn/
ditelefon,[di.t̪eˈle.fɔn]
ditelentangkan,/ditələnˈtaŋkan/
ditelentangkan,[di.t̪ə.lən̪ˈt̪aŋ.kan]
ditelepon,/diteˈlepɔn/
ditelepon,/diˈtɛlpɔn/
ditelfon,/diˈtɛlfɔn/
ditelfon,[diˈt̪ɛl.fɔn]
ditemukan,/ditəˈmukan/
ditendang,/ditənˈdaŋ/
ditepik,/di.təˈpɪʔ/
ditepikan,/di.təˈpi.kan/
diteriaki,/di.tə.riˈa.ki/
diteriakkan,/di.tə.riˈaʔ.kan/
ditimbal,/diˈtimbal/
ditimbal,[diˈt̪im.bal]
ditindak,/diˈtindak/
ditindak,[diˈt̪in.dak̚]
ditinggalkan,/ditiŋˈɡalkan/
ditinggalkan,[di.t̪iŋˈɡal.kan]
ditiup,/diˈtiup/
ditiup,[diˈt̪i.ʊp̚]
ditjen,/ˈditd͡ʒɛn/
ditjen,[ˈdit̪̚.d͡ʒɛn]
ditografi,/ditoˈɡrafi/
ditolak,/diˈtolak̚/
ditongkrongi,/ditɔŋˈkroŋi/
ditongkrongi,[di.t̪ɔŋˈkro.ŋi]
ditukar,/diˈtukar/
ditukar,[diˈt̪u.kar]
ditulis,/diˈtulis/
ditulis,[diˈt̪u.lɪs]
ditumpang,/diˈtumpaŋ/
ditumpang,[diˈt̪um.paŋ]
ditunggu,/diˈtuŋɡu/
ditunggu,[diˈt̪uŋ.ɡu]
ditunggui,/dituŋˈɡui/
ditunggui,[di.t̪uŋˈɡu.i]
ditunggukan,/dituŋˈɡukan/
ditunggukan,[di.t̪uŋˈɡu.kan]
ditutup,/diˈtutup/
ditutup,[diˈt̪u.t̪ʊp̚]
ditutup-tutupi,/di.tu.tʊp̚.tuˈtu.pi/
ditutup-tutupin,/di.tu.tʊp̚.tuˈtu.pɪn/
ditutupi,/di.tuˈtu.pi/
ditutupin,/di.tuˈtu.pɪn/
ditutupkan,/di.tuˈtʊp.kan/
dituturkan,/dituˈturkan/
dituturkan,[di.t̪uˈt̪ur.kan]
diulang,/diˈulaŋ/
diulang,[diˈu.laŋ]
diundang,/diˈundaŋ/
diundang,[diˈun.daŋ]
diundangkan,/diunˈdaŋkan/
diundangkan,[di.unˈdaŋ.kan]
diunjukkan,/diunˈd͡ʒukan/
diunjukkan,[di.uɲˈd͡ʒu.kan]
diurapi,/diuˈrapi/
diurapi,[di.uˈra.pi]
diuresis,/diuˈresis/
diuresis,[di.uˈre.sɪs]
diurup,/diˈurup/
diurup,[diˈu.rʊp̚]
diusik,/diˈusik/
diusik,[diˈu.sɪk̚]
diusung,/diˈusuŋ/
diusung,[diˈu.sʊŋ]
diutak-atik,/diˌutak ˈatik/
diutak-atik,[diˌu.t̪ak̚ ˈa.t̪ɪk̚]
diutarakan,/diutaˈrakan/
diutarakan,[di.u.t̪aˈra.kan]
diversifikasi,[divɛrsifiˈkasi]
diversitas,[divɛrˈsitas]
divertikulum,/divərtiˈkulum/
divertikulum,[di.fər.t̪iˈku.lʊm]
divestasi,/divɛsˈtasi/
divestasi,[di.fɛsˈt̪a.si]
dividen,[diˈviden]
divisi,[diˈvisi]
diwacanakan,/diwat͡ʃaˈnakan/
diwacanakan,[di.wa.t͡ʃaˈna.kan]
diwajibkan,/diwaˈd͡ʒibkan/
diwajibkan,[di.waˈd͡ʒip̚.kan]
diy,/deˈi.je/
diy,[deˈi.je]
diye,/ˈdije/
diye,[ˈdi.je]
dizikiri,/diziˈkiri/
dizikiri,[di.ziˈki.ri]
dizikirkan,/diziˈkirkan/
dizikirkan,[di.ziˈkir.kan]
dja,/de.d͡ʒe.a/
dka,/deˈka.a/
dka,[deˈka.(ʔ)a]
dki,/deˈka.i/
dki,[deˈka.i]
dkpp,/de.ka.pe.pe/
dllajr,/deɛlɛlaˈd͡ʒeɛr/
dna,/deˈɛn.a/
dna,[deˈɛn.a]
dnr,/deˈɛn.ɛr/
dnr,[deˈɛn.ɛr]
doa,/do.ˈʔa/
doa,/doa/
doa bapa kami,/ˌdoa ˌbapa ˈkami/
doa bapa kami,[ˌdo.a ˌba.pa ˈka.mi]
doa malam,/ˌdoa ˈmalam/
doa malam,[ˌdo.a ˈma.lam]
doang,/ˈdoaŋ/
doang,[ˈdo.aŋ]
dobel,[ˈdobəl]
dodol,/ˈdodol/
dodol,[ˈdo.dɔl]
dohyo,/do.hʲo/
dohyo,/dɔ.xʲɔ/
doi,[ˈdoi]
doi,[ˈdoi̯]
doi,[ˈdɔʔi]
dojo,/do.d͡ʒo/
dok,[ˈdɔk]
dokar,[ˈd̪o.kar]
doksli,/ˈdɔksli/
doksologi,[dɔk.soˈlo.ɡi]
dokter,/ˈdoktər/
dokter,[ˈdok̚.t̪ər]
dokter anak,/ˈdɔktər ˈanak/
dokter bedah,/ˈdɔktər bəˈdah/
dokter gigi,/ˌdoktər ˈɡiɡi/
dokter gigi,[ˌdok̚.t̪ər ˈɡi.ɡi]
dokter jawa,[ˈdɔk̚tər ˈd͡ʒawa]
dokter jiwa,/ˈdɔktər ˈjiwa/
dokter mata,/ˌdoktər ˈmata/
dokter mata,[ˌdok̚.t̪ər ˈma.t̪a]
dokter spesialis,[ˈdɔk̚tər spɛsiˈalɪs]
dokter umum,/ˈdɔktər ˈumʊm/
doktor,/dɔk.tɔr/
doktrin,[ˈdɔk.trɪn]
doku,/ˈdoku/
doku,[ˈdo.ku]
dokumen,/doˈkumɛn/
dokumen sah,/do.ˈku.mɛn ˈsah/
dokumentalis,/dokumɛnˈtalɪs/
dokumentasi,/dokumɛnˈtasi/
dokumenter,/dokuˈmɛntɛr/
dokumentografi,/dokumɛntoˈɡrafi/
dol,[ˈdɔl]
dolar,/ˈdolar/
dolfin,/ˈdɔl.fin/
dolma,/ˈdolma/
dolma,[ˈdol.ma]
dolomit,/doˈlomit/
dolomit,[doˈlo.mɪt̪̚]
dolorimetri,/doloriˈmɛtri/
dolorimetri,[do.lo.riˈmɛt̪̚.ri]
dom,/ˈdɔm/
dom,[ˈdɔm]
domain,/doˈmain/
domain,[doˈma.ɪn]
domain waktu,/dɔˌma.in ˈwak.tu/
domain waktu,[dɔˌma.ɪn ˈwak̚.t̪u]
domba,[ˈdɔm.ba]
domestik,/dɔˈmɛstik/
domestik,[dɔˈmɛs.t̪ɪk̚]
domestikasi,/dɔmɛstiˈkasi/
domestikasi,[dɔ.mɛs.t̪iˈka.si]
dominansi,/domiˈnansi/
dominansi,[do.miˈnan.si]
dominasi,/domiˈnasi/
dominasi,[do.miˈna.si]
domine,[d̪oˈmine]
dominika,/domiˈnika/
dominika,[do.miˈni.ka]
domino,/doˈmino/
domino,[doˈmi.no]
domisili,/domiˈsili/
domisili,[do.miˈsi.li]
dompet,/ˈdompet/
dompet,[ˈdom.pɛt̪̚]
donasi,/do.na.si/
donat,/ˈdo.nat/
donat,[ˈdo.nat̪̚]
donatir,[d̪oˈnat̪ɪr]
donator,[d̪oˈnat̪ɔr]
donatur,[d̪oˈnat̪ʊr]
dondurma,/donˈdur.ma/
dondurma,[donˈdur.ma]
dong,/ˈdɔŋ/
dongan,/ˈdoŋan/
dongan,[ˈdo.ŋan]
dongeng,/ˈdoŋɛŋ/
dongeng,[ˈdo.ŋɛŋ]
dongker,[ˈdɔŋ.kər]
dongkol,/ˈdoŋkol/
dongkol,[ˈdoŋ.kɔl]
dongkrak,/ˈdɔŋkrak̚/
donor,/ˈdonor/
donor,[ˈdo.nɔr]
donya,/ˈdoɲa/
donya,[ˈdo.ɲa]
dop,[ˈdɔp]
doping,[ˈdopɪŋ]
dorama,/do.ˈra.ma/
dori,/ˈdori/
dori,[ˈdo.ri]
dormansi,/dorˈmansi/
dormansi,[dorˈman.si]
dorna,/dorna/
dorong,/ˈdoroŋ/
dorong,[ˈdo.rɔŋ]
dorongan,/dɔˈrɔŋan/
dorslah,[ˈdɔrslah]
dos,/ˈdɔs/
dos,[ˈdɔs]
dosa,/ˈdosa/
dosa,[ˈdo.sa]
dosa asal,/ˌdo.sa ˈa.sal/
dosa asal,[ˌdo.sa ˈa.sal]
dosa berat,/ˌdo.sa bəˈrat/
dosa berat,[ˌdo.sa bəˈrat̪̚]
dosa maut,/ˌdo.sa ˈma.ut/
dosa maut,[ˌdo.sa ˈma.ʊt̪̚]
dosa ringan,/ˌdo.sa ˈri.ŋan/
dosa ringan,[ˌdo.sa ˈri.ŋan]
dosa waris,/ˌdo.sa ˈwa.ris/
dosa waris,[ˌdo.sa ˈwa.rɪs]
dosen,/ˈdosɛn/
dosen,[ˈdo.sɛn]
dosen wali,/ˌdosen ˈwali/
dosen wali,[ˌdo.sɛn ˈwa.li]
dosin,/ˈdosin/
dosin,[ˈdo.sɪn]
dosir,[ˈd̪osɪr]
dosis,/ˈdosis/
dosis,[ˈdo.sɪs]
dosis letal,/ˌdo.sis ləˈtal/
dosis letal,[ˌdo.sɪs ləˈt̪al]
doyo,/do.jo/
dp,/ˈde.pe/
dpa,/deˈpe.a/
dpa,[deˈpe.a]
dpb,/de.pe.be/
dpc,/de.ˈpe.t͡ʃe/
dpjp,/de.pe.ˈd͡ʒe.pe/
dpk,/de.pe.ka/
dpkln,/de.pe.ka.ɛl.ɛn/
dpo,/deˈpe.o/
dpo,[deˈpe.o]
dpr,/deˈpe.ɛr/
dpr,[deˈpe.ɛr]
dprd,/dɛpɛˈɛrdɛ/
dprd,[dɛ.pɛˈɛr.dɛ]
dps,/de.pe.ɛs/
dpshp,/de.pe.ɛs.ha.pe/
dpshpln,/de.pe.ɛs.ha.pe.ɛl.ɛn/
dpsln,/de.pe.ɛs.ɛl.ɛn/
dpt,/de.ˈpe.te/
draf,[ˈdraf]
drahrim,/ˈdrahrim/
drahrim,[ˈdrah.rɪm]
drai,[ˈdrai̯]
drainase,[d̪raiˈnasə]
drakor,[ˈd̪ra.kɔr]
drakunkuliasis,/drakunkuliˈasis/
drakunkuliasis,[dra.kun.ku.liˈa.sɪs]
drama,[ˈdrama]
dramatis,/draˈmatɪs/
drastis,/ˈdrastis/
drastis,[ˈdras.t̪ɪs]
drat,[d(ə̆)rat̚]
drif,[ˈdrɪf]
dril,/ˈdrɪl/
drusen,/ˈdrusɛn/
drusen,[ˈdru.sɛn]
dsps,/de.ɛsˈpe.ɛs/
dsps,[de.ɛsˈpe.ɛs]
dua,/ˈdua/
dua,[ˈdu.a]
dua puluh ribu,/dua pulʊh ribu/
dua ratus,/ˌdua ˈratus/
dua ratus,[ˌdu.a ˈra.t̪ʊs]
duaja,[duˈa.d͡ʒa]
dualisme,/duaˈlismə/
dualisme,[du.aˈlis.mə]
dualistis,/duaˈlistis/
dualistis,[du.aˈlis.t̪ɪs]
duane,/duˈanə/
dubes,[ˈdubəs]
dubur,/ˈdubur/
dubur,[ˈdu.bʊr]
duduk,/ˈduduk/
duduk,[ˈdu.dʊk̚]
duduk perkara,/ˌduduʔ pərˈkara/
duduk perkara,[ˌdu.dʊʔ pərˈka.ra]
duduk-duduk,/dudukˈduduk/
dudukkan,/duˈdukkan/
dudukkan,/duˈduʔkan/
dudukkan,[duˈduk̚.kan]
dudukkan,[duˈduʔ.kan]
duet,[ˈd̪uɛt̪̚]
duga,/ˈduɡa/
duga,[ˈdu.ɡa]
dugaan,/duˈɡa.(ʔ)an/
dugem,[ˈduɡəm]
dugong,/ˈduɡɔŋ/
duh,[ˈdʊh]
duit,/ˈduit/
duit,[ˈdu.ɪt̪̚]
duk,/ˈduk/
duk,[ˈdʊk̚]
duka,/du.ka/
dukcapil,/dʊk.ca.pɪl/
duktografi,/duktoɡˈrafi/
duktografi,[duk̚.t̪ok̚ˈra.fi]
duktulus,/dukˈtulus/
duktulus,[duk̚ˈt̪u.lʊs]
duktus,/ˈdʊk̚tʊs/
duktus torakikus,/ˌduktus toraˈkikus/
duktus torakikus,[ˌduk̚.t̪ʊs t̪o.raˈki.kʊs]
dukuh,/ˈdu.kʊh/
dukun,/ˈdu.kun/
dukun,[ˈdu.kʊn]
dukung,/ˈdu.kʊŋ/
dukungan,/duˈkuŋan/
dukungan,[duˈku.ŋan]
dulang,/ˈdulaŋ/
dulang,[ˈdu.laŋ]
duli,/duli/
dulia,/duˈlia/
dulia,[duˈli.a]
dulu,/du.lu/
dumping,/ˈdampiŋ/
dumping,[ˈdam.pɪŋ]
dungu,/ˈduŋu/
dungu,[ˈdu.ŋu]
dunia,/duˈnia/
dunia,[duˈni.a]
duniawi,/duniˈawi/
duniawi,[du.niˈa.wi]
duodenum,[duoˈdenʊm]
dup,[ˈdʊp]
dupa,/du.pa/
duren,/ˈdu.rɛn/
durhaka,/durˈhaka/
durhaka,[durˈha.ka]
duri,/ˈduri/
duri,[ˈdu.ri]
durian,/duˈrian/
durian,[duˈri.an]
durian belanda,/duˌrian bəˈlanda/
durian belanda,[duˌri.an bəˈlan.da]
duriat,/duˈriat/
duriat,[duˈri.at̪̚]
durjana,[d̪ʊrˈd͡ʒana]
dus,/ˈdus/
dus,[ˈdʊs]
dusta,/ˈdus.ta/
dusta,[ˈdus.t̪a]
dusun,/ˈdusun/
dusun,[ˈdu.sʊn]
duta,/ˈduta/
duta,[ˈdu.t̪a]
duta besar,/ˌduta bəˈsar/
duta besar,[ˌdu.t̪a bəˈsar]
duyung,/ˈdujʊŋ/
dwarfisme,/dwarˈfismə/
dwarfisme,[dwarˈfis.mə]
dwi-,[dwi]
dwibahasa,[dwibaˈhasa]
dwibiasan,/dwibiˈasan/
dwibiasan,[dwi.biˈa.san]
dwicakap,/dwiˈt͡ʃakap/
dwicakap,[dwiˈt͡ʃa.kap̚]
dwikutub,/dwiˈkutup/
dwikutub,[dwiˈku.t̪ʊp̚]
dwingen,/ˈdwiŋən/
dwingen,[ˈdwi.ŋən]
dwipartai,/dwiˈpartai̯/
dwipartai,[dwiˈpar.t̪ai̯]
dwisayap,/dwiˈsajap/
dwisayap,[dwiˈsa.jap̚]
e,/e/
e,/ə/
e,/ɛ/
ebi,[ˈɛbi]
ebi furai,/ˈɛbi ˈfurai̯/
ebt,/e.ˈbe.te/
ebtanas,/ɛbˈtanas/
ebtanas,[ɛp̚ˈt̪a.nas]
ebv,/eˈbe.ve/
ebv,[eˈbe.fe]
ecer,/ˈɛt͡ʃɛr/
eceran,/ˈɛt͡ʃɛran/
eco,/ˈe.t͡ʃo/
eco,[ˈe.t͡ʃo]
edamame,/edaˈma.me/
edar,/ˈedar/
edar,[ˈe.dar]
edaran,/e.ˈdar.an/
edarkan,/eˈdarkan/
edarkan,[eˈdar.kan]
edarkanlah,/ədarˈkanlah/
edarkanlah,[ə.darˈkan.lah]
edema,/ˈedema/
eden,/ˈedən/
eden,/ˈədən/
eden,[ˈe.dən]
eden,[ˈə.dən]
edh,/eˈde.ha/
edh,[eˈde.ha]
edisi,/eˈdisi/
edit,/ˈedit/
edit,[ˈe.dɪt̪̚]
editor,/ˈɛditɔr/
editorial,/editoˈrial/
editorial,[e.di.t̪oˈri.al]
edukasi,/əduˈkasi/
edukasi,[ə.duˈka.si]
edukatif,/eduˈkatif/
edukatif,[e.duˈka.t̪ɪf]
edukator,/eduˈkator/
edukator,[e.duˈka.t̪ɔr]
eeg,/e.ˈe.ɡe/
ef,/ɛf/
ef,[ɛf]
efek,/ɛ.fɛk/
efek fotoelektrik,/ˌɛ.fɛk fo.to.ɛˈlɛk.trik/
efek fotoelektrik,[ˌɛ.fɛk̚ fo.t̪o.ɛˈlɛk̚.t̪rɪk̚]
efek fotolistrik,/ˌɛ.fɛk fo.toˈlis.trik/
efek fotolistrik,[ˌɛ.fɛk̚ fo.t̪oˈlis.t̪rɪk̚]
efek samping,/ˌɛ.fɛk ˈsam.piŋ/
efek samping,[ˌɛ.fɛk̚ ˈsam.pɪŋ]
efektif,/ˈɛfɛk̚tɪf/
efektivitas,[ɛfɛk̚tiˈvitas]
eferen,/ˈefərɛn/
eferen,[ˈe.fə.rɛn]
efesus,/eˈfesus/
efesus,[eˈfe.sʊs]
effendi,/eˈfendi/
effendi,[eˈfen.di]
efikasi,[ɛfiˈkasi]
efisien,/ɛfiˈsiɛn/
efisien,[ɛ.fiˈsi.ɛn]
efisiensi,[ɛfisiˈensi]
eflorensensi,/ɛflorəˈsɛnsi/
eflorensensi,[ɛf.lo.rəˈsen.si]
efloresensi,/ɛflorəˈsɛnsi/
efloresensi,[ɛf.lo.rəˈsen.si]
eforus,/eˈforus/
eforus,[eˈfo.rʊs]
efrat,/ˈɛfrat/
efrat,[ˈɛf.rat̪̚]
efusi,/eˈfusi/
efusi,[eˈfu.si]
efusif,/əˈfu.sif/
efusif,[əˈfu.sɪf]
ego,[ˈeɡo]
egois,/eˈɡois/
egois,[eˈɡo.ɪs]
egoisme,/eɡoˈismə/
egoisme,[e.ɡoˈis.mə]
egoistis,/eɡoˈistis/
egoistis,[e.ɡoˈis.t̪ɪs]
eigendom,/ei.ɡən.dom/
eike,/ˈejkə/
eike,/ˈekə/
eike,[ˈe.kə]
eike,[ˈei̯.kə]
eja,[ˈɛd͡ʒa]
ejaan,/eˈd͡ʒaan/
ejaan,[eˈd͡ʒa.(ʔ)an]
ejakulasi prematur,/ɛd͡ʒa.ku.ˈla.si pre.ˈma.tʊr/
eka,/e.ka/
eka-,[ɛka]
ekakutub,/ekaˈkutup/
ekakutub,[e.kaˈku.t̪ʊp̚]
ekaristi,/ɛkaˈristi/
ekaristi,[ɛ.kaˈris.t̪i]
eke,[ˈɛkə]
ekek,/ˈekeʔ/
ekek,[ˈe.kɛʔ]
ekg,/e.ˈka.ɡe/
ekinokokosis,/ekinokoˈkosis/
ekinokokosis,[e.ki.no.koˈko.sɪs]
ekinosit,/ekiˈnosit/
ekinosit,[e.kiˈno.sɪt̪̚]
eklair,/ɛˈklair/
eklair,/ˈɛklɛr/
eklair,[ɛˈkla.ɪr]
eklair,[ˈɛ.klɛr]
eklamsia,/ɛklamˈsia/
eklamsia,[ɛ.klamˈsi.a]
eklesia,/ekleˈsia/
eklesia,[e.kleˈsi.a]
eklikema,[ɛk̚liˈkɛma]
eklips,/ɛk.lips/
eko,/ˈeko/
eko,[ˈe.ko]
ekofasisme,/ekofaˈsismə/
ekofasisme,[e.ko.faˈsis.mə]
ekogenisitas,/ekoɡeniˈsitas/
ekogenisitas,[e.ko.ɡe.niˈsi.t̪as]
ekologi,[ekoˈlo.ɡi]
ekonom,/ɛˈkɔ.nɔm/
ekonomi,/ekoˈnomi/
ekonomi,[e.koˈno.mi]
ekonomika,[ɛkoˈno.mi.ka]
ekonomis,/ɛkoˈnomɪs/
ekor,/ˈekor/
ekor,[ˈe.kɔr]
ekoregion,/ekoreˈɡion/
ekoregion,[e.ko.reˈɡi.ɔn]
ekosida,/e.ko.ˈsi.da/
ekosistem,[ekoˈsɪstəm]
ekrin,/ˈɛkrin/
ekrin,[ˈɛk̚.rɪn]
ekrinologi,/ɛkrinoˈloɡi/
ekrinologi,[ɛk̚.ri.noˈlo.ɡi]
eks,/ɛks/
eks,[ɛks]
eks-,[ɛks]
eksakta,[ɛk̚ˈsak̚ta]
eksamen,[ɛkˈsamən]
eksaminasi,[ɛksamiˈnasi]
eksekusi,/ɛksəˈkusi/
eksekusi,[ɛk̚.səˈku.si]
eksekutif,/ɛk.səˈku.tɪf/
eksekutor,/ɛk.səˈku.tɔr/
eksekutorial,/ɛk.sə.ku.tɔˈri.al/
eksem,/ˈɛk.sɛm/
eksemplar,[ɛk̚səmˈplar]
eksenterasi,/ɛk.sɛn.teˈra.si/
eksenterasi,[ɛk̚.sɛn̪.t̪eˈra.si]
eksentrik,/ɛk.ˈsɛn.trɪk/
eksentrosit,/ɛksɛnˈtrosit/
eksentrosit,[ɛk̚.sɛn̪ˈt̪ro.sɪt̪̚]
eksepsi,[ɛkˈsɛp̚si]
eksfoliasi,/ɛksfoliˈasi/
eksfoliasi,[ɛks.fo.liˈa.si]
eksfoliatif,/ɛksfoliˈatif/
eksfoliatif,[ɛks.fo.liˈa.t̪ɪf]
ekshibitor,/ɛkshiˈbitɔr/
eksim,/ˈɛk.sɪm/
eksipien,/ɛk.si.ˈpi.ɛn/
eksis,/ˈɛksis/
eksis,[ˈɛk̚.sɪs]
eksisi,/ɛkˈsi.si/
eksisi,[ɛk̚ˈsi.si]
eksistensi,[ɛk̚sɪsˈtɛnsi]
eksit,[ˈɛʔsɪt]
eksitotoksisitas,/əksitotoksiˈsitas/
eksitotoksisitas,[ək̚.si.t̪o.t̪ok̚.siˈsi.t̪as]
ekskavasi,[ɛks.kaˈva.si]
ekskavator,/ɛkskaˈvator/
ekskavator,[ɛks.kaˈfa.t̪ɔr]
eksklusif,[ɛksˈklusɪf]
ekskomunikasi,/ɛkskomuniˈkasi/
ekskomunikasi,[ɛks.ko.mu.niˈka.si]
ekskoriasi,/əkskoriˈasi/
ekskoriasi,[əks.ko.riˈa.si]
ekskresi,/ɛksˈkrɛsi/
ekskul,/ˈəkskul/
ekskul,[ˈəks.kʊl]
ekskursi,/ɛksˈkʊrsi/
ekso-,[ɛks]
eksodus,/ɛkˈsodus/
eksodus,[ɛk̚ˈso.dʊs]
eksofitik,/ɛksoˈfitik/
eksofitik,[ɛk̚.soˈfi.t̪ɪk̚]
eksoftalmos,/ɛksofˈtalmos/
eksoftalmos,[ɛk̚.sofˈt̪al.mɔs]
eksogen,/ekˈso.ɡɛn/
eksokrin,/ɛkˈsokrin/
eksokrin,[ɛk̚ˈso.krɪn]
eksostosis,/ɛksosˈtosis/
eksostosis,[ɛk̚.sosˈt̪o.sɪs]
eksotis,[ɛkˈsotɪs]
eksotropia,/ɛksotroˈpia/
eksotropia,[ɛk̚.so.t̪roˈpi.a]
ekspansi,/ɛksˈpansi/
ekspansi,[ɛksˈpan.si]
ekspansif,/ɛksˈpansif/
ekspansif,[ɛksˈpan.sɪf]
ekspatriasi,/ɛkspatriˈasi/
ekspatriasi,[ɛks.pat̪̚.riˈa.si]
ekspatriat,[ɛkspat̪̚ˈriat̪̚]
ekspedisi,[ɛkspəˈdisi]
ekspedisi darat,/ɛks.pəˌdi.si ˈda.rat/
ekspedisi darat,[ɛks.pəˌdi.si ˈda.rat̪̚]
ekspeditor,/ɛkspeˈditor/
ekspeditor,[ɛks.peˈdi.t̪ɔr]
ekspensi,/ɛksˈpɛnsi/
ekspensi,[ɛksˈpen.si]
eksper,/ɛkˈspɛr/
eksperimen,/ɛkspɛˈrimɛn/
eksperimen,[ɛkspəˈrimɛn]
eksperimental,/ɛks.pə.ri.ˈmɛn.tal/
eksperimental,/ɛks.pɛ.ri.ˈmɛn.tal/
eksplanasi,[eksplaˈnasi]
eksplikatif,/ɛkspliˈkatɪf/
eksplisit,[ɛksˈplisɪt̚]
eksploit,[ɛxˈploɪt]
eksploitasi,/ɛksploi̯ˈtasi/
eksploitasi,[ɛks.ploi̯ˈt̪a.si]
eksploitasi sungai,/ɛks.ploi̯ˌta.si ˈsu.ŋai̯/
eksploitasi sungai,[ɛks.ploi̯ˌt̪a.si ˈsu.ŋai̯]
eksploitasikan,/ɛksploi̯taˈsikan/
eksploitasikan,[ɛks.ploi̯.t̪aˈsi.kan]
eksplorasi,/ɛksploˈrasi/
eksponen,/ɛks.ˈpo.nɛn/
ekspor,[ˈɛks.pɔr]
eksportir,/ɛksˈportir/
eksportir,[ɛksˈpor.t̪ɪr]
ekspres,[ˈɛksprɛs]
ekspresi,/ɛksˈprɛsi/
ekspresi,[ɛksˈprɛ.si]
ekspresif,/ɛksˈpresif/
ekspresif,[ɛksˈpre.sɪf]
ekstase,[ˌeksˈtasə]
ekstensi,/ɛksˈtɛnsi/
ekstensi,[ɛksˈt̪en.si]
ekstensif,/ɛksˈtɛnsif/
ekstensif,[ɛksˈt̪en.sɪf]
ekstensor,/ɛksˈtɛnsor/
ekstensor,[ɛksˈt̪en.sɔr]
eksteriorisasi,/ɛksterioriˈsasi/
eksteriorisasi,[ɛks.t̪e.ri.o.riˈsa.si]
ekstermitas,/ɛkstərˈmitas/
ekstermitas,[ɛks.t̪ərˈmi.t̪as]
eksternal,/ˈɛkstərnal/
eksternal,[ˈɛks.t̪ər.nal]
ekstra,/ˈɛkstra/
ekstra,[ˈɛks.t̪ra]
ekstra-,/ɛkstra/
ekstra-,[ɛks.t̪ra]
ekstradisi,[ɛkstraˈdisi]
ekstrak,[ˈɛkst̪rak]
ekstrakapsular,/ɛkstrakapˈsular/
ekstrakapsular,[ɛks.t̪ra.kap̚ˈsu.lar]
ekstraksi,/ɛksˈtraksi/
ekstraksi,[ɛksˈt̪rak̚.si]
ekstraktif,[ɛkˈst̪raktɪf]
ekstrakurikuler,/ɛkstrakuriˈkulɛr/
ekstrakurikuler,[ɛks.t̪ra.ku.riˈku.lɛr]
ekstrapiramidal,/əkstrapiraˈmidal/
ekstrapiramidal,[əks.t̪ra.pi.raˈmi.dal]
ekstrapolasi,/ɛks.tra.po.ˈla.si/
ekstrasel,/ɛksˈtrasɛl/
ekstrasel,[ɛksˈt̪ra.sɛl]
ekstraseluler,/ɛkstraseˈlulɛr/
ekstraseluler,[ɛks.t̪ra.seˈlu.lɛr]
ekstrasistole,/ɛkstrasisˈtole/
ekstrasistole,[ɛks.t̪ra.sisˈt̪o.le]
ekstravasasi,/ɛkstravaˈsasi/
ekstravasasi,[ɛks.t̪ra.faˈsa.si]
ekstrem,[ˈɛkstrem]
ekstrem kanan,/ˌɛks.trɛm ˈka.nan/
ekstrem kanan,[ˌɛks.t̪rɛm ˈka.nan]
ekstremitas,/ɛkstreˈmitas/
ekstremitas,[ɛks.t̪reˈmi.t̪as]
ekstrinsik,/ɛks.ˈtrɪn.sɪk/
eksudat,/ɛkˈsu.dat/
eksudat,[ɛk̚ˈsu.dat̪̚]
eksyar,/əkˈʃar/
eksyar,[ək̚ˈʃar]
ektasia,/əktaˈsia/
ektasia,[ək̚.t̪aˈsi.a]
ektima,/ɛkˈtima/
ektima,[ɛk̚ˈt̪i.ma]
ektopik,/ɛkˈtopik/
ektopik,[ɛk̚ˈt̪o.pɪk̚]
ektropion,/ɛktroˈpion/
ektropion,[ɛk̚.t̪roˈpi.ɔn]
ekuin,/e.ˈku.ɪn/
ekuitas,/ekuˈitas/
ekuitas,[e.kuˈi.t̪as]
ekumene,/ekuˈmene/
ekumene,[e.kuˈme.ne]
ekumenis,/ekuˈmenis/
ekumenis,[e.kuˈme.nɪs]
el,/ɛl/
el,[ɛl]
elang,/ˈelaŋ/
elang,/ˈəlaŋ/
elastik,[ˈɛlas.t̪ɪk]
elastis,[ˈɛlas.t̪ɪs]
elastisitas,[ɛlast̪iˈsit̪as]
elastografi,/elastoˈɡrafi/
elastografi,[e.las.t̪oˈɡra.fi]
elastosis,/elasˈtosis/
elastosis,[e.lasˈt̪o.sɪs]
elefantiasis,/eləfantiˈasis/
elefantiasis,[e.lə.fan̪.t̪iˈa.sɪs]
elektabilitas,[ɛlɛk̚tabiˈlitas]
elektif,/eˈlɛktif/
elektif,[eˈlɛk̚.t̪ɪf]
elektoral,/elɛkˈtoral/
elektoral,[e.lɛk̚ˈt̪o.ral]
elektorat,[ɛlɛk̚torat]
elektrifikasi,/ɛlɛktrifiˈkasi/
elektrifikasi,[ɛ.lɛk̚.t̪ri.fiˈka.si]
elektrik,/ɛlɛk.trɪk/
elektris,/ɛlɛk.trɪs/
elektro,[ˈɛlɛk̚tro]
elektroda,/ɛ.lɛk.tro.da/
elektrode,/ɛ.lɛk.tro.de/
elektrode,/ɛ.lɛk.tro.də/
elektroensefalografi,/elɛktroɛnsefaloˈɡrafi/
elektroensefalografi,[e.lɛk̚.t̪ro.ɛn.se.fa.loˈɡra.fi]
elektroensefalogram,/elɛktroɛnsefaˈloɡram/
elektroensefalogram,[e.lɛk̚.t̪ro.ɛn.se.faˈlo.ɡram]
elektrofisiologi,/elɛktrofisioˈloɡi/
elektrofisiologi,[e.lɛk̚.t̪ro.fi.si.oˈlo.ɡi]
elektroforesis,/e.lɛk.tro.foˈre.sis/
elektroforesis,[e.lɛk̚.t̪ro.foˈre.sɪs]
elektrokardiograf,/elɛktrokardiˈoɡraf/
elektrokardiograf,[e.lɛk̚.t̪ro.kar.diˈo.ɡraf]
elektrokardiografi,/elɛktrokardioˈɡrafi/
elektrokardiografi,[e.lɛk̚.t̪ro.kar.di.oˈɡra.fi]
elektrokardiogram,/elɛktrokardiˈoɡram/
elektrokardiogram,[e.lɛk̚.t̪ro.kar.diˈo.ɡram]
elektrokauter,/elɛktroˈkau̯tər/
elektrokauter,[e.lɛk̚.t̪roˈkau̯.t̪ər]
elektrokauterisasi,/elɛktrokautəriˈsasi/
elektrokauterisasi,[e.lɛk̚.t̪ro.ka.u.t̪ər.iˈsa.si]
elektrokoagulasi,/elɛktrokoaɡuˈlasi/
elektrokoagulasi,[e.lɛk̚.t̪ro.ko.a.ɡuˈla.si]
elektrokortikografi,/elɛktrokortikoˈɡrafi/
elektrokortikografi,[e.lɛk̚.t̪ro.kor.t̪i.koˈɡra.fi]
elektromagnet,/elɛktroˈmaɡnɛt/
elektromagnet,[e.lɛk̚.t̪roˈmak̚.nɛt̪̚]
elektromagnetisme,/ɛlɛktromaknɛtˈɪsmə/
elektron,[ˈɛlɛk̚trɔn]
elektronik,[ɛlɛk̚ˈtro.nɪk̚]
elektronika,[ɛlɛk.troˈni.ka]
elektronis,[ɛlɛk̚ˈtro.nɪs]
elemen,[ˈeləmen]
elementer,[ɛləˈmɛntɛr]
elevasi,/eleˈvasi/
elevasi,[e.leˈfa.si]
eliminasi,/e.li.mi.ˈna.si/
eling,/ˈe.lɪŋ/
elipsis,/e.ˈlɪp.sɪs/
elit,/ˈe.lit/
elit,[ˈe.lɪt̪̚]
elite,/eˈlitə/
elite,[eˈli.t̪ə]
elok,/ˈɛ.lɔk/
elpiji,/ɛlˈpid͡ʒi/
elpiji,[ɛlˈpi.d͡ʒi]
elusi,/eˈlusi/
elusi,[eˈlu.si]
elutriasi,/ɛlutriˈasi/
elutriasi,[ɛ.lu.t̪riˈa.si]
elvira,/ˈ-fi-/
elvira,/ˈɛlvira/
em,/ɛm/
em,[ɛm]
emang,/əˈmaŋ/
emang,/ˈe.maŋ/
emang,[əˈmaŋ]
emang,[ˈe.maŋ]
emang gue pikirin,/ˌemaŋ ˌɡue piˈkirin/
emang gue pikirin,[ˌe.maŋ ˌɡu.e piˈki.rɪn]
emas,/əˈmas/
emas,[əˈmas]
emas putih,[ˈəmas ˈputɪh]
emat,[əˈmat]
emban,/əmˈban/
embargo,[ɛmˈbarɡo]
embargo militer,[ɛmˈbarɡo miˈlitɛr]
embarkasi,/ɛmbarˈkasi/
embarkasi,[ɛm.barˈka.si]
embaru,/əmˈbaru/
embaru,[əmˈba.ru]
ember,/ˈɛm.bɛr/
ember,[ˈɛm.bɛr]
embrio,/ɛmˈbrio/
embun,/əmˈbun/
embun,[əmˈbun]
embun beku,/əm.ˈbʊn bə.ˈku/
embus,/əmˈbus/
embus,[əmˈbʊs]
emeritus,/emeˈritus/
emeritus,[e.meˈri.t̪ʊs]
eminen,/eˈminɛn/
eminen,[eˈmi.nɛn]
eminensi,/emiˈnɛnsi/
eminensi,[e.miˈnen.si]
emisi,[ˈɛmisi]
emoji,/e.mo.d͡ʒi/
emolien,/emoˈliɛn/
emolien,[e.moˈli.ɛn]
emosi,[ˈɛmosi]
empal,/əm.ˈpal/
empas,/əmˈpas/
empas,[əmˈpas]
empaskan,/əmˈpaskan/
empaskan,[əmˈpas.kan]
empat,/əmˈpat/
empat,[əmˈpat̪̚]
empati,/ɛmˈpati/
empatis,/əmˈpatis/
empatis,[əmˈpa.t̪ɪs]
empedal,/əmpəˈdal/
empedal,[əm.pəˈdal]
empedu,/əmpəˈdu/
empiris,/ɛmˈpirɪs/
emplasemen,[ɛmplasəˈmɛn]
empu,/əmˈpu/
empulur,/əmˈpulur/
empulur,[əmˈpu.lʊr]
emulsi,/eˈmulsi/
emulsi,[eˈmul.si]
emulsifikasi,/e.mul.si.fiˈka.si/
emulsifikasi,[e.mul.si.fiˈka.si]
en,/ɛn/
en,[ɛn]
en masse,/ˌən ˈmasə/
en masse,[ˌən ˈma.sə]
enak,/ˈɛnak/
enak,[ˈɛ.nak̚]
enam,/əˈnam/
enam,/ˈnam/
enam,[əˈnam]
enam,[ˈnam]
enau,/əˈnau̯/
enau,[əˈnau̯]
encek,/ənˈt͡ʃek/
encek,/ˈent͡ʃek/
encek,[əɲˈt͡ʃɛk̚]
encek,[ˈeɲ.t͡ʃɛk̚]
encik,/ənˈt͡ʃik/
encik,/ənˈt͡ʃiʔ/
encik,[əɲˈt͡ʃɪk̚]
encik,[əɲˈt͡ʃɪʔ]
endap,/ən.ˈdap/
endapan,/ənˈdapan/
endemik,/ˈɛndəmik/
endemik,[ˈɛn.də.mɪk̚]
endo-,/endo/
endogen,/ənˈdo.ɡən/
endogen,[ənˈdo.ɡən]
endometrium,/endomɛˈtrium/
endometrium,[en.do.mɛˈt̪ri.ʊm]
endorsemen,/ɛn.dɔr.sə.ˈmɛn/
enema,/eˈnema/
enema,[eˈne.ma]
energi,[ˈɛnɛrɡi]
energi aktivasi,/ˈɛnɛrɡi aktiˈvasi/
engas,/ˈe.ŋas/
enggak,/əŋˈɡak/
enggak,[əŋˈɡaʔ]
enggan,/əŋˈɡan/
enggan,[əŋˈɡan]
engkau,/əŋkau̯/
engkoh,[əŋˈkɔh]
engkol,/ˈeŋ.kol/
engkol,[ˈeŋ.kɔl]
engkong,/əŋˈkoŋ/
engkong,[əŋˈkoŋ]
engsel,/ˈɛŋsɛl/
enjin,[ˈɛnd͡ʒɪn]
enjiniring,/ənd͡ʒiˈniriŋ/
enjiniring,[əɲ.d͡ʒiˈni.rɪŋ]
enko,/ənˈko/
enko,[ənˈko]
enkripsi,/ɛnˈkripsi/
enkripsi,[ɛnˈkrip̚.si]
enom,/əˈnom/
enom,[əˈnom]
ensambel,/ɛnˈsambəl/
ensiklik,/ensiklik/
ensiklopedia,/ɛnsiklopeˈdia/
ensiklopedia,[ɛn.sik̚.lo.peˈdi.a]
ensopor,/ˌɛn.soˈpor/
ensopor,[ˌɛn.soˈpɔr]
entablatur,[en.taˈbla.tʊr]
ente,/ˈɛntɛ/
enten,[ənˈtɛn]
entente,[ɛnˈtɛntə]
entitas,[ɛnˈtitas]
entomolog,[ent̪oˈmolɔɡ]
entomologi,[ent̪omoˈloɡi]
entomologis,[ent̪omoˈloɡɪs]
entot,/ˈɛntot/
entot,[ˈɛn̪.t̪ɔt̪̚]
entre,/ˈentre/
entre,[ˈen̪.t̪re]
entriisme,/ɛntriˈismə/
entriisme,[ɛn̪.t̪riˈis.mə]
enumeratif,/enumeˈratif/
enumeratif,[e.nu.meˈra.t̪ɪf]
enzim,/ˈɛn.zɪm/
epi-,[əpi]
epidemi,[ɛpiˈd̪ɛmi]
epidural,/epiˈdural/
epidural,[e.piˈdu.ral]
epigon,[ˈɛpiɡɔn]
epilepsi,/epiˈlɛpsi/
epilepsi,[e.piˈlɛp̚.si]
episkopal,[ɛpɪsˈkopal]
episkopat,[ɛpɪsˈkopat̚]
episod,/ɛˈpisod/
episod,[ɛˈpi.sɔt̪̚]
episode,/epiˈsode/
episode,/epiˈsodə/
episode,[e.piˈso.de]
episode,[e.piˈso.də]
episodik,/epiˈsodik/
episodik,[e.piˈso.dɪk̚]
epistel,[ˈɛpɪs.təl]
epistola,[ɛpɪs.ˈto.la]
epitel,/ˈɛpitɛl/
epolet,/ˈɛpolɛt̚/
epos,/ˈe.pɔs/
er,/ɛr/
er,[ɛr]
era,/ˈera/
era,[ˈe.ra]
erat,/əˈrat/
erat,[əˈrat̪̚]
erata,/eˈrata/
erata,[eˈra.t̪a]
ercis,/ˈert͡ʃis/
ercis,[ˈer.t͡ʃɪs]
ereksi,/eˈrɛksi/
ereksi,[eˈrɛk̚.si]
ergonomi,/erɡoˈnomi/
ergonomis,/erɡoˈnomɪk/
eritroderma,/eritroˈdɛrma/
eritroderma,[e.ri.t̪roˈdɛr.ma]
eropa,[əroˈpa]
eropa,[ˈɛropa]
eror,[erɔr]
erosi,[ˈerosi]
erotis,/eˈrotis/
erotis,[eˈro.t̪ɪs]
erti,/ərˈti/
ertikan,/ərˈti.kan/
erupsi,[ˈɛrʊpsi]
es,/ˈɛs/
es,[ˈɛs]
es batu,/ˈɛs ˈbatu/
es kopi,/ˌɛs ˈkɔpi/
es kopi,[ˌɛs ˈkɔ.pi]
es krim,/ˌɛs ˈkrim/
es krim,[ˌɛs ˈkrɪm]
esa,/əˈsa/
esa,/ˈesa/
esa,[əˈsa]
esa,[ˈe.sa]
esai,/ə.ˈsai̯/
esai,[ˈɛsai̯]
esek,/ˈəsək/
esek,[ˈə.sək̚]
eselon,[ˈɛsəlɔn]
esens,[ˈɛsɛns]
esensi,[ˈɛsɛnsi]
esensial,[ɛsɛnˈsial]
eskalasi,/ɛskaˈlasi/
eskalasi,[ɛs.kaˈla.si]
eskalator,[ɛskaˈlatɔr]
eskar,/ˈɛs.kar/
eskas,[ˈɛskas]
eskul,/əsˈkul/
eskul,[əsˈkʊl]
esofagus,/esoˈfaɡus/
esofagus,[e.soˈfa.ɡʊs]
estafet,/ɛs.ta.fɛt/
ester,/ˈɛs.tər/
ester,/ˈɛstər/
ester,[ˈɛs.t̪ər]
estesis,/ɛs.ˈte.sɪs/
estetik,/ɛsˈtɛtɪk̚/
estetika,/ɛs.te.ˈti.ka/
estetis,/ɛsˈtɛtɪs/
estimasi,/ɛstiˈmasi/
estimasi,[ɛs.t̪iˈma.si]
estival,[ɛsˈt̪ival]
estonia,/esˈtonia̯/
etalase,[etaˈlasə]
etana,/e.ta.na/
etanol,[ˈet̪a.nɔl]
etape,[ˈetape]
eter,/ˈɛtər/
eternit,/ˈɛtərnit/
eternit,[ˈɛ.t̪ər.nɪt̪̚]
etik,/ˈɛtɪk/
etika,/ˈɛtika/
etiket,[ˈɛtikɛt̚]
etiopia,/etioˈpia/
etiopia,[e.t̪i.oˈpi.a]
etis,/ˈɛtɪs/
etnik,[ˈɛt̚nɪk̚]
etnis,[ˈɛt̚nɪs]
etos,/ˈetos/
etos,[ˈe.t̪ɔs]
etos kerja,/ˈetɔs kərˈd͡ʒa/
etude,/etudɛ/
eu,/ˈə̯/
eu,[ˈə̯]
euforia,/eufoˈria/
euforia,[e.u.foˈri.a]
eutanasia,/eutanaˈsia/
evaluasi,/ɛvaluˈasi/
evangeli,[ɛvaŋˈɡe.li]
evangeli,[ɛvaˈŋe.li]
evangelikalisme,/ɛvanɡəlikaˈlismə/
evangelikalisme,[ɛ.fan.ɡə.li.kaˈlis.mə]
evolusi,[evoˈlusi]
f,/f/
f,/ɛf/
faal,[ˈfaal]
fabel,[ˈfabəl]
fabrik,[ˈfabrɪk]
fabrikasi,/fabriˈkasi/
faedah,/ˈfaɛ̯.dah/
fagot,/ˈfaɡɔt/
fagot,[ˈfa.ɡɔt̪̚]
fahami,/faˈhami/
fahami,[faˈha.mi]
fail,[ˈfaɪl]
faja,/ˈfad͡ʒa/
faja,[ˈfa.d͡ʒa]
fajar,/ˈfad͡ʒar/
fakih,[ˈfa.kɪh]
fakir,/ˈfa.kɪr/
faksi,/ˈfaksi/
faksi,[ˈfak̚.si]
faksionalisme,/faksionaˈlismə/
faksionalisme,[fak̚.si.o.naˈlis.mə]
fakta,[ˈfak̚t̪a]
faktor,/ˈfaktor/
faktor,[ˈfak̚.t̪ɔr]
faktor pengembangan,/ˌfak.tor pə.ŋəmˈba.ŋan/
faktor pengembangan,[ˌfak̚.t̪ɔr pə.ŋəmˈba.ŋan]
faktor pengisian mangkuk,/ˌfak.tor pə.ŋiˌsi.an ˈmaŋ.kuk/
faktor pengisian mangkuk,[ˌfak̚.t̪ɔr pə.ŋiˌsi.an ˈmaŋ.kʊk̚]
faktor penyusutan,/ˌfak.tor pə.ɲuˈsu.tan/
faktor penyusutan,[ˌfak̚.t̪ɔr pə.ɲuˈsu.t̪an]
faktorial,/faktoˈrial/
faktorial,[fak̚.t̪oˈri.al]
faktual,/fakˈtual/
faktual,[fak̚ˈt̪u.al]
faktuil,/fakˈtuil/
faktuil,[fak̚ˈt̪u.ɪl]
faktur,[ˈfak̚tʊr]
fakultas,[faˈkʊltas]
fakultatif,/fakulˈtatif/
fakultatif,[fa.kulˈt̪a.t̪ɪf]
falak,/ˈfalak̚/
fals,[ˈfal(ə̆)s]
falsafah,/falˈsafah/
falsafah,[falˈsa.fah]
falseto,/falséto/
famili,[faˈmili]
familier,[famiˈliɛr]
familisida,[fa.mi.liˈsi.da]
famplet,[ˈfam.flɛt̪̚]
fan,[ˈfɛn]
fanatik,[faˈnatɪk̚]
fandango,/fanˈda.ŋo/
fandango,[fanˈda.ŋo]
fandom,[ˈfɛndɔm]
fanfare,/fanˈfarə/
fanfare,/ˈfenfer/
fanfare,[fanˈfa.rə]
fanfare,[ˈfen.fɛr]
fankui,/ˈfan.kui̯/
fankui,[ˈfan.kui̯]
fanservis,[fɛnˈsəɾ.vɪs]
fantasi,/fanˈtasi/
fantastis,/fanˈtas.tis/
fantastis,[fan̪ˈt̪as.t̪ɪs]
fantosmia,/fanˈtɔsmia̯/
fardu,/ˈfardu/
fardu,[ˈfar.du]
faring,/ˈfä.riŋ/
farisi,/faˈrisi/
farisi,[faˈri.si]
farmakologi,[farmakoˈloɡi]
farmakologis,[farmakoˈloɡɪs]
farmakope,/far.maˈko.pe/
farmakope,[far.maˈko.pe]
farmasi,/far.ma.si/
farmasis,[farˈmasɪs]
farsakh,/ˈfarsax/
fas,[ˈfas]
fasad,/ˈfasad/
fasad,[ˈfa.sat̪̚]
fasade,[faˈsadə]
fasakh,/ˈfasax/
fasakh,[ˈfa.sax]
fase,[ˈfasə]
fase gerak,/ˌfa.sə ɡəˈrak/
fase gerak,[ˌfa.sə ɡəˈrak̚]
faset,[ˈfasɛt]
fasies,/faˈsies/
fasies,[faˈsi.ɛs]
fasih,[ˈfasɪh]
fasih,[ˈpasɪh]
fasik,/ˈfasik/
fasik,[ˈfa.sɪk̚]
fasilitas,[fasiˈlit̪as]
fasilitas kesehatan,[fasiˈlitas kəsɛˈhatan]
fasilitas pelayanan kesehatan,[fasiˈlitas pəlaˈjanan kəsɛˈhatan]
fasilitasi,/fasiliˈtasi/
fasilitasi,[fa.si.liˈt̪a.si]
fasis,[ˈfasɪs]
fasisme,[faˈsɪsmə]
faskes,[ˈfaskəs]
fasum,/ˈfasum/
fasum,[ˈfa.sʊm]
fasyankes,[fasˈjankəs]
fatal,/ˈfatal/
fatal,[ˈfa.t̪al]
fatalis,/faˈtalis/
fatalis,[faˈt̪a.lɪs]
fatalisme,/fataˈlismə/
fatalisme,[fa.t̪aˈlis.mə]
fatalitas,/fataliˈtas/
fatalitas,/fataˈlitas/
fatalitas,[fa.t̪a.liˈt̪as]
fatalitas,[fa.t̪aˈli.t̪as]
fatamorgana,/fatamɔrˈɡana/
fatimah,/faˈtimah/
fatimah,[faˈt̪i.mah]
fatsun,[ˈfatsʊn]
fatwa,/ˈfat.wa/
fauna,[ˈfau̯na]
favorit,/faˈvorit/
favorit,[faˈvorɪt̚]
februari,/februˈari/
februari,[fe.bruˈa.ri]
federal,[fɛdəˈral]
federalisme,/fedəralˈismə/
federalisme,[fe.də.ralˈis.mə]
federasi,[fɛdəˈrasi]
fekunditas,[fekʊnˈd̪it̪as]
femto-,[ˈfɛmto]
fenghuang,/fəŋˈhuaŋ/
fenghuang,[fəŋˈhu.aŋ]
fengsui,[ˈfɛŋsui̯]
feniks,/ˈfeniks/
feniks,[ˈfe.niks]
fenokris,/fəˈnokris/
fenokris,[fəˈnok̚.rɪs]
fenomena,[fenoˈmena]
fenomenologi,/fe.no.me.no.ˈlo.ɡi/
fenotipe,/fenoˈtipə/
fenotipe,[fe.noˈt̪i.pə]
feodal,/feˈodal/
feodalisme,/feodalˈɪsmə/
feri,/ˈfɛ.ri/
feri,[ˈfɛ.ri]
fermen,[ˈfermen]
fermentasi,/fermenˈtasi/
fermentasi,[fer.men̪ˈt̪a.si]
fertilasi,/fər.tiˈla.si/
fertilisasi,/fɛrtiliˈsasi/
fertilisasi,[fɛr.t̪i.liˈsa.si]
fertilitas,/fɛr.ti.ˈli.tas/
feses,/ˈfɛsɛs/
fesyen,/ˈfeʃən/
fesyen,[ˈfe.ʃən]
fetor,[ˈfe.t̪ɔr]
fiasko,/fiˈasko/
fiasko,[fiˈas.ko]
fiat,/ˈfiat/
fidah,/ˈfidah/
fidah,[ˈfi.dah]
fidelitas,/fideˈlitas/
fidelitas,[fi.deˈli.t̪as]
fidusia,/fiduˈsia/
fidusia,[fi.duˈsi.a]
figur,[ˈfiɡʊr]
figura,/fiˈɡura/
fiil,/ˈfiil/
fiil,[ˈfi.ɪl]
fikih,/ˈfikih/
fikih,[ˈfi.kɪh]
fikirkan,/fiˈkirkan/
fikirkan,[fiˈkir.kan]
fikologi,/fikoˈloɡi/
fikologi,[fi.koˈlo.ɡi]
fiksasi,/fɪk.ˈsa.si/
fiksi,[ˈfɪk̚si]
filamen,/fi.ˈla.mɛn/
filaria,/fi.laˈri.a/
filariasis,/filariˈasis/
filariasis,[fi.la.riˈa.sɪs]
filateli,/filaˈteli/
filateli,[fi.laˈt̪e.li]
filemon,/fiˈlemon/
filemon,[fiˈle.mɔn]
filibuster,[filiˈbʊstər]
filipi,/fiˈlipi/
filipi,[fiˈli.pi]
filipina,/filiˈpina/
filipina,[fi.liˈpi.na]
filipus,/fiˈlipus/
filipus,[fiˈli.pʊs]
film,/ˈfi.ləm/
filologi,[filoˈloɡi]
filosof,[fiˈlosɔf]
filosofi,/filoˈsofi/
filosofi,[fi.loˈso.fi]
filsafat,/filˈsafat/
filsafat,[filˈsa.fat̪̚]
filsuf,[ˈfɪlsʊf]
filter,[ˈfɪltər]
filtrasi,[fɪlˈtrasi]
finansial,/finanˈsial/
finlandia,/fɪnˈlandia̯/
firaun,/fir.a.un/
firdaus,[fɪrˈd̪aʊs]
firma,[ˈfɪrma]
firman,/ˈfɪr.man/
firmankan,/fɪrˈman.kan/
fisi,/ˈfisi/
fisi,[ˈfi.si]
fisibilitas,/fisibiˈlitas/
fisibilitas,[fi.si.biˈli.t̪as]
fisik,/ˈfisik/
fisik,[ˈfi.sɪk̚]
fisika,[fiˈsi.ka]
fisika modern,/fiˈsika moˈdɛr(ə̆)n/
fisikawan,/fisiˈkawan/
fisikawan,[fi.siˈka.wan]
fisikawi,/fisiˈkawi/
fisikawi,[fi.siˈka.wi]
fisiologi,[fisioˈloɡi]
fisioterapi,/fisioteˈrapi/
fisioterapi,[fi.si.o.t̪eˈra.pi]
fisioterapis,/fisioteˈrapis/
fisioterapis,[fi.si.o.t̪eˈra.pɪs]
fisis,[ˈfisɪs]
fiskal,/ˈfɪs.kal/
fitnah,/ˈfitnah/
fitnah,[ˈfit̪̚.nah]
fitur,[ˈfitʊr]
flagelasi,/flaɡeˈlasi/
flagelasi,[fla.ɡeˈla.si]
flakon,/ˈflakon/
flakon,[ˈfla.kɔn]
flambe,[ˈflam.be]
flan,/ˈflan/
fleksibel,/flɛk.ˈsi.bəl/
fleksibilitas,/fleksiˈbilitas/
fleksibilitas,[flek̚.siˈbi.li.t̪as]
flensa,/ˈflɛn.sa/
flensa,[ˈflɛn.sa]
flop,/flop/
flora,[ˈflora]
flu singapura,/ˌflu siŋaˈpura/
flu singapura,[ˌflu si.ŋaˈpu.ra]
fluida,/fluˈida/
fluks,/ˈfluk/
fluks,/ˈfluks/
fluks,[ˈfluks]
fluks,[ˈflʊk̚]
fluktuasi,/fluktuˈasi/
fluktuasi,[fluk̚.t̪uˈa.si]
fluoresen,/flu.o.ˈre.sən/
fmipa,/ef.mi.pa/
fokus,/ˈfokus/
fokus,[ˈfo.kʊs]
folder,/ˈfoldər/
folder,[ˈfol.dər]
foliasi,/foliˈasi/
foliasi,[fo.liˈa.si]
folklor,/ˈfɔ(l)ʔ.lɔr/
fon,[ˈfɔn]
fondasi,[fɔnˈd̪asi]
fonem,/ˈfonɛm/
fonemis,/foˈnemɪs/
fonetik,/foˈnɛtik/
fonetik,[foˈnɛ.t̪ɪk̚]
foniks,/ˈfoniks/
foniks,[ˈfo.niks]
fora,/ˈfora/
forensik,[foˈrɛnsik]
forklif,/ˈforklif/
forklif,[ˈfor.klɪf]
forkopimda,/for.koˈpim.da/
forkopimda,[for.koˈpim.da]
forma,[ˈfɔrma]
formaldehida,/fɔr.mal.deˈhi.da/
formalin,/fɔrˈma.lɪn/
formasi,[fɔrˈmasi]
format,[ˈfɔrmat̪̚]
formatif,/fɔr.ˈma.tɪf/
formatur,[fɔrˈmat̪ʊr]
formula,/forˈmula/
formula,[forˈmu.la]
formulator,/fɔr.muˈla.tɔr/
formulir,/forˈmulɪr/
fornikasi,/fɔrniˈkasi/
fornikasi,[fɔr.niˈka.si]
forsep,[ˈfɔrsɛp̚]
forum,/ˈforum/
fosfor,/ˈfosfor/
fosfor,[ˈfos.fɔr]
fosforilasi,/fosforiˈlasi/
fosforilasi,[fos.for.iˈla.si]
fosil,/ˈfosil/
fosil,[ˈfo.sɪl]
foto,/ˈfoto/
foto,[ˈfo.t̪o]
fotoelektrisitas,/fotoɛlɛk̚triˈsitas/
fotofit,/foˈtofit/
fotofit,[foˈt̪o.fɪt̪̚]
fotograf,[foˈt̪oɡraf]
fotografer,[fot̪oˈɡrafər]
fotografi,[fot̪oˈɡrafi]
fotografis,[fot̪oˈɡrafɪs]
fotokopi,[fotoˈkopi]
fotosel,/foˈtosɛl/
fp,/ˈɛf.pɛ/
fp,[ˈɛf.pɛ]
fraksi,[ˈfrak.si]
fraksi ejeksi,/frakˌsi(ʔ)eˈd͡ʒek.si/
fraktur,[ˈfrakt̪ʊr]
frambos,/ˈframbɔs/
frambos,[ˈfram.bɔs]
frambozen,/framˈbozən/
frambozen,[framˈbo.zən]
frambusia,/frambuˈsia/
frambusia,[fram.buˈsi.a]
franko,/ˈfranko/
franko,[ˈfran.ko]
fransisca,/ˈfransɪska/
frasa,[ˈfrasa]
frase,/ˈfrasə/
frase,[ˈfra.sə]
frater,/ˈfratər/
frater,[ˈfra.t̪ər]
fregat,[ˈfreɡat̚]
frekuen,/freˈkuɛn/
frekuen,[freˈku.ɛn]
frekuensi,/frekuˈɛnsi/
frekwensi,/fre.kwɛn.si/
frekwensi,/frek.wɛn.si/
front,/fron(t)/
fuad,/ˈfuad/
fuad,[ˈfu.at̪̚]
fugu,/ˈfuɡu/
fugu,[ˈfu.ɡu]
fukaha,/fuˈkaha/
fukaha,[fuˈka.ha]
fukara,/fuˈkara/
fukara,[fuˈka.ra]
fulus,/ˈfulus/
fulus,[ˈfu.lʊs]
fumigator,/fumiˈɡatɔr/
fumigator,[fu.miˈɡa.t̪ɔr]
fundamen,[fʊnˈd̪amen]
fundamental,/fundaˈmental/
fundamental,[fun.daˈmen̪.t̪al]
fungi,/ˈfuŋi/
fungi,[ˈfu.ŋi]
fungsi,/ˈfuŋsi/
fungsi,[ˈfuŋ.si]
fungsional,/fuŋsiˈonal/
fungsional,[fuŋ.siˈo.nal]
fungsionaris,[fʊŋsioˈnarɪs]
fungus,/ˈfuŋus/
fungus,[ˈfu.ŋʊs]
funiks,/ˈfuniks/
funiks,[ˈfu.niks]
furnitur,[fʊrˈnitʊr]
furnitur lepasan,/fʊrˈnitʊr ləˈpasan/
fusi,[ˈfusi]
fusia,/fuˈsia/
fusia,[fuˈsi.a]
fusta,/ˈfusta/
fusta,[ˈfus.t̪a]
futbal,/ˈfutbal/
futbal,[ˈfut̪̚.bal]
futon,/ˈfutɔn/
futon,[ˈfu.t̪ɔn]
futur,/ˈfutur/
futur,[ˈfu.t̪ʊr]
futuris,/fuˈturis/
futuris,[fuˈt̪u.rɪs]
futurisme,/futuˈrismə/
futurisme,[fu.t̪uˈris.mə]
futuristik,/futuˈristik/
futuristik,[fu.t̪uˈris.t̪ɪk̚]
futuristis,/futuˈristis/
futuristis,[fu.t̪uˈris.t̪ɪs]
futurologi,/futuroˈloɡi/
futurologi,[fu.t̪u.roˈlo.ɡi]
futurologis,/futuroˈloɡis/
futurologis,[fu.t̪u.roˈlo.ɡɪs]
g,/ɡ/
g,/ɡe/
g30s,/ɡe ˌtiɡa ˌpuluh ˈes/
g30s,[ɡe ˌt̪i.ɡa ˌpu.lʊh ˈɛs]
gabah,/ˈɡabah/
gaban,/ˈɡaban/
gaban,[ˈɡa.ban]
gabriella,/ˈɡabri(j)ela/
gabung,[ˈɡabʊŋ]
gabungan,/ɡaˈbʊŋan/
gabus,/ˈɡabus/
gabus,[ˈɡa.bʊs]
gabus laut,/ɡa.bʊs ˈla.ʊt̚/
gabut,[ˈɡabʊt̪̚]
gaco,/ˈɡat͡ʃo/
gaco,[ˈɡa.t͡ʃo]
gacor,/ˈɡat͡ʃɔr/
gacor,[ˈɡa.t͡ʃɔr]
gada,/ɡada/
gadai,[ˈɡadai̯]
gadai ulang,/ˈɡadai̯ ˈʊlaŋ/
gadang,/ˈɡadaŋ/
gadang,[ˈɡa.daŋ]
gadangan,[ɡaˈdaŋan]
gadar,/ˈɡa.dar/
gadar,[ˈɡa.dar]
gading,/ˈɡadiŋ/
gading,[ˈɡa.dɪŋ]
gaduh,/ˈɡaduh/
gaduh,[ˈɡa.dʊh]
gadungan,/ɡaˈduŋan/
gadungan,[ɡaˈdu.ŋan]
gaga,/ˈɡa.ɡa/
gagah,/ˈɡaɡah/
gagah,[ˈɡa.ɡah]
gagai,/ˈɡaɡai̯/
gagai,[ˈɡa.ɡai̯]
gagak,/ˈɡaɡaʔ/
gagak,[ˈɡa.ɡaʔ]
gagal,/ˈɡaɡal/
gagal,[ˈɡa.ɡal]
gagal jantung,/ˈɡa.ɡal ˈd͡ʒan.tʊŋ/
gagang,/ˈɡa.ɡaŋ/
gagap,/ˈɡaɡap/
gagap,[ˈɡa.ɡap̚]
gagas,/ˈɡa.ɡas/
gagasan,[ɡaˈɡasan]
gagu,/ˈɡaɡu/
gahara,/ɡaˈhara/
gahara,[ɡaˈha.ra]
gaharu,/ɡaharu/
gaib,/ˈɡa.ɪp̚/
gaib-gaiban,/ɡa.ɪp̚.ɡaˈi.ban/
gairah,/ɡaˈirah/
gairah,/ˈɡai̯rah/
gairah,[ɡaˈi.rah]
gairah,[ˈɡai̯.rah]
gajah,/ˈɡad͡ʒah/
gajah,[ˈɡa.d͡ʒah]
gaji,/ˈɡad͡ʒi/
gaji,[ˈɡa.d͡ʒi]
gaji buta,[ˈɡad͡ʒi ˈbut̪a]
gajih,[ˈɡad͡ʒɪh]
gakari,/ɡa.ka.ri/
gala,/ɡala/
galai,[ˈɡalai̯]
galak,/ɡa.lak/
galak,[ɡalaʔ]
galaksi,/ɡaˈlaksi/
galaksi,[ɡaˈlak̚.si]
galang,/ˈɡalaŋ/
galang,[ˈɡa.laŋ]
galat,/ˈɡalat̚/
galatia,/ɡalaˈtia/
galatia,[ɡa.laˈt̪i.a]
galer,/ɡa.ler/
gali,/ˈɡali/
gali,[ˈɡa.li]
galib,/ˈɡalib/
galib,[ˈɡa.lɪp̚]
galon,[ˈɡalɔn]
galuh,/ɡaluh/
gam,/ˈɡam/
gam,[ˈɡam]
gaman,/ˈɡaman/
gaman,[ˈɡa.man]
gamang,/ˈɡamaŋ/
gamat,/ˈɡamat/
gamat,[ˈɡa.mat̪̚]
gambang,/ˈɡambaŋ/
gambang,[ˈɡam.baŋ]
gambar,/ˈɡambar/
gambar,[ˈɡam.bar]
gambar kerja,/ˈɡam.bar kər.ˈd͡ʒa/
gambaran,/ɡamˈba.ran/
gambir,/ˈɡambir/
gambir,[ˈɡam.bɪr]
gambus,/ˈɡam.bʊs/
gambut,[ˈɡambʊt̚]
gamel,/ˈɡaməl/
gamel,[ˈɡa.məl]
gamelan,/ˈɡaməlan/
gamelan,[ˈɡa.mə.lan]
gamifikasi,/ɡamifiˈkasi/
gamifikasi,[ɡa.mi.fiˈka.si]
gampang,/ˈɡampaŋ/
gampang,[ˈɡam.paŋ]
gampar,/ɡam.par/
gamping,/ɡam.piŋ/
gampong,[ˈɡampɔŋ]
gana,/ˈɡana/
gana,[ˈɡa.na]
ganar,/ˈɡanar/
ganar,[ˈɡa.nar]
ganas,/ˈɡanas/
ganas,[ˈɡa.nas]
gancang,[ˈɡan.t͡ʃaŋ]
ganco,[ˈɡant͡ʃo]
gancu,[ˈɡant͡ʃu]
ganda,/ˈɡanda/
ganda,[ˈɡan.da]
gandar,/ˈɡan.dar/
gandaria,/ɡan.da.ˈri.a/
gandarusa,/ɡandaˈrusa/
gandarusa,[ɡan.daˈru.sa]
gandeng,/ˈɡan.dɛŋ/
gandi,/ˈɡandi/
gandi,[ˈɡan.di]
gandin,/ˈɡandin/
gandin,[ˈɡan.dɪn]
gandu,/ˈɡandu/
gandum,[ˈɡan.dʊm]
gang,/ɡaŋ/
gangga,/ˈɡaŋ.ɡa/
gangga,[ˈɡaŋ.ɡa]
ganggang,/ˈɡaŋɡaŋ/
ganggang,[ˈɡaŋ.ɡaŋ]
ganggu,[ˈɡaŋ.ɡu]
gangguan,/ɡaŋˈɡuan/
gangguan,[ɡaŋˈɡu.an]
gangguan bipolar,/ɡaŋˌɡuan biˈpolar/
gangguan bipolar,[ɡaŋˌɡu.an biˈpo.lar]
gangguan kepribadian,/ɡaŋˌɡu.an kə.pri.baˈdi.an/
gangguan kepribadian,[ɡaŋˌɡu.an kə.pri.baˈdi.an]
gangguan kepribadian narsisistik,/ɡaŋˌɡu.an kəp.ri.baˌdi.an nar.siˈsis.tik/
gangguan kepribadian narsisistik,[ɡaŋˌɡu.an kəp̚.ri.baˌdi.an nar.siˈsis.t̪ɪk̚]
gangguan makan,/ɡaŋˌɡuan ˈmakan/
gangguan makan,[ɡaŋˌɡu.an ˈma.kan]
gangguan mental,/ɡaŋ.ˈɡu.an ˈmɛn.tal/
gangguan pemusatan perhatian dan hiperaktivitas,/ɡaŋˌɡu.an pə.muˌsa.tan pər.haˌti.an dan hi.pər.ak.tiˈvi.tas/
gangguan pemusatan perhatian dan hiperaktivitas,[ɡaŋˌɡu.an pə.muˌsa.t̪an pər.haˌt̪i.an dan hi.pər.ak̚.t̪iˈfi.t̪as]
gangguan spektrum autisme,/ɡaŋˌɡu.an ˌspɛk.trum a.uˈtis.mə/
gangguan spektrum autisme,[ɡaŋˌɡu.an ˌspɛk̚.t̪rʊm a.uˈt̪is.mə]
gangren,[ˈɡaŋ.rɛn]
gangsa,/ˈɡaŋsa/
gangsa,[ˈɡaŋ.sa]
gangsal,/ˈɡaŋsal/
gangsal,[ˈɡaŋ.sal]
ganiometer,[ɡanioˈmɛtər]
ganja,[ˈɡan.d͡ʒa]
ganjar,/ˈɡand͡ʒar/
ganjaran,/ɡanˈd͡ʒaran/
ganjat,/ˈɡand͡ʒat/
ganjat,[ˈɡaɲ.d͡ʒat̪̚]
ganjen,/ˈɡaɲ.d͡ʒən/
ganjil,[ˈɡand͡ʒɪl]
ganjil genap,/ˌɡan.d͡ʒil ɡəˈnap/
ganjil genap,[ˌɡaɲ.d͡ʒɪl ɡəˈnap̚]
ganjur,/ˈɡand͡ʒur/
ganjur,[ˈɡaɲ.d͡ʒʊr]
gans,/ˈɡans/
gans,[ˈɡans]
gantang,[ˈɡan.t̪aŋ]
ganteng,/ˈɡan.təŋ/
gantengan,/ɡan.təˈŋan/
ganti,/ˈɡanti/
ganti,[ˈɡan̪.t̪i]
gantung,/ˈɡan.tʊŋ/
gantung,/ˈɡantuŋ/
gantung,[ˈɡan̪.t̪ʊŋ]
gantung diri,/ˌɡantuŋ ˈdiri/
gantung diri,[ˌɡan̪.t̪ʊŋ ˈdi.ri]
ganyang,/ˈɡa.ɲaŋ/
ganyang,[ˈɡa.ɲaŋ]
gap,/ˈɡap/
gap,/ˈɡɛp/
gapeka,/ɡa.pə.ka/
gapoktan,/ɡaˈpoktan/
gapoktan,[ɡaˈpok̚.t̪an]
gaptek,/ˈɡaptɛk/
gaptek,[ˈɡap̚.t̪ɛk̚]
gapura,/ɡapura/
gara-gara,/ˌɡara ˈɡara/
gara-gara,[ˌɡa.ra ˈɡa.ra]
garam,[ˈɡa.ram]
garam dapur,/ˈɡaram ˈdapʊr/
garang,[ˈɡaraŋ]
garangan,/ɡaˈra.ŋan/
garangan,[ɡaˈra.ŋan]
garansi,/ɡaˈransi/
garar,/ˈɡarar/
garar,[ˈɡa.rar]
garasi,[ɡaˈra.si]
garbarata,/ɡarbaˈrata/
garbarata,[ɡar.baˈra.t̪a]
garda,[ˈɡar.da]
gardan,[ˈɡar.dan]
gardu,/ˈɡar.du/
gardu induk,/ˌɡar.du ˈin.duk/
gardu induk,[ˌɡar.du ˈin.dʊk̚]
gardu tol,/ˌɡar.du ˈtol/
gardu tol,[ˌɡar.du ˈt̪ɔl]
gari,/ˈɡari/
gari,[ˈɡa.ri]
garing,/ˈɡariŋ/
garing,[ˈɡa.rɪŋ]
garis,/ˈɡaris/
garis,[ˈɡa.rɪs]
garis bantu,/ˈɡarɪs ˈbantu/
garis bawah,/ˌɡaris ˈbawah/
garis bawah,[ˌɡa.rɪs ˈba.wah]
garis besar,/ˈɡarɪs bəˈsar/
garis gaya,[ˈɡarɪs ˈɡaja]
garis haluan,/ˈɡa.rɪs ha.ˈlu.an/
garis keturunan,/ˌɡaris kətuˈrunan/
garis keturunan,[ˌɡa.rɪs kə.t̪uˈru.nan]
garis singkapan,/ˌɡa.ris siŋˈka.pan/
garis singkapan,[ˌɡa.rɪs siŋˈka.pan]
garis tengah,[ˈɡarɪs təˈŋah]
garisan,/ɡaˈrisan/
garisan,[ɡaˈri.san]
garnisun,[ɡarˈnisʊn]
garpu,/ˈɡarpu/
garpu,[ˈɡar.pu]
garu,[ˈɡaru]
garuda,/ɡaˈruda/
garuda,[ɡaˈru.da]
garwa,[ˈɡarwa]
gas,/ˈɡas/
gas,[ˈɡas]
gas alam,/ˈɡas ˈalam/
gas alam cair,/ˈɡas ˈalam ˈt͡ʃaɪr/
gas basah,/ˌɡas ˈba.sah/
gas basah,[ˌɡas ˈba.sah]
gas bumi,/ˈɡas ˈbumi/
gas mulia,/ˈɡas ˈmulia̯/
gas rumah kaca,/ˈɡas ˈru.mah ˈka.t͡ʃa/
gasak,[ˈɡasak̚]
gasal,/ˈɡasal/
gasal,[ˈɡa.sal]
gastrointestinal,/ɡas.tro.ɪn.tɛs.ˈti.nal/
gatal,/ˈɡatal/
gatal,[ˈɡa.t̪al]
gatra,/ˈɡatra/
gatra,[ˈɡat̪̚.ra]
gaul,/ɡaul/
gaung,/ˈɡauŋ/
gaung,[ˈɡa.ʊŋ]
gawai,/ˈɡawai̯/
gawai,[ˈɡa.wai̯]
gawang,/ˈɡawaŋ/
gawang,[ˈɡa.waŋ]
gawat,[ˈɡawat̚]
gawir,/ˈɡawir/
gawir,[ˈɡa.wɪr]
gay,/ˈɡɛj/
gay,[ˈɡɛj]
gaya,[ˈɡaja]
gayam,/ˈɡajam/
gayam,[ˈɡa.jam]
gayuh,/ˈɡajuh/
gayuh,[ˈɡa.jʊh]
gayuhkan,/ɡaˈjʊh.kan/
gayung,/ˈɡa.jʊŋ/
gaz,/ˈɡaz/
gazal,[ˈɡazal]
gbhn,/ɡebeˈhaɛn/
gbpp,/ɡe.beˈpe.pe/
gbpp,[ɡe.beˈpe.pe]
ge,/ɡe/
ge,[ɡe]
geber,/ɡəˈbɛr/
geber,[ɡəˈbɛr]
gebetan,/ɡeˈbetan/
gebetan,[ɡeˈbe.t̪an]
gede,[ɡəˈde]
gedek,/ɡəˈdɛk/
gedek,/ˈɡədək/
gedek,/ˈɡɛdɛk/
gedek,[ɡəˈdɛk̚]
gedek,[ˈɡə.dək̚]
gedek,[ˈɡɛ.dɛk̚]
gedong,/ɡəˈdoŋ/
gedong,/ˈɡedoŋ/
gedong,[ɡəˈdoŋ]
gedong,[ˈɡe.dɔŋ]
gedung,[ɡəˈdʊŋ]
gedung parkir,/ɡəˌduŋ ˈpar.kir/
gedung parkir,[ɡəˌdʊŋ ˈpar.kɪr]
gegak gempita,/ɡəˌɡak ɡəmˈpita/
gegak gempita,[ɡəˌɡak̚ ɡəmˈpi.t̪a]
gegana,/ɡəˈɡana/
gegana,[ɡəˈɡa.na]
gegap,/ɡəˈɡap/
gegap,[ɡəˈɡap̚]
gegap gempita,/ɡəˌɡap ɡəmˈpita/
gegap gempita,[ɡəˌɡap̚ ɡəmˈpi.t̪a]
gegara,/ɡəˈɡa.ra/
geger,/ˈɡɛ.ɡɛr/
gehu,[ˈɡehu]
geiser,[ˈɡei.sər]
gejala,/ɡə.ˈd͡ʒa.la/
geladak,/ɡəˈla.dak/
geladak,[ɡəˈla.dak̚]
gelagapan,/ɡəlaˈɡapan/
gelagapan,[ɡə.laˈɡa.pan]
gelagar,/ɡəˈlaɡar/
gelagar,[ɡəˈla.ɡar]
gelagat,/ɡəˈlaɡat/
gelagat,[ɡəˈla.ɡat̪̚]
gelak,/ɡəˈlak/
gelak,[ɡəˈlak̚]
gelam,/ɡəˈlam/
gelam,[ɡəˈlam]
gelana,[ɡəˈlana]
gelang,/ɡəˈlaŋ/
gelang,[ɡəˈlaŋ]
gelanggang,/ɡəˈlaŋɡaŋ/
gelanggang,[ɡəˈlaŋ.ɡaŋ]
gelap,/ɡəˈlap/
gelap,[ɡəˈlap̚]
gelap gulita,/ɡəˌlap ɡuˈlita/
gelap gulita,[ɡəˌlap̚ ɡuˈli.t̪a]
gelar,/ɡəˈlar/
gelar,[ɡəˈlar]
gelar ganda,/ɡəˌlar ˈɡanda/
gelar ganda,[ɡəˌlar ˈɡan.da]
gelar vokasi,/ɡəˌlar voˈka.si/
gelar vokasi,[ɡəˌlar foˈka.si]
gelas,[ɡəˈlas]
gelas takar,/ɡəˈlas ˈtakar/
gelas ukur,/ɡə.ˈlas ˈʊkʊr/
gelatik,/ɡəˈlatik/
gelatik,[ɡəˈla.t̪ɪk̚]
geledah,/ɡəˈledah/
geledah,[ɡəˈle.dah]
geledek,/ɡəˈlɛdɛk/
geledek,[ɡəˈlɛ.dɛk̚]
gelegar,/ˈɡələɡar/
gelegar,[ˈɡə.lə.ɡar]
gelembung,[ɡələmˈbʊŋ]
geleser,/ɡəˈlesɛr/
geleser,[ɡəˈle.sɛr]
geletak,/ɡələˈtak/
geletak,[ɡə.ləˈt̪ak̚]
geletar,/ˈɡələtar/
geletar,[ˈɡə.lə.t̪ar]
gelis,/ɡəˈlis/
gelis,[ɡəˈlɪs]
gelisah,/ɡəˈlisah/
gelisah,[ɡəˈli.sah]
gelita,/ɡəˈlita/
gelita,[ɡəˈli.t̪a]
gelojoh,/ɡəˈlod͡ʒoh/
gelojoh,[ɡəˈlo.d͡ʒɔh]
gelombang,/ɡəˈlombaŋ/
gelombang,[ɡəˈlom.baŋ]
gelombang mikro,/ɡəˌlombaŋ ˈmikro/
gelombang mikro,[ɡəˌlom.baŋ ˈmik̚.ro]
gelora,/ɡəlora/
geluh,/ɡəˈluh/
geluh,[ɡəˈlʊh]
gelut,/ɡəˈlut/
gelut,[ɡəˈlʊt̪̚]
gema,/ˈɡema/
gema,[ˈɡe.ma]
gemak,/ɡəˈmak/
gemak,[ɡəˈmak̚]
geman,/ɡəˈman/
gemas,[ɡəˈmas]
gembala,[ɡəmˈbala]
gembira,/ɡəmˈbira/
gembira,[ɡəmˈbi.ra]
gembirit,/ɡəmˈbirit/
gembirit,[ɡəmˈbi.rɪt̪̚]
gembok,/ɡəmˈbok/
gembok,[ɡəmˈbɔk̚]
gembolo,/ɡəmˈbolo/
gembolo,[ɡəmˈbo.lo]
gembong,/ɡəmˈboŋ/
gembong,/ˈɡɛmboŋ/
gembong,[ɡəmˈboŋ]
gembong,[ˈɡem.bɔŋ]
gemerlapan,/ɡəmərˈlapan/
gemerlapan,[ɡə.mərˈla.pan]
geming,/ɡəˈmiŋ/
geming,[ɡəˈmiŋ]
geminte,/ɡəˈmintə/
geminte,[ɡəˈmin̪.t̪ə]
gempa,/ɡəmˈpa/
gempa,[ɡəmˈpa]
gempa bumi,/ɡəmˌpa ˈbumi/
gempa bumi,[ɡəmˌpa ˈbu.mi]
gempa susulan,[ɡəmˈpa suˈsʊlan]
gempa utama,[ɡəmˈpa ˈʊt̪ama]
gempar,/ɡəmˈpar/
gempita,/ɡəmˈpita/
gempita,[ɡəmˈpi.t̪a]
gempitalah,/ɡəmpiˈtalah/
gempitalah,[ɡəm.piˈt̪a.lah]
gemuk,/ɡəˈmuʔ/
gemuk,[ɡəˈmʊʔ]
gen,/ˈɡɛn/
gen,[ˈɡen]
genang,/ɡəˈnaŋ/
genang,[ɡəˈnaŋ]
genangan,[ɡəˈnaŋan]
genap,/ɡəˈnap/
genap,[ɡəˈnap̚]
gencatan senjata,/ɡənˌt͡ʃa.tan sənˈd͡ʒa.ta/
gencatan senjata,[ɡəɲˌt͡ʃa.t̪an səɲˈd͡ʒa.t̪a]
gendang,/ɡənˈdaŋ/
gendang,[ɡənˈdaŋ]
gender,/ɡənˈdɛr/
gender,/ˈɡɛndər/
genderuwo,/ɡəndəˈruwo/
genderuwo,[ɡən.dəˈru.wo]
gendewa,[ɡənˈd̪ɛwa]
gendis,/ɡənˈdis/
gendis,[ɡənˈdɪs]
gendut,/ɡənˈdut/
gendut,[ɡənˈdʊt̪̚]
generalisasi,/ɡenəraliˈsasi/
generalisasi,[ɡe.nə.ra.liˈsa.si]
generasi,/ɡenəˈrasi/
generasi,[ɡe.nəˈra.si]
generator,/ɡenəˈratɔr/
generik,[ɡɛnəˈrɪk̚]
generik,[ɡɛˈnɛrɪk̚]
genesa,[ɡɛˈnɛsa]
genesis,/ɡeˈnesis/
genesis,[ɡeˈne.sɪs]
genetika,[ɡɛnɛˈtika]
genetika populasi,/ɡeneˌtika popuˈlasi/
geng,/ɡɛŋ/
genius,[dʒeˈniʊs]
genius,[ɡeˈniʊs]
genom,[ˈɡɛ.nɔm]
genosida,/ɡenoˈsida/
genosida,[ɡe.noˈsi.da]
genotipe,/ɡenoˈtipə/
genotipe,[ɡe.noˈt̪i.pə]
genta,/ɡənta/
genteng,/ɡənˈtɛŋ/
genteng,[ɡən̪ˈt̪eŋ]
genting,/ɡənˈtiŋ/
genting,[ɡən̪ˈt̪iŋ]
gentong,/ɡənˈtoŋ/
gentong,[ɡən̪ˈt̪oŋ]
genus,/ˈɡenus/
genus,[ˈɡe.nʊs]
geo-,[ˈɡeo̯]
geoda,/ɡeˈoda/
geoda,[ɡeˈo.da]
geodesi,/ɡeoˈdesi/
geodesi,[ɡe.oˈde.si]
geodesis,/ɡeoˈdesis/
geodesis,[ɡe.oˈde.sɪs]
geodetis,/ɡeoˈdetis/
geodetis,[ɡe.oˈde.t̪ɪs]
geofisika,[ɡeofiˈsika]
geografi,[ˈɡeoɡrafi]
geologi,[ɡeoˈloɡi]
geometri,[ɡeoˈmɛtri]
geopolitik,/ɡeopoˈlitik/
geopolitik,[ɡe.o.poˈli.t̪ɪk̚]
georadar,/ɡeoˈradar/
georadar,[ɡe.oˈra.dar]
georgia,/ɡeɔrˈɡia/
geosentrik,[ɡeoˈsɛntrɪk̚]
geostasioner,/ɡeostasiˈonɛr/
gepeng,/ɡəˈpeŋ/
gepeng,/ˈɡepeŋ/
gepeng,[ɡəˈpeŋ]
gepeng,[ˈɡe.pɛŋ]
gerabah,/ɡəˈrabah/
gerabah,[ɡəˈra.bah]
geragih,/ɡəˈraɡih/
geragih,[ɡəˈra.ɡɪh]
gerah,/ɡəˈrah/
geraham,/ɡəˈraham/
geraham,[ɡəˈra.ham]
gerai,/ɡə.ˈrai̯/
gerai,/ˈɡe.rai̯/
gerak,/ɡəˈrak/
gerak,/ɡəˈraʔ/
gerak,[ɡəˈrak̚]
gerak,[ɡəˈraʔ]
gerak cepat,/ɡəˌrak t͡ʃəˈpat/
gerak cepat,[ɡəˌrak̚ t͡ʃəˈpat̪̚]
gerakan,[ɡəˈrakan]
gerakan pemuda,/ɡə.ˈra.kan pə.ˈmu.da/
gerakan pertama,/ɡəˌra.kan pərˈta.ma/
gerakan pertama,[ɡəˌra.kan pərˈt̪a.ma]
geraklah,/ɡəˈrak̚ˈlah/
geram,[ɡəˈram]
gerbang,/ɡər.ˈbaŋ/
gerbang logika,/ɡər.ˈbaŋ lo.ˈɡi.ka/
gerbong,/ɡərˈbɔŋ/
gercep,[ɡərˈt͡ʃəp̚]
gerda,/ɡərˈda/
gerda,[ɡərˈda]
gerecok,/ˈɡərət͡ʃok/
gerecok,[ˈɡə.rə.t͡ʃɔk̚]
geregetan,[ɡərəɡətˈan]
gereh,/ɡəˈrɛh/
gereh,[ɡəˈrɛh]
gereja,/ɡəˈred͡ʒa/
gereja,[ɡəˈre.d͡ʒa]
gereja presbiterian,/ˌɡə.rə.d͡ʒa prəs.bi.təˈri.an/
gereja presbiterian,[ˌɡə.rə.d͡ʒa prəs.bi.t̪əˈri.an]
gereja yesus kristus dari orang-orang suci zaman akhir,/ɡəˌrɛ.d͡ʒa ˌjɛ.sus ˌkris.tus ˌda.ri ˌo.raŋ ˌo.raŋ ˌsu.t͡ʃi ˌza.man ˈa.xir/
gereja yesus kristus dari orang-orang suci zaman akhir,[ɡəˌrɛ.d͡ʒa ˌjɛ.sʊs ˌkris.t̪ʊs ˌda.ri ˌo.raŋ ˌo.raŋ ˌsu.t͡ʃi ˌza.man ˈa.xɪr]
gerejani,/ɡəreˈd͡ʒani/
gerejani,[ɡə.reˈd͡ʒa.ni]
gerejawi,/ɡəreˈd͡ʒawi/
gerejawi,[ɡə.reˈd͡ʒa.wi]
gerek,/ˈɡerɛk/
gerek,[ˈɡe.rɛk̚]
gerendel,[ɡəˈrɛn.dɛl]
gerendeng,/ˈɡərəndəŋ/
gerendeng,[ˈɡə.rən.dəŋ]
gergaji,/ɡərˈɡad͡ʒi/
gergaji,[ɡərˈɡa.d͡ʒi]
gergaji listrik,/ɡərˌɡad͡ʒi ˈlistrik/
gergaji listrik,[ɡərˌɡa.d͡ʒi ˈlis.t̪rɪk̚]
gergasi,/ɡər.ˈɡa.si/
gerha,/ɡər.ha/
gerhana,/ɡər.ha.na/
geriatri,/ɡeriˈatri/
geriatri,[ɡe.riˈa.t̪ri]
gerigi,[ɡəˈriɡi]
gerilya,/ɡəˈrilja/
gerilya,[ɡəˈril.ja]
gerimis,/ɡəˈrimis/
gerimis,[ɡəˈri.mɪs]
gerincing,/ɡəˈrint͡ʃiŋ/
gerincing,[ɡəˈriɲ.t͡ʃɪŋ]
gerinda,[ɡəˈrɪnd̪a]
gering,/ɡə.ˈrɪŋ/
geripir,[ɡəˈripɪr]
germas,/ɡərˈmas/
germas,[ɡərˈmas]
gerobak,[ɡəˈrobak̚]
gerundang,/ɡəˈrun.daŋ/
gerus,/ɡə.ˈrʊs/
gesek,/ˈɡesɛk/
gesek,[ˈɡe.sɛk̚]
gesekan,/ɡɛ.ˈsɛk.an/
gestapu,/ɡəsˈtapu/
gestapu,[ɡəsˈt̪a.pu]
geta,[ɡəˈta]
getah,[ɡəˈtah]
getah manggis,/ɡə.ˈtah ˈmaŋ.ɡɪs/
getar,/ɡə.ˈtar/
geulis,/ɡəˈlis/
geulis,[ɡəˈlɪs]
ggl,/ɡe.ɡe.ɛl/
gi,[ˈɡi]
giat,/ˈɡiat̚/
gibah,/ˈɡibah/
gibah,[ˈɡi.bah]
gibsit,/ˈɡibsit/
gibsit,[ˈɡip̚.sɪt̪̚]
gigantisme,/ɡiɡanˈtɪsmə/
gigi,/ˈɡi.ɡi/
gigi geraham,/ˌɡi.ɡi ɡəˈra.ham/
gigi geraham,[ˌɡi.ɡi ɡəˈra.ham]
gigit,/ˈɡiɡit/
gigit,[ˈɡi.ɡɪt̪̚]
gigitan,/ɡiˈɡitan/
gigitan,[ɡiˈɡi.t̪an]
gila,/ˈɡila/
gila,[ˈɡi.la]
gila perempuan,/ˈɡila pərəmˈpuan/
gila-gilaan,/ˈɡi.la ɡiˈla.ʔan/
gilap,/ˈɡilap/
gilap,[ˈɡi.lap̚]
gilda,/ˈɡɪl.da/
gilik,/ˈɡilɪk̚/
giling,/ˈɡiliŋ/
giling,[ˈɡi.lɪŋ]
gilir,/ˈɡilir/
gilir,[ˈɡi.lɪr]
gim,/ˈɡim/
gim,[ˈɡim]
gimbot,/ˈɡimbot/
gimbot,[ˈɡim.bɔt̪̚]
gimnasium,/ɡɪmnaˈsiʊm/
gincu,/ˈɡint͡ʃu/
gincu,[ˈɡiɲ.t͡ʃu]
ginekomastia,[ɡinekoˈmasti]
ginekomastia,[ɡinekoˈmastia̯]
ginerak,[ɡinəˈrak̚]
gingivitis,/ɡinɡiˈvitis/
gingivitis,[ɡin.ɡiˈfi.t̪ɪs]
ginjal,/ˈɡind͡ʒal/
ginjal,[ˈɡiɲ.d͡ʒal]
ginseng,/ˈɡin.seŋ/
ginseng,[ˈɡin.sɛŋ]
giok,/ˈɡiok/
giok,/ˈɡjok/
giok,/ˈɡjoʔ/
giok,[ˈɡi.ɔk̚]
giok,[ˈɡjɔk̚]
giok,[ˈɡjɔʔ]
gioza,/ɡiˈoza/
gioza,[ɡiˈo.za]
gir,/ˈɡir/
gir,[ˈɡɪr]
girang,/ˈɡi.raŋ/
girang,[ˈɡi.raŋ]
giri,/ɡi.ri/
girik,/ˈɡirik/
girik,[ˈɡi.rɪk̚]
girilaya,[ɡi.riˈla.ja]
giro,/ˈɡiro/
giro,[ˈɡi.ro]
giroskop,/ɡiˈroskop/
giroskop,[ɡiˈros.kɔp̚]
gisella,/ɡiˈsela/
gita,/ɡi.ta/
gitar,/ˈɡitar/
gitar,[ˈɡi.t̪ar]
gitar akustik,/ˌɡitar aˈkustik/
gitar akustik,[ˌɡi.t̪ar aˈkus.t̪ɪk̚]
gitar bas,/ˌɡitar ˈbas/
gitar bas,[ˌɡi.t̪ar ˈbas]
gitar tenor,/ˌɡitar təˈnor/
gitar tenor,[ˌɡi.t̪ar t̪əˈnɔr]
giung,/ˈɡiuŋ/
giung,[ˈɡi.ʊŋ]
gizi,[ˈɡi.zi]
gke,/ɡeˈka.e/
gke,[ɡeˈka.e]
gkjw,/ɡe.kaˈd͡ʒe.we/
gkjw,[ɡe.kaˈd͡ʒe.we]
gladi,/ɡla.di/
glandula,/ɡlanˈdu.la/
glek glek,/ˌɡlək ˈɡlək/
glek glek,[ˌɡlək̚ ˈɡlək̚]
glenmore,/ˈɡlɛnmor/
glenmore,[ˈɡlɛn.mor]
gletser,/ˈɡlɛtsər/
glikogen,/ɡliˈkoɡɛn/
gliter,[ˈɡli.t̪ər]
global,/ˈɡlobal/
global,[ˈɡlo.bal]
globalisasi,/ɡlo.ba.liˈsa.si/
globalisasi,[ɡlo.ba.liˈsa.si]
globalisme,/ɡlobalˈɪsmə/
globe,/ˈɡlobə/
globe,[ˈɡlo.bə]
glosarium,[ɡlosaˈriʊm]
glosolalia,/ɡlosolaˈlia/
glosolalia,[ɡlo.so.laˈli.a]
gnb,/ɡɛˈɛnbɛ/
gnb,[ɡɛˈɛn.bɛ]
go,/ˈɡo/
go,[ˈɡo]
goban,/ɡo.ban/
gocap,/ˈɡot͡ʃap/
gocap,[ˈɡo.t͡ʃap̚]
goceng,/ˈɡot͡ʃɛŋ/
goceng,[ˈɡo.t͡ʃɛŋ]
gocujang,[ɡoˈt͡ʃud͡ʒʌŋ]
godam,/ˈɡodam/
godam,[ˈɡo.dam]
gogor,/ˈɡoɡor/
gogor,[ˈɡo.ɡɔr]
gojin,/ˈɡod͡ʒin/
gojin,[ˈɡo.d͡ʒɪn]
gokel,/ˈɡo.kel/
gokel,[ˈɡo.kɛl]
gokil,/ˈɡɔkil/
gokil,[ˈɡɔ.kɪl]
gol,[ˈɡɔl]
gol bunuh diri,/ˌɡol ˌbunuh ˈdiri/
gol bunuh diri,[ˌɡɔl ˌbu.nʊh ˈdi.ri]
golf,/ˈɡol(ĕ)f/
golkar,/ˈɡolkar/
golkar,[ˈɡol.kar]
golok,/ˈɡolok/
golok,[ˈɡo.lɔk̚]
golongan,/ɡoˈloŋan/
golongan,[ɡoˈlo.ŋan]
golput,/ˈɡolput/
golput,[ˈɡol.pʊt̪̚]
gom,/ˈɡom/
gom,[ˈɡom]
gombak,/ˈɡɔmbaʔ/
gombak,[ˈɡom.baʔ]
gombal,/ˈɡombal/
gombal,[ˈɡom.bal]
gonadotrofin,/ɡonadoˈtrofin/
gonadotrofin,[ɡo.na.doˈt̪ro.fɪn]
gondang-gondang,/ˈɡɔndaŋ ˈɡɔndaŋ/
gondok,[ˈɡɔndɔk̚]
gondol,/ˈɡondol/
gondol,[ˈɡon.dɔl]
gongso,/ˈɡoŋso/
gongso,[ˈɡoŋ.so]
gongyo,/ɡon.ɡʲo/
gongyo,/ɡɔn.ɡʲɔ/
gongyo,/ɣon.ɣʲo/
gongyo,/ɣɔn.ɣʲɔ/
goni,/ˈɡoni/
goni,[ˈɡo.ni]
goniometri,/ɡo.ni.o.ˈme.tri/
gonore,[ɡoˈno.re]
gopek,/ˈɡopɛʔ/
gopek,[ˈɡo.pɛʔ]
gor,/ˈɡor/
gor,[ˈɡɔr]
gorden,/ˈhordɛn/
gorden,/ˈhɔrdɛŋ/
gorden,/ˈkordɛn/
gorden,/ˈɡordɛn/
gorden,[ˈhor.dɛn]
gorden,[ˈhɔr.dɛŋ]
gorden,[ˈkor.dɛn]
gorden,[ˈɡor.dɛn]
goreng,/ˈɡoreŋ/
goreng,[ˈɡo.rɛŋ]
gorengan,[ɡoreˈŋan]
gosong,/ˈɡosoŋ/
gosong,[ˈɡo.sɔŋ]
got,[ˈɡɔt]
gotong royong,/ɡo.toŋ ro.joŋ/
governansi,/ɡovərˈnansi/
governansi,[ɡo.fərˈnan.si]
goyang dumang,/ˌɡojaŋ ˈdumaŋ/
goyang dumang,[ˌɡo.jaŋ ˈdu.maŋ]
gpm,/ɡeˈpe.ɛm/
gpm,[ɡeˈpe.ɛm]
gpph,/ɡe.pe.ˈpe.ha/
gracia,/ˈɡrasi(j)a/
grad,[ˈɡrat]
gradasi,/ɡraˈdasi/
gradasi,[ɡraˈda.si]
gradien,[ɡraˈd̪iɛn]
gradualisme,/ɡraduaˈlismə/
gradualisme,[ɡra.du.aˈlis.mə]
graduasi,/ɡraduˈasi/
graduasi,[ɡra.duˈa.si]
graf,/ˈɡraf/
grafik,[ˈɡrafik̚]
grafik perjalanan kereta api,/ˌɡra.fik pər.d͡ʒaˌla.nan ˌkə.rə.ta ˈa.pi/
grafik perjalanan kereta api,[ˌɡra.fɪk̚ pər.d͡ʒaˌla.nan ˌkə.rə.t̪a ˈa.pi]
grafika,[ɡraˈfika]
grafis,[ˈɡrafɪs]
grafit,/ˈɡrafit/
grafit,[ˈɡra.fɪt̪̚]
graha,/ˈɡraha/
graha,[ˈɡra.ha]
grahita,/ɡra.hi.ta/
gram,[ˈɡram]
gramatika,/ɡramaˈtika/
gramatika,[ɡra.maˈt̪i.ka]
granat,/ɡra.nat̚/
granat,[ɡə̆ˈra.nat̚]
granat,[ˈɡranat̚]
granit,/ˈɡranit/
granit,[ˈɡra.nɪt̪̚]
granul,/ˈɡranul/
granul,[ˈɡra.nʊl]
grasi,[ˈɡrasi]
gratifikasi,/ɡratifiˈkasi/
gratifikasi,[ɡra.t̪i.fiˈka.si]
gratis,/ˈɡratis/
gratis,[ˈɡra.t̪ɪs]
gratisan,/ɡraˈtisan/
gratisan,[ɡraˈt̪i.san]
graver,[ˈɡraver]
gravi,[ˈɡravi]
gravir,/ˈɡra.fɪr/
gravir,/ˈɡra.vɪr/
gravitasi,/ɡraviˈtasi/
greha,/ɡrə.ha/
grendel,[ˈɡrɛn.dɛl]
gresik,/ɡrəˈsɪk̚/
griya,[ˈɡrija]
grup,/ˈɡrʊp̚/
gua,/ˈɡua/
gua,/ˈɡwa/
gua,[ˈɡu.a]
gua,[ˈɡwa]
guam,/ˈɡuam/
guam,[ˈɡu.am]
gubernemen,[ɡubərnəˈmɛn]
gubernur,/ɡubərnʊr/
gubernur jenderal,/ɡubərˈnʊr d͡ʒənd̪əˈral/
guci,/ˈɡut͡ʃi/
guci,[ˈɡu.t͡ʃi]
gudang,/ˈɡudaŋ/
gudang,[ˈɡu.daŋ]
gudang berikat,/ˌɡudaŋ bəˈrikat/
gudang berikat,[ˌɡu.daŋ bəˈri.kat̪̚]
gudeg,/ˈɡu.dək/
gudeg,[ˈɡu.dək̚]
gue,/ˈɡwe/
gue,[ˈɡwe]
gugat,/ˈɡuɡat/
gugat,[ˈɡu.ɡat̪̚]
gugatan,/ɡuˈɡatan/
gugatan,[ɡuˈɡa.t̪an]
gugup,/ˈɡuɡup/
gugup,[ˈɡu.ɡʊp̚]
gugupkan,/ɡuˈɡʊp̚.kan/
gugur,/ˈɡuɡur/
gugur,[ˈɡu.ɡʊr]
gugus,/ˈɡuɡʊs/
gugus tugas,/ˌɡuɡus ˈtuɡas/
gugus tugas,[ˌɡu.ɡʊs ˈt̪u.ɡas]
guinea khatulistiwa,/ɡuiˌnea xatulisˈtiwa/
guinea khatulistiwa,/ˌɡini katulisˈtiwa/
guinea khatulistiwa,[ɡu.iˌne.a xa.t̪u.lisˈt̪i.wa]
guinea khatulistiwa,[ˌɡi.ni ka.t̪u.lisˈt̪i.wa]
gujes,/ˈɡud͡ʒəs/
gujes,[ˈɡu.d͡ʒəs]
gul,/ˈɡul/
gul,[ˈɡʊl]
gula,/ˈɡula/
gula,[ˈɡu.la]
gula pasir,/ˌɡu.la ˈpa.sir/
gula pasir,[ˌɡu.la ˈpa.sɪr]
gula pereduksi,/ˈɡula pəreˈdʊksi/
gula rafinasi,[ˈɡula rafiˈnasi]
gulai,[ˈɡulai̯]
gulana,/ɡulana/
gulma,[ˈɡʊlma]
gulud,/ˈɡulʊt̚/
gun,/ˈɡun/
gun,[ˈɡun]
guna,/ɡuna/
guna-guna,/ˈɡuna ˈɡuna/
gunakan,/ɡuˈnakan/
gunakan,[ɡuˈna.kan]
gunawan,/ɡuˈnawan/
gunawan,[ɡuˈna.wan]
gundah,/ˈɡundah/
gundah,[ˈɡun.dah]
gundal,/ˈɡundal/
gundal,[ˈɡun.dal]
gundik,/ˈɡundiʔ/
gundul,/ˈɡundul/
gundul,[ˈɡun.dʊl]
gunduli,/ɡunˈduli/
gunduli,[ɡunˈdu.li]
gundulkan,/ɡunˈdulkan/
gundulkan,[ɡunˈdul.kan]
gunseibu,/ɡun.sei.bu/
gunseikan,/ɡun.sei.kan/
gunting,/ˈɡuntiŋ/
gunting,[ˈɡun̪.t̪ɪŋ]
guntingan pers,[ɡunˈtɪnɡan ˈpɛrs]
gunung,/ˈɡunuŋ/
gunung,[ˈɡu.nʊŋ]
gurab,/ˈɡurab/
gurab,[ˈɡu.rap̚]
gurami,/ɡu.ˈra.mi/
gurau,/ˈɡurau̯/
gurau,[ˈɡu.rau̯]
gurih,/ˈɡurih/
gurih,[ˈɡu.rɪh]
gurita,/ɡuˈrita/
gurita,[ɡuˈri.t̪a]
guro,/ˈɡuro/
guro,[ˈɡu.ro]
guru,/ˈɡuru/
guru,[ˈɡu.ru]
guru besar,[ˈɡuru bəˈsar]
guru pamong,/ˌɡu.ru ˈpa.moŋ/
guru pamong,[ˌɡu.ru ˈpa.mɔŋ]
guru pendamping,/ˌɡuru pənˈdampiŋ/
guru pendamping,[ˌɡu.ru pənˈdam.pɪŋ]
gurun,[ˈɡurun]
gus,/ˈɡus/
gus,[ˈɡʊs]
gusi,/ˈɡusi/
gusi,[ˈɡu.si]
gustatori,/ɡustaˈtori/
gustatori,[ɡus.t̪aˈt̪o.ri]
gusti,[ˈɡʊsti]
guyur,/ˈɡujur/
guyur,[ˈɡu.jʊr]
gyoza,[ˈɡʲoza]
h,/h/
h,/ha/
ha,/ha/
ha,[ha]
habel,/habel/
habil,/habɪl/
habis,[ˈhabɪs]
habis pakai,/ˌha.bis ˈpa.kai̯/
habis pakai,[ˌha.bɪs ˈpa.kai̯]
habitat,/haˈbitat/
habitat,[haˈbi.t̪at̪̚]
habituasi,/habituˈasi/
habituasi,[ha.bi.t̪uˈa.si]
habitus,/haˈbitus/
habitus,[haˈbi.t̪ʊs]
hablur,[hab̚ˈlʊr]
hacim,[hat͡ʃɪm]
had,/ˈhat/
had,[ˈhat̪̚]
hadap,/ˈhadap/
hadap,[ˈha.dap̚]
hadapan,/haˈdapan/
hadapan,[haˈda.pan]
hadas,/ˈhadas/
hadiah,/haˈdiah/
hadiah,[haˈdi.ah]
hadiah hiburan,/haˌdiah hiˈburan/
hadiah hiburan,[haˌdi.ah hiˈbu.ran]
hadiah penghibur,/haˌdiah pəŋˈhibur/
hadiah penghibur,[haˌdi.ah pəŋˈhi.bʊr]
hadiharjono,/hadiharˈd͡ʒono/
hadiharjono,[ha.di.harˈd͡ʒo.no]
hadir,/ha.dɪr/
hadirat,/haˈdirat/
hadirat,[haˈdi.rat̪̚]
hadirin,/haˈdirɪn/
hadis,/ˈhadis/
hadis,[ˈha.dɪs]
hadramaut,/hadraˈmaut/
hadramaut,[hat̪̚.raˈma.ʊt̪̚]
hadrami,/hadˈrami/
hadrami,[hat̪̚ˈra.mi]
hafal,/ˈhafal/
hafal,[ˈha.fal]
hafalan,/haˈfalan/
hafalan,[haˈfa.lan]
hafalkan,/haˈfalkan/
hafalkan,[haˈfal.kan]
hafiz,/ˈhafiz/
hafiz,[ˈha.fɪz]
hafizah,/haˈfizah/
hafizah,[haˈfi.zah]
haflah,/ˈhaflah/
haflah,[ˈhaf.lah]
hagai,/ˈhaɡai̯/
hagai,[ˈha.ɡai̯]
hagio-,[haɡio̯]
hai,/haɪ/
haid,/ˈhaid/
haid,[ˈha.ɪt̪̚]
haiku,/ˈhai̯ku/
haiku,[ˈhai̯.ku]
hajar,[ˈhad͡ʒar]
hajat,/ˈhad͡ʒat/
hajat,[ˈha.d͡ʒat̪̚]
haji,/ˈhad͡ʒi/
haji,[ˈha.d͡ʒi]
hak,/ˈhaʔ/
hak,[ˈhaʔ]
hak asasi manusia,/ˌhaʔ aˌsasi manuˈsia/
hak asasi manusia,[ˌhaʔ aˌsa.si ma.nuˈsi.a]
hak berdiri,/ˌhak bərˈdiri/
hak berdiri,[ˌhak̚ bərˈdi.ri]
hak cipta,/ˌhak ˈt͡ʃip.ta/
hak cipta,[ˌhak̚ ˈt͡ʃip̚.t̪a]
hak pengarang,/ˈhak̚ pəˈŋaraŋ/
hakam,/ˈhakam/
hakam,[ˈha.kam]
haki,/ˈha.ki/
hakikat,[haˈkikat̪̚]
hakim,/ˈhakɪm/
hakim agung,/ˌha.kim ˈa.ɡuŋ/
hakim agung,[ˌha.kɪm ˈa.ɡʊŋ]
hal,/hal/
hala,/ˈhala/
hala,[ˈha.la]
halal,/ˈhalal/
halal,[ˈha.lal]
halalbihalal,/halalbiˈhalal/
halalbihalal,[ha.lal.biˈha.lal]
halaman,/haˈlaman/
halaman,[haˈla.man]
halang,[ˈhalaŋ]
halangan,[haˈlaŋan]
haleluya,[ha.leˈlu.ja]
halia,/haˈlia/
halia,[haˈli.a]
halilintar,/haliˈlintar/
halilintar,[ha.liˈlin̪.t̪ar]
halim,/ˈhalim/
halim,[ˈha.lɪm]
halma,/ˈhalma/
halma,[ˈhal.ma]
halo,/ˈhalo/
halo,[ˈha.lo]
haloq,/ˈhaloʔ/
haloq,[ˈha.lɔʔ]
halsduk,/ˈhalsduk/
halsduk,[ˈhals.dʊk̚]
halte,/ˈhaltə/
halte,[ˈhal.t̪ə]
halte bus,/ˌhal.tə ˈbus/
halte bus,[ˌhal.t̪ə ˈbʊs]
halu,/haˈlu/
haluan,/haˈluan/
haluan,[haˈlu.an]
halus,/ˈhalus/
halus,[ˈha.lʊs]
halusinasi,/halusiˈnasi/
ham,[ˈham]
hama,/ˈhama/
hama,[ˈha.ma]
hamba,/ˈhamba/
hamba,[ˈham.ba]
hambar,/ˈhambar/
hambar,[ˈham.bar]
hambatan,/hamˈbatan/
hambatan udara,/hamˈbatan ˈʊdara/
hamburan,/hamˈburan/
hamburan,[hamˈbur.an]
hamil,/ˈhamil/
hamil,[ˈha.mɪl]
hamil anggur,/ˈhamɪl ˈaŋɡʊr/
hamili,/haˈmili/
hamili,[haˈmi.li]
hamilin,/haˈmi.lin/
hamilkan,/haˈmilkan/
hamilkan,[haˈmil.kan]
haminte,/haˈmintə/
haminte,[haˈmin̪.t̪ə]
hampa udara,/ˈhampa ˈʊdara/
hamparan,/hamˈparan/
hamparan,[hamˈpa.ran]
hamper,/ˈhampər/
hamper,/ˈhɛmpər/
hamper,[ˈham.pər]
hamper,[ˈhem.pər]
hampir,/ham.pir/
hampiri,/hamˈpiri/
hampiri,[hamˈpi.ri]
hana,/ˈhana/
hana,[ˈha.na]
hanami,[haˈnami]
hancur,/ˈhant͡ʃur/
hancur,[ˈhaɲ.t͡ʃʊr]
handai,/ˈhan.dai̯/
handai,[ˈhan.dai̯]
handak,/ˈhandak/
handak,[ˈhan.dak̚]
handal,/handal/
handasah,/hanˈdasah/
handel,/ˈhan.dəl/
handelar,/hanˈdəlar/
handoko,/hanˈdoko/
handoko,[hanˈdo.ko]
handschoen,/han.s(ə)kʊn/
handschoen,/hant̚skʊn/
handuk,/ˈhanduk/
handuk,[ˈhan.dʊk̚]
hang,/ˈhaŋ/
hangat,/ˈhaŋat/
hangat,[ˈha.ŋat̪̚]
hanger,/ˈhaŋər/
hanger,[ˈha.ŋər]
hanggar,[ˈhaŋɡar]
hangus,/ˈhaŋus/
hangus,[ˈha.ŋʊs]
hankam,/ˈhan.kam/
hansaplas,/hanˈsaplas/
hansaplas,[hanˈsa.plas]
hansip,/ˈhansip/
hansip,[ˈhan.sɪp̚]
hantam,[ˈhantam]
hantam kromo,[ˈhantam ˈkromo]
hantar,/ˈhantar/
hantar,[ˈhan̪.t̪ar]
hantarkan,/hanˈtarkan/
hantarkan,[han̪ˈt̪ar.kan]
hantu,/ˈhantu/
hantu,[ˈhan̪.t̪u]
hanya,/ˈhaɲa/
hanya,[ˈha.ɲa]
hanyut,/ˈhaɲut/
hanyut,[ˈha.ɲʊt̪̚]
hanzi,/han.zi/
haori,/haˈori/
haori,[haˈo.ri]
hapus,[ˈhapʊs]
hapus buku,/ˌhapus ˈbuku/
hapus buku,[ˌha.pʊs ˈbu.ku]
hara,/ˈha.ra/
haram,[ˈharam]
harap,/ha.rap/
harapan,/ha.ˈrap.an/
harem,[ˈharəm]
harfiah,[harˈfiah]
harga,/ˈharɡa/
harga,[ˈhar.ɡa]
harga diri,/ˌharɡa ˈdiri/
harga diri,[ˌhar.ɡa ˈdi.ri]
harga khusus,/ˌhar.ɡa ˈxu.sus/
harga khusus,[ˌhar.ɡa ˈxu.sʊs]
harga terendah,/ˈhar.ɡa tə.rən.ˈdah/
hargai,/harˈɡai/
hari,/ˈhari/
hari,[ˈha.ri]
hari bulan,/ˈhari ˈbulan/
hari ini,/ha.ri ˈi.ni/
hari jadi,/ˌhari ˈd͡ʒadi/
hari jadi,[ˌha.ri ˈd͡ʒa.di]
hari kejepit nasional,/ˌha.ri ˌkə.d͡ʒə.pit na.siˈo.nal/
hari kejepit nasional,[ˌha.ri ˌkə.d͡ʒə.pɪt̪̚ na.siˈo.nal]
hari lahir,/ˌhari ˈlahir/
hari lahir,[ˌha.ri ˈla.hɪr]
hari libur,/ˈhari ˈlibʊr/
hari raya,[ˈhari ˈraja]
hari terjepit nasional,/ˌha.ri ˌtər.d͡ʒə.pit na.siˈo.nal/
hari terjepit nasional,[ˌha.ri ˌt̪ər.d͡ʒə.pɪt̪̚ na.siˈo.nal]
hari ulang tahun,/ˌhari ˌulaŋ ˈtahun/
hari ulang tahun,[ˌha.ri ˌu.laŋ ˈt̪a.hʊn]
hari-h,/ˈhari ha/
hari-h,[ˈha.ri ha]
harian,[haˈriʲan]
harimau,/haˈrimau̯/
harimau,[haˈri.mau̯]
harjono,/harˈd͡ʒono/
harjono,/haˈrjono/
harjono,[harˈd͡ʒo.no]
harjono,[haˈrjo.no]
harmoni,[harˈmoni]
harmonik,[harˈmonɪk̚]
harmonika,[harmoˈnika]
harmonis,[harˈmonɪs]
harmonisasi,/har.mo.ni.ˈsa.si/
harnal,[ˈharnal]
harpitnas,/harˈpitnas/
harpitnas,[harˈpit̪̚.nas]
harsoyo,/harˈsojo/
harsoyo,[harˈso.jo]
harta,/har.ta/
harta benda,/ˌharta bənˈda/
harta benda,[ˌhar.t̪a bənˈda]
harta karun,/ˌharta ˈkarun/
harta karun,[ˌhar.t̪a ˈka.rʊn]
harta milik,/ˈharta ˈmilɪʔ/
hartal,/ˈhartal/
hartal,[ˈhar.t̪al]
hartono,/harˈto.no/
hartono,[harˈt̪o.no]
harum,[ˈharʊm]
harus,/ˈharus/
harus,[ˈha.rʊs]
haruslah,/haˈruslah/
haruslah,[haˈrus.lah]
haryono,/haˈrjono/
haryono,[haˈrjo.no]
has,[ˈhas]
hasad,/ˈhasat̚/
hasil,/ˈhasil/
hasil,[ˈha.sɪl]
hasilkan,/haˈsilkan/
hasilkan,[haˈsil.kan]
hasta,/has.ta/
hasta karya,[ˈhasta ˈkarja]
hasutan,/haˈsu.tan/
hasyim,/ˈha.ʃim/
hasyim,[ˈha.ʃɪm]
hasyis,/ˈhaʃɪs/
hati,/ˈhati/
hati,[ˈha.t̪i]
hatta,/hat.ta/
haudah,/haˈudah/
haudah,[haˈu.dah]
haus,/ˈha.ʊs/
havana,/haˈva.na/
havana,[haˈfa.na]
haver,/ˈha.vər/
haver,[ˈha.fər]
havermut,/ˈha.vər.mut/
havermut,[ˈha.fər.mʊt̪̚]
hawa,/ˈhawa/
hawa,[ˈha.wa]
hawu,/ˈhawu/
hawu,[ˈha.wu]
hayat,/ˈhajat/
hayat,[ˈha.jat̪̚]
hayati,/ha.ja.ti/
hechting,/hɛk̚tɪŋ/
hedon,/ˈhedon/
hedon,[ˈhe.dɔn]
hedonis,/heˈdonis/
hedonis,[heˈdo.nɪs]
hedonisme,/hedoˈnismə/
hedonisme,[he.doˈnis.mə]
hedonistik,/hədoˈnistik/
hedonistik,[hə.doˈnis.t̪ɪk̚]
hedonistis,/hədoˈnistis/
hedonistis,[hə.doˈnis.t̪ɪs]
heiho,/hei.ho/
heksa-,[ˈhɛksa]
heksagon,/heʔˈsa.ɡon/
heksana,/hɛk.sa.na/
heksana,/hɛks.a.na/
hektare,[hɛʔˈt̪arə]
hekto-,[ˈhɛkto]
hela,[ˈhela]
helai,[həˈlai̯]
helai,[ˈhelai̯]
helaian daun,/həˌlajan ˈdaun/
helaian daun,[həˌla.jan ˈda.ʊn]
helikopter,/he.li.ˈkɔp.tər/
helm,[ˈhɛləm]
hem,[ˈhəm]
hem,[ˈhɛm]
hemat,[ˈhɛmat̪̚]
hematuri,[hemaˈturi]
hembus,/həmˈbus/
hembus,[həmˈbʊs]
hemi-,[ˈhemi]
hemisfer,/heˈmi.sfɛr/
hemoglobin,/hemoˈɡlobin/
hemoglobin,[he.moˈɡlo.bɪn]
hemolisis,[hemoˈlisɪs]
hemolitik,/hemoˈlitik/
hemolitik,[he.moˈli.t̪ɪk̚]
hemoptisis,[hemɔpˈtisɪs]
hemoroid,[hemoˈroit̚]
henbodi,/henˈbo.di/
henbodi,[henˈbo.di]
hendak,/hənˈdaʔ/
hendaki,/hənˈdaki/
hendaki,[hənˈda.ki]
hendel,/ˈhen.dəl/
hendroto,/hənˈdroto/
hendroto,[hənˈdro.t̪o]
henep,/ˈhɛnəp/
henep,[ˈhɛ.nəp̚]
heng,/hɛŋ/
hentai,/hɛn.tai̯/
henti,/hən̪.ˈt̪i/
henti jantung,/ˈhən̪.t̪i ˈd͡ʒän̪.t̪uŋ/
hentilah,/hənˈtilah/
hentilah,[hən̪ˈt̪i.lah]
hepar,/ˈhepar/
hepar,[ˈhe.par]
hepta-,/hepta/
heptana,/hep.ta.na/
herbarium,/hɛr.ba.ˈri.ʊm/
herbisida,/hɛrbiˈsida/
herbivor,/hərˈbivor/
herbivor,[hərˈbi.fɔr]
herediter,/hereˈditɛr/
herediter,[he.reˈdi.t̪ɛr]
heregistrasi,[hereɡɪsˈt̪rasi]
hering,/ˈheriŋ/
hering,[ˈhe.rɪŋ]
hermanto,/herˈmanto/
hermanto,[herˈman̪.t̪o]
hermono,/hərˈmono/
hermono,[hərˈmo.no]
heroik,/heˈro.ik/
heroik,[heˈro.ɪk̚]
heroin,/həˈroin/
heroin,[həˈro.ɪn]
herpes,/ˈhɛrpɛs/
herpes,[ˈhɛr.pɛs]
het,/haˈe.te/
het,[haˈe.t̪e]
hetero-,[hetero]
heterogen,/he.te.ˈro.ɡɛn/
heterogenitas,/he.te.ro.ɡe.ˈni.tas/
heteroskedastisitas,/heteroskedastiˈsitas/
heteroskedastisitas,[he.t̪e.ros.ke.das.t̪iˈsi.t̪as]
heterotrof,/he.te.ro.trof/
heuristik,/heuˈristik/
heuristik,[he.uˈris.t̪ɪk̚]
hewan,/ˈhewan/
hewani,/heˈwani/
hgb,/ha.ˈɡe.be/
hi,/haˈ(ʔ)i/
hias,/ˈhias/
hias,[ˈhi.as]
hiasi,/hiˈasi/
hiasi,[hiˈa.si]
hiatus,/hiˈatus/
hiatus,[hiˈa.t̪ʊs]
hibah,/ˈhibah/
hibrida,/hiˈbrida/
hiburan,/hiˈbu.ran/
hiburan,[hiˈbu.ran]
hidang,/ˈhidaŋ/
hidang,[ˈhi.daŋ]
hidangan,[hiˈdaŋan]
hidayah,/hiˈdajah/
hidran,/ˈhidran/
hidran,[ˈhi.dran]
hidrargilit,/hidrarˈɡilit/
hidrargilit,[hit̪̚.rarˈɡi.lɪt̪̚]
hidrasi,/hiˈdrasi/
hidrasi,[hiˈdra.si]
hidraulika,/hi.drau̯ˈli.ka/
hidraulika,/hi.droˈli.ka/
hidraulika,[hi.drau̯ˈli.ka]
hidraulika,[hi.droˈli.ka]
hidraulis,/hiˈdrau̯lis/
hidraulis,[hiˈdrau̯.lɪs]
hidro-,[hidro]
hidrofor,/hidˈrofor/
hidrofor,[hit̪̚ˈro.fɔr]
hidrogen,/hiˈdroɡɛn/
hidrogen,[hiˈdro.ɡɛn]
hidrogen asetat,/hiˌdroɡɛn aˈsetat/
hidrogen asetat,[hiˌdro.ɡɛn aˈse.t̪at̪̚]
hidrogen peroksida,/hiˌdroɡɛn pərokˈsida/
hidrogen peroksida,[hiˌdro.ɡɛn pə.rok̚ˈsi.da]
hidrokarbon,/hi.dro.ˈkar.bɔn/
hidrolik,/hidˈrolik/
hidrolik,[hit̪̚ˈro.lɪk̚]
hidrolika,/hid.roˈli.ka/
hidrolika,[hit̪̚.roˈli.ka]
hidrologi,/hidroˈloɡi/
hidrologi,[hi.droˈlo.ɡi]
hidung,/ˈhiduŋ/
hidung,[ˈhi.dʊŋ]
hidup,/ˈhidup/
hidup,[ˈhi.dʊp̚]
hiduplah,/hiˈduplah/
hiduplah,[hiˈdup̚.lah]
hierarki,/hieˈrarki/
hierarki,[hi.eˈrar.ki]
hierarkis,/hiəˈrarkis/
hierarkis,[hi.əˈrar.kɪs]
higiene,/hiɡiˈenə/
higiene,[hi.ɡiˈe.nə]
hijau,/ˈhid͡ʒau̯/
hijau,[ˈhi.d͡ʒau̯]
hijau botol,/ˈhi.d͡ʒau̯ ˈbo.tɔl/
hijau daun,/ˈhi.d͡ʒau̯ ˈda.ʊn/
hijau jelak,/de.ˈwaŋ.ɡa/
hijau kaki,/ˈhi.d͡ʒau̯ ˈka.ki/
hijau laut,/ˈhi.d͡ʒau̯ ˈla.ʊt/
hijau lumut,/ˈhi.d͡ʒau̯ ˈlu.mʊt/
hijau nuri,/ˈhi.d͡ʒau̯ ˈnu.ri/
hijau pelangi,/ˈhi.d͡ʒau̯ pə.ˈla.ŋi/
hijau pupus,/ˈhi.d͡ʒau̯ ˈpu.pʊs/
hijau rumput,/ˈhi.d͡ʒau̯ ˈrʊm.pʊt/
hijau tembaga,/ˈhi.d͡ʒau̯ təm.ˈba.ɡa/
hijau tentara,/ˈhi.d͡ʒau̯ tən.ˈta.ra/
hijau zamrud,/ˈhi.d͡ʒau̯ ˈzam.rʊt/
hijrah,/ˈhid͡ʒrah/
hijrah,[ˈhid͡ʒ.rah]
hijriah,/hid͡ʒriah/
hikayat,/hi.ˈka.jat/
hikikomori,/hikikoˈmori/
hikikomori,[hi.ki.koˈmo.ri]
hikmah,/hikmah/
hikmat,/ˈhɪkmat̚/
hilang,/ˈhilaŋ/
hilang,[ˈhi.laŋ]
hilir,[ˈhilɪr]
hima,/ˈhima/
hima,[ˈhi.ma]
himpun,/ˈhimpun/
himpun,[ˈhim.pʊn]
himpunan,/himˈpunan/
himpunan,[himˈpu.nan]
himpunan kosong,/hɪmˈpʊnan ˈkosɔŋ/
himpunan penyelesaian,/himˌpu.nan pə.ɲə.ləˈsa.jan/
himpunan penyelesaian,[himˌpu.nan pə.ɲə.ləˈsa.jan]
hina,/ˈhina/
hina,[ˈhi.na]
hindar,/ˈhɪn.dar/
hingga,[ˈhiŋɡa]
hinggap,[ˈhiŋ.ɡap̚]
hinomaru,/hinoˈmaru/
hinomaru,[hi.noˈma.ru]
hio,/ˈhio̯/
hiolo,/hiˈolo/
hiolo,[hiˈo.lo]
hiper-,[hipər]
hiperaktivitas,/hi.pər.ak.ti.ˈvi.tas/
hiperaldosteronisme,/hipəraldosteronˈismə/
hiperaldosteronisme,[hi.pər.al.dos.t̪e.ronˈis.mə]
hiperemia,/hipəreˈmia/
hiperemia,[hi.pə.reˈmi.a]
hiperemis,/hipərˈemis/
hiperemis,[hi.pərˈe.mɪs]
hiperkes,/ˈhipərkəs/
hiperkes,[ˈhi.pər.kəs]
hipernim,/hipərˈnɪm/
hipersalin,/hipərˈsalin/
hipersalin,[hi.pərˈsa.lɪn]
hipertensi,/hipərˈtensi/
hipertradisional,[hipərtradisiˈonal]
hipo-,[hipo]
hipofisis,/hipoˈfisis/
hipofisis,[hi.poˈfi.sɪs]
hipoglikemia,[hipoɡliˈkɛmi]
hipoglikemia,[hipoɡliˈkɛmia̯]
hipokondria,/hipokonˈdria/
hipokondria,[hi.po.konˈdri.a]
hipospadia,/hipoˈspadia̯/
hipotek,/hiˈpotɛk/
hipotek,[hiˈpo.t̪ɛk̚]
hipotensi,/hi.pɔˈtɛn.si/
hipotenusa,/hipotəˈnusa/
hipotermi,[hipoˈtɛrmi]
hipotermia,[hipoˈtɛrmia̯]
hipotesa,/hi.po.ˈte.sa/
hipotesis,/hiˈpotəsis/
hipotesis,[hiˈpo.t̪ə.sɪs]
hirup,/ˈhirup/
hirup,[ˈhi.rʊp̚]
hisab,/ˈhisab/
hisab,[ˈhi.sap̚]
hisop,/ˈhisop/
hisop,[ˈhi.sɔp̚]
histogram,/hisˈtoɡram/
histogram,[hisˈt̪o.ɡram]
histori,/hisˈtori/
histori,[hisˈt̪o.ri]
historis,[hɪsˈt̪orɪs]
hitam,/ˈhitam/
hitam,[ˈhi.t̪am]
hitam arang,/ˈhi.tam ˈa.raŋ/
hitam bogot,/ˈhi.tam ˈbo.ɡɔt/
hitam gagak,/ˈhi.tam ˈɡa.ɡaʔ/
hitam jangat,/ˈhi.tam ˈd͡ʒa.ŋat/
hitam kelam,/ˈhi.tam kə.ˈlam/
hitam kumbang,/ˈhi.tam ˈkʊm.baŋ/
hitam lakan,/ˈhi.tam ˈla.kan/
hitam legam,/ˈhi.tam lə.ˈɡam/
hitam lotong,/ˈhi.tam ˈlo.tɔŋ/
hitam manggis,/ˈhi.tam ˈmaŋ.ɡɪs/
hitam manis,/ˈhi.tam ˈma.nɪs/
hitam pekat,/ˈhi.tam pə.ˈkat/
hitam sabak,/ˈhi.tam ˈsa.baʔ/
hitam usam,/ˈhi.tam ˈu.sam/
hitamkan,/hiˈtamkan/
hitamkan,[hiˈt̪am.kan]
hitung,/ˈhituŋ/
hitung,[ˈhi.t̪ʊŋ]
hitung maju,/ˈhi.tʊŋ ˈma.d͡ʒu/
hitung mundur,/ˈhitʊŋ ˈmʊndʊr/
hiu,/ˈhiu̯/
hiu,[ˈhiu̯]
hki,/ha.ˈka.i/
ho,/ˈho/
ho,[ˈhao]
ho,[ˈho]
hoaks,[ˈhoaks]
hobi,[ˈhobi]
hode,/ˈhode/
hode,[ˈho.de]
hoki,/ˈhoki/
hoki,[ˈho.ki]
hoklopan,/hokˈlopan/
hoklopan,[hok̚ˈlo.pan]
holistis,/ho.ˈlɪs.tɪs/
homeostasis,/homeoˈstasɪs/
homiletik,/homiˈletik/
homiletik,[ho.miˈle.t̪ɪk̚]
homiletika,/homileˈtika/
homiletika,[ho.mi.leˈt̪i.ka]
homili,/hoˈmili/
homili,[hoˈmi.li]
homini,/hoˈmini/
homini,[hoˈmi.ni]
homo,/ho.mo/
homo-,[homo]
homogenitas,/homoɡeˈnitas/
homogenitas,[ho.mo.ɡeˈni.t̪as]
homologasi,/homoloˈɡasi/
homologasi,[ho.mo.loˈɡa.si]
homonim,/hoˈmonim/
homonim,[hoˈmo.nɪm]
hong,/ˈhoŋ/
hong,[ˈhoŋ]
hongaria,/hoŋɡaˈria/
hongaria,[hoŋ.ɡaˈri.a]
hongbao,/hoŋ.bao/
hongsui,[ˈhɔŋsui̯]
honje,/ˈhɔnd͡ʒe/
honji,/ˈhond͡ʒi/
honji,[ˈhoɲ.d͡ʒi]
honorarium,[honoraˈriʊm]
honorer,[hoˈnorɛr]
hook,/ˈhuk/
hook,[ˈhʊk̚]
hop,/hop/
hopagen,/hoˈpaɡɛn/
hopagen,[hoˈpa.ɡɛn]
hopbiro,/hop.bi.ro/
hopkantor,/hopˈkan.tor/
hopkantor,[hop̚ˈkan̪.t̪ɔr]
hopyes,/ˈhop.jəs/
hopyes,[ˈhop̚.jəs]
horizon,[hoˈrizɔn]
horizontal,/horiˈzontal/
horizontal,[ho.riˈzon̪.t̪al]
hormat,/ˈhormat/
hormat,[ˈhor.mat̪̚]
hormon,[ˈhɔrmɔn]
hortensia,/hortɛnˈsia/
hortensia,[hor.t̪ɛnˈsi.a]
hosea,/hoˈsea/
hosea,[hoˈse.a]
hostel,/ˈhostəl/
hostel,[ˈhos.t̪əl]
hosti,/hosti/
hotel,/ˈhotɛl/
hotel,[ˈho.t̪ɛl]
hotel prodeo,[ˈhotɛl proˈdeo̯]
hp,/ˈhape/
hp,[ˈha.pe]
hpht,/ha.peˈha.te/
hpht,[ha.peˈha.t̪e]
hts,/ha.ˈte.ɛs/
huakiau,[hu.aˈki.au̯]
hubristik,/huˈbrɪs.tɪk̚/
hubung,/ˈhu.bʊŋ/
hubungan,[huˈbʊŋan]
hubungan tanpa status,/huˌbuŋan ˌtanpa ˈstatus/
hubungan tanpa status,[huˌbu.ŋan̪ ˌt̪an.pa ˈst̪a.t̪ʊs]
hudhud,/ˈhudhud/
hudhud,[ˈhut̪̚.hʊt̪̚]
hujan,/ˈhud͡ʒan/
hujan,[ˈhu.d͡ʒan]
hujan asam,/ˈhud͡ʒan ˈasam/
hujan es,/ˌhud͡ʒan ˈes/
hujan es,/ˌhud͡ʒan ˈʔes/
hujan es,[ˌhu.d͡ʒan ˈɛs]
hujan es,[ˌhu.d͡ʒan ˈʔɛs]
hujan lebat,/ˈhud͡ʒan ləˈbat̚/
huk,/ˈhuk/
huk,[ˈhʊk̚]
hukum,/ˈhukum/
hukum,[ˈhu.kʊm]
hukum administrasi,[ˈhukʊm at̚minɪsˈtrasi]
hukuman,/huˈku.man/
hukuman mati,/huˈkʊman ˈmati/
hukuman percobaan,/huˈkʊman pərt͡ʃoˈbaan/
hulu,/ˈhulu/
hulu,[ˈhu.lu]
hulu ledak,/ˈhu.lu lə.ˈdak/
hulubalang,/huluˈbalaŋ/
hulubalang,[hu.luˈba.laŋ]
huma,/ˈhuma/
huma,[ˈhu.ma]
humaira,/humaˈira/
humaira,/huˈmai̯ra/
humaira,[hu.maˈi.ra]
humaira,[huˈmai̯.ra]
humaniora,[hu.ma.niˈo.ra]
humanis,/hu.ˈma.nɪs/
humanisme,/hu.ma.ˈnɪs.mə/
huni,/ˈhuni/
hunian,[huˈniʲan]
hunkue,[ˈhʊn.kue̯]
hunus,/ˈhunus/
hunus,[ˈhu.nʊs]
huruf,/ˈhurʊf/
huruf hidup,/ˈhurʊf ˈhidʊp̚/
huruf mati,/ˌhuruf ˈmati/
huruf mati,[ˌhu.rʊf ˈma.t̪i]
hut,/ˈhut/
hut,[ˈhʊt̪̚]
hutan,/ˈhutan/
hutan,[ˈhu.t̪an]
hutang,/ˈhutaŋ/
hutang,[ˈhu.t̪aŋ]
hutspot,/ˈhutspot/
hutspot,[ˈhut̪s.pɔt̪̚]
hyang,[hɪˈjaŋ]
hyang,[ˈhʲaŋ]
hyang,[ˈçaŋ]
i,/i/
i,/ɪ/
ia,/ˈia̯/
ialah,/ialah/
ianfu,/iˈanfu/
ianfu,[iˈan.fu]
iba,/i.ba/
ibadah,/i.ba.dah/
ibadat,/iˈbadat/
ibadat,[iˈba.dat̪̚]
iban,/ˈiban/
iban,[ˈi.ban]
ibarat,/iˈbarat/
ibarat,[iˈba.rat̪̚]
iblis,/ʔiˈblɪs/
ibliskan,/ibˈliskan/
ibliskan,[ip̚ˈlis.kan]
ibrani,/iˈbrani/
ibtidaiah,/ibtiˈdajah/
ibtidaiah,[ip̚.t̪iˈda.jah]
ibu,/ˈibu/
ibu,[ˈi.bu]
ibu baptis,/ˌi.bu ˈbap.tis/
ibu baptis,[ˌi.bu ˈbap̚.t̪ɪs]
ibu kota,/ibu ko.ta/
ibu pejabat,/ʔi.bu pəˈd͡ʒa.bat̚/
ibu permandian,/ˌi.bu pər.manˈdi.an/
ibu permandian,[ˌi.bu pər.manˈdi.an]
ibukota,/i.bu.ko.ta/
ibun,/ˈibun/
ibun,[ˈi.bʊn]
ichibos,/iˈt͡ʃibos/
ichibos,[iˈt͡ʃi.bɔs]
icibos,/iˈt͡ʃibos/
icibos,[iˈt͡ʃi.bɔs]
idap,/ˈɪdap̚/
ide,[ˈid̪e]
ideal,/iˈdeal/
ideal,[iˈde.al]
idealisme,/i.de.al.ˈɪs.mə/
idem,/ˈɪ.dəm/
idem,/ˈɪ.dɛm/
idem ditto,/ˈɪ.dəm.ˈdɪ.toʊ/
idem ditto,/ˈɪ.dɛm.ˈdɪ.toʊ/
identifikasi,[idɛntifiˈkasi]
identik,/iˈdɛntik/
identik,[iˈden̪.t̪ɪk̚]
identitas,[i.dɛnˈti.tas]
ideologi,/ideoˈloɡi/
ideologi,[i.de.oˈlo.ɡi]
idep,/ˈɪdəp̚/
ider,/idər/
idih,/ʔi.dih/
idiom,/iˈdi.ɔm/
idiopatik,/idioˈpatik/
idiopatik,[i.di.oˈpa.t̪ɪk̚]
idul adha,/ˌi.dul ˈa.da/
idul adha,[ˌi.dʊl ˈa.da]
idul fitri,/ˌidul ˈfitri/
idul fitri,[ˌi.dʊl ˈfit̪̚.ri]
iduladha,/i.dulˈa.da/
iduladha,[i.dulˈa.da]
idulfitri,/idulˈfitri/
idulfitri,[i.dulˈfit̪̚.ri]
ifrit,/ˈifrit/
ifrit,[ˈif.rɪt̪̚]
ifumi,[ˈɪfu.mi]
iga,/ˈiɡa/
iga,[ˈi.ɡa]
igd,/i.ˈɡe.de/
ihsg,/i.haˈɛs.ɡe/
ihsg,[i.haˈɛs.ɡe]
ihtiyat,/ihˈtijat/
ihtiyat,[ihˈt̪i.jat̪̚]
ijab,[ˈɪd͡ʒap̚]
ijarah,/iˈd͡ʒarah/
ijarah,[iˈd͡ʒa.rah]
ijas,/ˈi.d͡ʒas/
ijazah,/iˈd͡ʒazah/
ijazah,[iˈd͡ʒa.zah]
ijmak,/ˈid͡ʒmak/
ijmak,[ˈid͡ʒ.mak̚]
ijmal,[ˈɪd͡ʒmal]
ijon,/ˈid͡ʒon/
ijon,[ˈi.d͡ʒɔn]
ikamah,/ʔiˈka.mah/
ikan,/ˈikan/
ikan,[ˈi.kan]
ikan mas,/ˈikan mas/
ikan zebra,/ˌikan ˈzebra/
ikan zebra,[ˌi.kan ˈze.bra]
ikanan,/iˈkanan/
ikanan,[iˈka.nan]
ikat,[ˈɪkat̚]
ikat pinggang,[ˈɪkat̚ ˈpɪŋɡaŋ]
ikatan,/ˈɪkatan/
ikebana,/i.ke.ba.na/
ikhlas,/ihlas/
ikhlas,/iklas/
ikhlas,/ixlas/
ikhtiar,/ixˈtiar/
ikhtiar,[ixˈt̪i.ar]
ikhtisar,[ɪxˈt̪isar]
ikigai,/iˈkiɡai̯/
ikigai,[iˈki.ɡai̯]
ikip,/ikɪp/
iklan,/ˈiklan/
iklan,[ˈik̚.lan]
iklim,/ik.lɪm/
ikm,/i.ˈka.ɛm/
ikon,[ˈikɔn]
ikonik,/iˈkonik/
ikonik,[iˈko.nɪk̚]
ikonis,/iko.nɪs/
ikonoklas,/ikoˈnoklas/
ikonoklas,[i.koˈnok̚.las]
ikonoklasme,/ikonokˈlasmə/
ikonoklasme,[i.ko.nok̚ˈlas.mə]
ikonoklastik,/ikonokˈlastik/
ikonoklastik,[i.ko.nok̚ˈlas.t̪ɪk̚]
iktibar,/ɪʔˈtibar/
iktidal,/ɪʔˈtidal/
iku,/iˈka.u/
iku,[iˈka.u]
ikura,[ˈɪkura]
ikut,/ˈikut/
ikut,[ˈi.kʊt̪̚]
ikutan,/iˈkutan/
ikutan,[iˈku.t̪an]
ilah,/ˈɪlah/
ilai,/ˈilai̯/
ilai,[ˈi.lai̯]
ilat,/ˈɪlat̚/
ilham,/ˈɪlham/
iliberalisme,/ilibəraˈlismə/
iliberalisme,[i.li.bə.raˈlis.mə]
ilmiah,[ɪlˈmiah]
ilmu,/ˈilmu/
ilmu,[ˈil.mu]
ilmu aktuaria,/ˈɪl.mu ak.tu.a.ˈri.a/
ilmu alam,[ˈʔɪlmu ˈalam]
ilmu bahasa,/ilmu baˈhasa/
ilmu bangunan,/ˈɪl.mu ba.ˈŋʊn.an/
ilmu bedah,[ˈɪlmu bəˈdah]
ilmu bumi,[ˈilmu ˈbumi]
ilmu ekonomi makro,/ˈɪlmu ɛkoˈnomi ˈmakro/
ilmu ekonomi mikro,/ˈɪlmu ɛkoˈnomi ˈmakro/
ilmu eksakta,[ˈɪlmu ɛk̚ˈsak̚ta]
ilmu faal,[ˈɪlmu ˈfaal]
ilmu falak,[ˈɪl.mu ˈfa.lak]
ilmu hayat,[ˈilmu ˈhajat̚]
ilmu hitung,[ˈilmu ˈhituŋ]
ilmu kebahasaan,/ilmu kəbahaˈsa(ʔ)an/
ilmu kesehatan masyarakat,/ˌil.mu kə.səˌha.tan ma.ʃaˈra.kat/
ilmu kesehatan masyarakat,[ˌil.mu kə.səˌha.t̪an ma.ʃaˈra.kat̪̚]
ilmu komputer,[ˈɪlmu kɔmˈputər]
ilmu lingkungan,/ˈɪl.mu lɪŋ.ˈkʊŋ.an/
ilmu murni,/ˈɪlmu ˈmʊr.ni/
ilmu pasti,[ˈɪlmu ˈpasti]
ilmu pendidikan,/ˈɪlmu pəndiˈdɪkan/
ilmu pengetahuan,[ˈɪlmu pənɡətaˈhuan]
ilmu pengetahuan alam,[ˈɪlmu pənɡətaˈhuan ˈalam]
ilmu pengetahuan perundang-undangan,/ˈɪl.mu pər.ˈatʊr.an pər.ʊn.daŋ.ʊn.ˈdaŋ.an/
ilmu pengetahuan sosial,[ˈɪlmu pənɡətaˈhuan soˈsial]
ilmu perbintangan,[ˈɪlmu pərbɪnˈtaŋan]
ilmu pisah,[ˈilmu ˈpisah]
ilmu sosial,[ˈɪlmu soˈsial]
ilmu tasrih,[ˈilmu ˈtasrɪh]
ilmu tata negara,/ˈɪlmu ˈtata nəˈɡara/
ilmu terapan,/ˈɪlmu tə.ˈrap.an/
ilmu ukur,[ˈilmu ˈukʊr]
ilmu ukur sudut,/ˈilmu ˈukʊr ˈsudʊt/
ilmu ukur tanah,/ˈɪl.mu ˈukʊr ˈta.nah/
ilmu urai,[ˈilmu ˈurai]
ilo,/ˈi.lo/
ilopasia,/ɪloˈpasia̯/
iluminasi,/i.lu.mi.ˈna.si/
ilusi,[ˈɪlusi]
ilustrasi,/ɪlʊsˈtrasi/
imago,/iˈmaɡo/
imago,[iˈma.ɡo]
imaji,[ˈɪmad͡ʒi]
imajinasi,[ɪmad͡ʒiˈnasi]
imak,/ˈimak/
imak,[ˈi.mak̚]
imam,/i.mam/
imamah,/ima.mah/
imamat,/ima.mat/
imamat,/iˈma.mat/
imamat,[iˈma.mat̪̚]
iman,/ˈiman/
iman,[ˈi.man]
imaniah,/imaˈniah/
imaniah,[i.maˈni.ah]
imanuel,/imaˈnuəl/
imanuel,[i.maˈnu.əl]
imb,/iˈɛm.be/
imb,[iˈɛm.be]
imbang,[ˈɪmbaŋ]
imbas,/ˈimbas/
imbas,[ˈim.bas]
imbau,[imbau̯]
imbauan,/imˈbawan/
imbauan,[imˈba.wan]
imbuh,/ˈimbuh/
imbuh,[ˈim.bʊh]
imd,/i.ˈɛm.de/
imigrasi,/i.miɡˈra.si/
imigrasi,[i.mik̚ˈra.si]
imitasi,[ɪmiˈtasi]
imla,[ˈɪmla]
imlek,/ˈimlɛk/
imlek,[ˈim.lɛk̚]
imobilisme,/imobiˈlismə/
imobilisme,[i.mo.biˈlis.mə]
imparsial,[ɪmparˈsial]
impartasi,/imparˈtasi/
impartasi,[im.parˈt̪a.si]
impas,/ˈɪmpas/
impedans,[ɪmpəˈdans]
impedansi,[ɪmpəˈdansi]
imperatif,/impeˈratif/
imperatif,[im.peˈra.t̪ɪf]
imperial,/ɪmpɛˈrial/
imperialis,/ɪmpɛriˈalɪs/
imperialisme,/imperiaˈlismə/
imperialisme,[im.pe.ri.aˈlis.mə]
imperialistik,/ɪmpɛriaˈlɪstɪk̚/
imperium,/ɪmpeˈriʊm/
impi,/ˈimpi/
impi,[ˈim.pi]
implementasi,/ɪm.plə.mɛn.ˈta.si/
implikasi,[ɪmpliˈkasi]
implisit,[ɪmˈplisɪt̚]
impor,[ˈɪmpɔr]
importir,/imˈportir/
importir,[imˈpor.t̪ɪr]
impotensi,/impoˈtɛnsi/
impotensi,[im.poˈt̪en.si]
impresi,[ɪmˈprɛsi]
impresif,[ɪmˈprɛsɪf]
impresum,/ɪmˈprɛsʊm/
imprimatur,/imprimatur/
improvisasi,[ɪmproviˈsasi]
impuls,/ˈɪm.pʊls/
impulsivitas,/ɪm.pʊl.si.ˈvi.tas/
imputasi,/impuˈtasi/
imputasi,[im.puˈt̪a.si]
ims,/i.ˈɛm.ɛs/
imt,/iˈɛmte/
imun,/ˈimun/
imun,[ˈi.mʊn]
imunisasi,[ɪmuniˈsasi]
imunitas,/imuˈnitas/
imunitas,[i.muˈni.t̪as]
in-,[ɪn]
inai,/ˈinai̯/
inai,[ˈi.nai̯]
inaikan,/inaˈikan/
inaikan,[i.naˈi.kan]
inaktif,/inˈaktif/
inaktif,[inˈak̚.t̪ɪf]
inang,/ˈinaŋ/
inang,[ˈi.naŋ]
inap,/ˈinap/
inap,[ˈi.nap̚]
inci,[ˈɪnt͡ʃi]
incung,/ˈɪnt͡ʃʊŋ/
indah,/ˈindah/
indekos,/ˈindəkos/
indekos,[ˈin.də.kɔs]
indeks,/ˈɪndɛks/
indeks harga konsumen,/ˈɪndɛks ˈharɡa kɔnˈsumɛn/
indeks jari,/ˈɪndɛks ˈd͡ʒari/
indeks massa tubuh,/ˈɪndɛks ˈmassa ˈtubʊh/
indeks prestasi,/ˈɪndɛks prɛsˈtasi/
inden,/ˈʔɪn.dɛn/
independen,/in.də.pɛn.dən/
india,[ˈɪndia̯]
indigesti,/indiˈɡɛsti/
indigesti,[in.diˈɡɛs.t̪i]
indikasi,/ʔɪndiˈkasi/
indikator,/ɪndiˈkatɔr/
individu,/indiˈvidu/
individu,[in.diˈfi.du]
individualisasi,/individualiˈsasi/
individualisasi,[in.di.fi.du.a.liˈsa.si]
individualisme,/ɪn.di.vi.du.al.ˈɪs.mə/
indo,/ˈɪndo/
indo-,[ɪndo]
indoktrinasi,/ɪn.dɔk.tri.ˈna.si/
indomi,/inˈdomi/
indomi,[inˈdo.mi]
indonesia,/-ne-/
indonesia,/-sja/
indonesia,/-ʃa/
indonesia,/en-/
indonesia,/in.ˈdo.nɛ.sɪ.(j)a/
indonesia,/ɛn-/
indonesiakan,/indonesiˈakan/
indonesiakan,[in.do.ne.siˈa.kan]
indra,/in.dra/
indra,/ˈindra/
indra,[ˈin.dra]
indragiri,/indraˈɡiri/
indragiri,[in.draˈɡi.ri]
indraja,/ɪnˈdrad͡ʒa/
indraloka,[ɪn.draˈlo.ka]
indramayu,/indraˈmaju/
indramayu,[in.draˈma.ju]
indranila,/ɪn.dra.ˈni.la/
indu,/ˈɪn.du/
induk,[ˈɪndʊk̚]
induksi,[ɪndʊk̚si]
induksi persalinan,/ɪn.ˈdʊk.si pər.sa.ˈlɪn.an/
induktif,/inˈduktif/
induktif,[inˈduk̚.t̪ɪf]
industri,/ɪn.ˈdʊs.tri/
industrialisasi,/ɪn.dʊs.tri.a.li.ˈsa.si/
inefisiensi,[ɪnɛfisiˈɛnsi]
inersia,/inɛrˈsia/
inersia,[in.ɛrˈsi.a]
infak,[ˈɪnfak]
infal,[ˈɪnfal]
infanteri,/inˈfantəri/
infanteri,[inˈfan̪.t̪ə.ri]
infeksi,[ɪnˈfɛksi]
infeksius,/ɪn.fɛk.ˈsi.ʊs/
inferensi,/ɪn.fe.ˈrɛn.si/
inferensial,/infərənˈsial/
inferensial,[in.fə.rənˈsi.al]
infiks,/ˈinfiks/
infiks,[ˈin.fiks]
infiltrasi,/ɪn.fɪl.ˈtra.si/
infinit,/inˈfinit/
infinit,[inˈfi.nɪt̪̚]
infinitif,/infiˈnitif/
infinitif,[in.fiˈni.t̪ɪf]
inflamasi,/inflaˈmasi/
inflamasi,[in.flaˈma.si]
inflasi,/ɪn.ˈfla.si/
infleksi,/inˈflɛksi/
infleksi,[inˈflɛk̚.si]
influen,/ɪnˈfluɛn/
influenser,/ɪn.fluˈɛn.sər/
informan,/inˈforman/
informan,[inˈfor.man]
informasi,/infɔrmasi/
informatif,/ɪnfɔrˈmatɪf/
informatika,[ɪnfɔrmaˈt̪ika]
infra-,[ɪnfra]
infrabunyi,/infraˈbuɲi/
infrabunyi,[in.fraˈbu.ɲi]
inframerah,/infraˈmerah/
inframerah,[in.fraˈme.rah]
infrasonik,/infraˈsɔnik/
infrasonik,[in.fraˈsɔ.nɪk̚]
infrastruktur,/infraˈstruktur/
infrastruktur,[in.fraˈst̪ruk̚.t̪ʊr]
infus,[ˈɪnfʊs]
ingat,/ˈiŋat/
ingat,[ˈi.ŋat̪̚]
ingatan,/iˈŋatan/
ingatan,[iˈŋa.t̪an]
inget,[ˈɪŋət̚]
inggris,/ˈiŋɡris/
inggris,[ˈiŋ.ɡrɪs]
inggris raya,[ˈɪŋɡrɪs ˈraja]
ingin,/ˈʔi.ŋɪn/
ingini,/ʔiˈŋi.ni/
inginkan,/iˈŋinkan/
inginkan,[iˈŋin.kan]
inhal,[ˈɪnhal]
inhalasi,[ɪnhaˈlasi]
inhibisi,/inhiˈbisi/
inhibisi,[in.hiˈbi.si]
inhibitor,/ɪn.hi.ˈbi.tɔr/
ini,/ˈini/
ini,[ˈi.ni]
inisiasi,/inisiˈasi/
inisiasi,[i.ni.siˈa.si]
inisiatif,/inisiˈatif/
inisiatif,[i.ni.siˈa.t̪ɪf]
injak,/ˈind͡ʒak/
injak,[ˈiɲ.d͡ʒak̚]
injeksi,/inˈd͡ʒeksi/
injeksi,[iɲˈd͡ʒek̚.si]
injektor,/inˈd͡ʒɛktor/
injektor,[iɲˈd͡ʒɛk̚.t̪ɔr]
injil,/ˈind͡ʒil/
injil,[ˈiɲ.d͡ʒɪl]
injil apokrif,/ˌin.d͡ʒil aˈpok.rif/
injil apokrif,[ˌiɲ.d͡ʒɪl aˈpok̚.rɪf]
injil kanonik,/ˌin.d͡ʒil kaˈno.nik/
injil kanonik,[ˌiɲ.d͡ʒɪl kaˈno.nɪk̚]
injil sinoptik,/ˌin.d͡ʒil siˈnop.tik/
injil sinoptik,[ˌiɲ.d͡ʒɪl siˈnop̚.t̪ɪk̚]
inka,/ˈinka/
inka,[ˈin.ka]
inkaso,/inˈkaso/
inkaso,[inˈka.so]
inklusivisme,/inklusiˈvismə/
inklusivisme,[in.klu.siˈfis.mə]
inkompatibilitas,/inkompatibiˈlitas/
inkompatibilitas,[in.kom.pa.t̪i.biˈli.t̪as]
inkomplet,/inˈkomplɛt/
inkomplet,[inˈkom.plɛt̪̚]
inkonsistensi,[ɪnkɔnsɪsˈtɛnsi]
inkonstitusional,[ɪnkɔnstituˈsional]
inkorporasi,/inkorpoˈrasi/
inkorporasi,[in.kor.poˈra.si]
inkrah,[ˈɪn.krah]
inkremental,[ɪnkrəˈmɛntal]
inkubasi,/inkuˈbasi/
inkubasi,[in.kuˈba.si]
inkubator,/in.kuˈba.tor/
inkubator,[in.kuˈba.t̪ɔr]
inkues,[ɪnˈkuɛs]
inkuiri,[ɪnˈkui̯ri]
inlander,[ɪnˈlan.dər]
inlander,[ɪnˈlɛn.dər]
inokulasi,[inokuˈlasi]
inos,/ˈi.nɔs/
inovasi,[ɪnoˈvasi]
input,/ˈinput/
input,[ˈin.pʊt̪̚]
insaf,/in.saf/
insan,[ˈɪnsan]
insek,[ˈɪn.sɛk]
insektisida,/insektiˈsida/
insektisida,[in.sek̚.t̪iˈsi.da]
inseminasi buatan,/ɪn.se.mi.ˈna.si bu.ˈat.an/
insentif,/inˈsɛntif/
insentif,[inˈsen̪.t̪ɪf]
insersi,[ɪnˈsɛrsi]
inset,/ˈinsɛt/
inset,[ˈin.sɛt̪̚]
insiden,[ɪnˈsidɛn]
insidental,/ɪn.si.ˈdɛn.tal/
insinyur,[ɪnˈsiɲʊr]
insisi,/ɪn.ˈsi.si/
insomnia,/insomˈnia/
insomnia,[in.somˈni.a]
inspeksi,[ɪnˈspɛk̚si]
inspektur,[ɪnˈspɛk̚tʊr]
inspektur jenderal,/ɪn.ˈspɛk.tʊr d͡ʒən.də.ˈral/
inspirasi,/ɪnspiˈrasi/
inspiratif,/inspiˈratif/
inspiratif,[ins.piˈra.t̪ɪf]
instalasi,/instaˈlasi/
instalasi,[ins.t̪aˈla.si]
instalasi gawat darurat,[ɪnstaˈlasi ˈɡawat̚ daˈrurat̚]
instan,[ˈɪn.stan]
instansi,[ɪnˈstan.si]
insting,/ˈinstiŋ/
insting,[ˈins.t̪ɪŋ]
instingtif,/insˈtiŋtif/
instingtif,[insˈt̪iŋ.t̪ɪf]
institusi,[ɪnst̪iˈt̪usi]
institusional,[ɪnst̪it̪usiˈonal]
institusionalisasi,/institusionaliˈsasi/
institusionalisasi,[ins.t̪i.t̪u.si.o.na.liˈsa.si]
institusionalisme,/institusionaˈlismə/
institusionalisme,[ins.t̪i.t̪u.si.o.naˈlis.mə]
institusionalisme liberal,/institusionaˌlismə ˈlibəral/
institusionalisme liberal,[ins.t̪i.t̪u.si.o.naˌlis.mə ˈli.bə.ral]
institut,[ɪnˈstitʊt]
instruksi,/insˈtruksi/
instruksi,[insˈt̪ruk̚.si]
instruksi mesin,/ɪns.trʊk.si məˈsɪn/
instruksikan,/instrukˈsikan/
instruksikan,[ins.t̪ruk̚ˈsi.kan]
instruksional,/ɪns.trʊk.siˈɔ.nal/
instruktif,/insˈtruk.tif/
instruktif,[ɪnˈst̪rʊk̚.t̪ɪf]
instruktur,/inˈstruk.tur/
instruktur,[ɪnsˈt̪rʊk̚.t̪ʊr]
instrumen,/ɪn.ˈstru.mɛn/
instrumental,/ɪn.stru.ˈmɛn.tal/
instrumentasi,/ɪn.stru.mɛn.ˈta.si/
insulinde,[ɪnsuˈlɪndə]
insulinde,[ɪnsʊlˈɪndə]
intai,/ˈintai̯/
intai,[ˈin̪.t̪ai̯]
intan,[ˈɪn.tan]
integral,/intəɡˈral/
integral,[in̪.t̪ək̚ˈral]
integrasi,[ɪntəˈɡrasi]
integritas,[ɪntəˈɡritas]
inteligen,[ɪntəˈliɡɛn]
inteligensi,[ɪntəlid͡ʒɛnsi]
inteligensia,[ɪntəlid͡ʒɛnsia̯]
intelijen,[ɪntəlid͡ʒɛn]
intens,[ˈɪntɛns]
intensi,/inˈtɛnsi/
intensi,[in̪ˈt̪en.si]
intensif,[ɪnˈtɛnsɪf]
intensifikasi,[ɪntɛnsifiˈkasi]
intensitas,[ɪntɛnˈsitas]
inter-,[ɪntər]
interaksi,/intəˈraksi/
interaksi,[in̪.t̪əˈrak̚.si]
interdisipliner,/in.tər.disɪˈpli.nɛr/
interdisipliner,[in̪.t̪ər.disɪˈpli.nɛr]
interegnum,/intəˈrɛɡnum/
interegnum,[in̪.t̪əˈrɛk̚.nʊm]
interen,[ˈɪntɛrən]
interferensi,/ɪntərfəˈrɛnsi/
interjeksi,/intərˈd͡ʒeksi/
interkom,/ˈintərkom/
interkom,[ˈin̪.t̪ər.kɔm]
interkorelasi,/intərkorɛˈlasi/
interkorelasi,[in̪.t̪ər.ko.rɛˈla.si]
intermestik,/intərˈmɛstik/
intermestik,[in̪.t̪ərˈmɛs.t̪ɪk̚]
intern,[ˈɪntɛr(ə)n]
interna,[ɪntərˈna]
internal,[ɪntərˈnal]
internalisasi,/intərnaliˈsasi/
internalisasi,[in̪.t̪ər.na.liˈsa.si]
internasional,/intərnasional/
internasionalisme,/intərnasionaˈlismə/
internasionalisme,[in̪.t̪ər.na.si.o.naˈlis.mə]
internasionalitas,/intərnasionaˈlitas/
internasionalitas,[in̪.t̪ər.na.si.o.naˈli.t̪as]
internat,[ɪntərˈnat]
internet,[ɪntərˈnɛt̚]
internir,[ɪntərˈnɪr]
internuntius,/intərnuntius/
interoperabilitas,/intəropərabiˈlitas/
interoperabilitas,[in̪.t̪ə.ro.pə.ra.biˈli.t̪as]
interpelan,/inˈtərpəlan/
interpelan,[in̪ˈt̪ər.pə.lan]
interpelasi,[ɪntərpɛˈlasi]
interpelator,[intərpɛˈlatɔr]
interpersonal,/intərpərˈsonal/
interpersonal,[in̪.t̪ər.pərˈso.nal]
interpretasi,/intərprəˈtasi/
interpretasi,[in̪.t̪ər.prəˈt̪a.si]
interpretasiin,/ɪn.tər.prə.taˈsi.ʔɪn/
interpretasikan,/intərprətaˈsikan/
interpretasikan,[in̪.t̪ər.prə.t̪aˈsi.kan]
interpretatif,/ɪn.tər.prəˈta.tɪf/
interpreter,/intərˈprətər/
interpreter,[in̪.t̪ərˈprə.t̪ər]
interpretivisme,/intərprɛtiˈvismə/
interpretivisme,[in̪.t̪ər.prɛ.t̪iˈfis.mə]
intertestamental,/intərtɛsˈtaməntal/
intertestamental,[in̪.t̪ər.t̪ɛsˈt̪a.mən̪.t̪al]
intertrigo,/intərˈtriɡo/
intertrigo,[in̪.t̪ərˈt̪ri.ɡo]
intervensi,[ɪntərˈvɛnsi]
inti,/ˈinti/
inti,[ˈin̪.t̪i]
inti atom,[ˈɪnti ˈatɔm]
inti sari,/ˌin.ti ˈsa.ri/
inti sari,[ˌin̪.t̪i ˈsa.ri]
inti sel,/ˈɪnti ˈsɛl/
intip,/ˈɪntɪp̚/
intipan,/ɪnˈtɪp̚an/
intoleran,/intoˈleran/
intoleran,[in̪.t̪oˈle.ran]
intoleransi,/ɪntoleˈransi/
intonasi,/ɪntoˈnasi/
intra-,/intra/
intra-,[in̪.t̪ra]
intro,/ˈintro/
intro,[ˈin̪.t̪ro]
intro-,[ɪntro]
introduksi,[ɪntroˈdʊksi]
introdusir,[ɪntroˈdusɪr]
introspeksi,/ɪntroˈspɛk̚si/
introver,/inˈtrovɛr/
introver,[in̪ˈt̪ro.fɛr]
introversi,/inˈtrovərsi/
introversi,[in̪ˈt̪ro.fər.si]
intubasi,/intuˈbasi/
intubasi,[in̪.t̪uˈba.si]
intuisi,[ɪntuˈisi]
intuitif,[ɪntuˈitɪf]
inval,[ˈɪnfal]
invalid,[ɪnˈvalɪt]
invasi,[ɪnˈvasi]
invensi,/inˈvɛnsi/
invensi,[inˈfen.si]
inventaris,/ɪn.vɛn.ˈta.rɪs/
inventarisasi,/ɪn.vɛn.ta.ri.ˈsa.si/
inventif,/inˈvɛntif/
inventif,[inˈfen̪.t̪ɪf]
inventor,/inˈvɛntor/
inventor,[inˈfen̪.t̪ɔr]
inversi,/inˈversi/
inversi,[inˈfer.si]
investasi,[ɪnvɛsˈtasi]
investigasi,[ɪnvɛstiˈɡasi]
investor,/inˈvestor/
investor,[inˈfes.t̪ɔr]
invois,[ɪnˈvoɪs]
involusi,/invoˈlusi/
involusi,[in.foˈlu.si]
iotasisme,/iotaˈsɪsmə/
ip,/ˈi.pe/
ipa,/iˈpe.a/
ipa,/ˈi.pa/
ipal,/ˈipal/
ipar,/ˈipar/
ipk,/i.pe.ka/
ipm,/iˈpɛ.ɛm/
ipm,[iˈpɛ.(ʔ)ɛm]
ipoleksosbud,/i.po.ləkˈsos.bud/
ipoleksosbud,[i.po.lək̚ˈsos.bʊt̪̚]
ips,/i.ˈpe.ɛs/
iptek,/ˈiptɛk/
iptek,[ˈip̚.t̪ɛk̚]
irak,[ˈirak̚]
irama,/iˈrama/
irama,[iˈra.ma]
iran,/ˈiran/
iran,[ˈi.ran]
iredentisme,/irədɛnˈtismə/
iredentisme,[i.rə.dɛn̪ˈt̪is.mə]
iria,/iˈria/
iria,[iˈri.a]
irian jaya,/iˌri.an ˈd͡ʒa.ja/
irian jaya,[iˌri.aɲ ˈd͡ʒa.ja]
irigasi,[ɪriˈɡa.si]
iring,/ˈiriŋ/
iring,[ˈi.rɪŋ]
iringkan,/iˈriŋkan/
iringkan,[iˈriŋ.kan]
iris,/ˈiris/
iris,[ˈi.rɪs]
irisan,/iˈrisan/
irisan,[iˈri.san]
irit,/ˈirit/
irit,[ˈi.rɪt̪̚]
iritabilitas,/iritabiˈlitas/
iritabilitas,[i.ri.t̪a.biˈli.t̪as]
iritan,/iˈritan/
iritan,[iˈri.t̪an]
iritan,[iˈrit̪̚.an]
iritasi,/iriˈtasi/
iritasi,[i.riˈt̪a.si]
iritatif,/iriˈtatif/
iritatif,[i.riˈt̪a.t̪ɪf]
irlandia,/ɪrˈlandia̯/
isa,/isa/
isa almasih,/ˌisa alˈmasih/
isa almasih,[ˌi.sa alˈma.sɪh]
isama,/isama/
isap,/ˈisap/
isap,[ˈi.sap̚]
isaril,[ɪsˈraɪl]
isbat,/ˈisbat/
isbat,[ˈis.bat̪̚]
isekai,/iˈsekai̯/
isekai,[iˈse.kai̯]
ishak,/ˈis.hak/
ishak,[ˈis.hak̚]
isi,/ˈi.si/
isi,/ˈisi/
isi,[ˈi.si]
isian,/iˈsian/
isian,[iˈsi.an]
iskandar,/isˈkandar/
iskandar,[isˈkan.dar]
iskemia,[ɪsˈkemia̯]
islah,/ˈislah/
islah,[ˈis.lah]
islam,[ˈɪslam]
islam ktp,/ˌislam kaˈtɛpɛ/
islam ktp,[ˌis.lam kaˈt̪ɛ.pɛ]
islandia,/ɪsˈlandia̯/
iso,[ˈɪso]
iso-,[ɪso]
isoanomali,/isoanoˈmali/
isoanomali,[i.so.a.noˈma.li]
isolasi,/isoˈlasi/
isolasi,[i.soˈla.si]
isolasi mandiri,[ɪsoˈlasi manˈdiri]
isolat,[ˈɪsolat̪̚]
isolator,[ɪsoˈlatɔr]
isoma,/iˈsoma/
isoma,[iˈso.ma]
isoman,[ˈɪsoman]
isomer,/i.ˈso.mɛr/
ispa,/ˈɪs.pa/
israel,[ɪsˈrael]
istal,/ˈistal/
istal,[ˈis.t̪al]
istana,[ɪsˈtana]
istiadat,[ɪstiˈadat̚]
istibra,/isˈtibra/
istibra,[isˈt̪ip̚.ra]
istidraj,/isˈtidrad͡ʒ/
istidraj,[isˈt̪it̪̚.rad͡ʒ]
istigfar,/ɪsˈtɪʔfar/
istiklal,/isˈtiklal/
istiklal,[isˈt̪ik̚.lal]
istilah,[ɪsˈt̪ilah]
istimewa,/istiˈmɛwa/
istimewa,[is.t̪iˈmɛ.wa]
istinggar,/isˈtiŋɡar/
istinggar,[isˈt̪iŋ.ɡar]
istiqlal,/isˈtiʔlal/
istiqlal,[isˈt̪iʔ.lal]
istirahat,[ɪst̪iˈrahat̪̚]
istirahat di tempat,/ɪstiˈrahat ˈdi təmˈpat̚/
istisna,/isˈtisna/
istisna,[isˈt̪is.na]
istri,/ˈistri/
istri,[ˈis.t̪ri]
isu,/ˈɪsu/
iswanto,/iˈswanto/
iswanto,[iˈswan̪.t̪o]
isya,/ˈiʃa/
isya,[ˈi.ʃa]
isyarat,/iˈʃarat/
isyarat,[iˈʃa.rat̪̚]
italia,/itaˈlia/
italia,[i.t̪aˈli.a]
itas,/itas/
itasya,/iˈtaʃa/
itasya,[iˈt̪a.ʃa]
itb,/iˈtebe/
itb,[iˈt̪e.be]
ite,/iˈte.e/
ite,[iˈt̪e.(ʔ)e]
itera,/ˈitəra/
itera,[ˈi.t̪ə.ra]
itik,/ˈitik/
itik,[ˈi.t̪ɪk̚]
itjen,/ˈitd͡ʒɛn/
itjen,[ˈit̪̚.d͡ʒɛn]
itk,/iˈteka/
itk,[iˈt̪e.ka]
itpmb,/i.te.peˈem.be/
itpmb,[i.t̪e.peˈem.be]
itu,/ˈitu/
itu,[ˈi.t̪u]
itulah,/ˌituˈlah/
itulah,[ˌi.t̪uˈlah]
iup,/ˈi.up/
iup,[ˈi.ʊp̚]
iupp,/i.uˈpe.pe/
iupp,[i.uˈpe.pe]
iuppr,/i.u.peˈpe.er/
iuppr,[i.u.peˈpe.ɛr]
iuran,/iˈuran/
iuran,[iˈu.ran]
iutp,/i.uˈte.pe/
iutp,[i.uˈt̪e.pe]
iuts,/i.uˈte.es/
iuts,[i.uˈt̪e.ɛs]
izin,/ˈizin/
izin,[ˈi.zɪn]
izin mendirikan bangunan,/ˈɪzɪn məndiˈrikan baˈŋunan/
izin tinggal,/ˌizin ˈtiŋɡal/
izin tinggal,[ˌi.zɪn̪ ˈt̪iŋ.ɡal]
j,/d͡ʒ/
j,/d͡ʒe/
jabar,/ˈd͡ʒabar/
jabar,[ˈd͡ʒa.bar]
jabat,[ˈd͡ʒabat̪̚]
jabatan,/d͡ʒaˈbatan/
jabatan,[d͡ʒaˈba.t̪an]
jabatan fungsional,[d͡ʒaˈbatan fʊŋsiˈɔnal]
jabfung,/ˈd͡ʒabfuŋ/
jabfung,[ˈd͡ʒap̚.fʊŋ]
jabrik,/ˈd͡ʒabrik/
jabrik,[ˈd͡ʒap̚.rɪk̚]
jadah,/ˈd͡ʒadah/
jadah,[ˈd͡ʒa.dah]
jadi,/ˈd͡ʒadi/
jadi,[ˈd͡ʒa.di]
jadi orang,/ˌd͡ʒadi ˈoraŋ/
jadi orang,[ˌd͡ʒa.di ˈo.raŋ]
jadilah,/d͡ʒaˈdilah/
jadilah,[d͡ʒaˈdi.lah]
jadul,/ˈd͡ʒadʊl/
jadwal,/ˈd͡ʒadwal/
jadwal,[ˈd͡ʒat̪̚.wal]
jaga,/ˈd͡ʒaɡa/
jaga,[ˈd͡ʒa.ɡa]
jagal,/ˈd͡ʒaɡal/
jagal,[ˈd͡ʒa.ɡal]
jagat,/ˈd͡ʒaɡat/
jagat,[ˈd͡ʒa.ɡat̪̚]
jago,[ˈd͡ʒa.ɡo]
jagra,[ˈd͡ʒaɡ.ra]
jagung,/ˈd͡ʒaɡʊŋ/
jahat,/ˈd͡ʒahat/
jahat,[ˈd͡ʒa.hat̪̚]
jahe,/ˈd͡ʒahɛ/
jahe,[ˈd͡ʒa.hɛ]
jahit,/ˈd͡ʒahit/
jahit,[ˈd͡ʒa.hɪt̪̚]
jajah,/ˈd͡ʒad͡ʒah/
jajah,[ˈd͡ʒa.d͡ʒah]
jajahan,/d͡ʒaˈd͡ʒahan/
jajahan,[d͡ʒaˈd͡ʒa.han]
jajan,[ˈd͡ʒa.d͡ʒan]
jajar genjang,/d͡ʒaˈd͡ʒar ɡenˈd͡ʒaŋ/
jajaran genjang,/d͡ʒaˌd͡ʒa.ran ɡənˈd͡ʒaŋ/
jajaran genjang,[d͡ʒaˌd͡ʒa.ran ɡəɲˈd͡ʒaŋ]
jakarta,/d͡ʒaˈkarta/
jakarta,[d͡ʒaˈkar.t̪a]
jaket,[ˈd͡ʒakɛt]
jaksa,[ˈd͡ʒak̚sa]
jaksa penuntut umum,/ˈd͡ʒak̚sa pəˈnʊntʊt ˈʊmʊm/
jaksel,/ˈd͡ʒaksəl/
jaksel,[ˈd͡ʒak̚.səl]
jakun,/ˈd͡ʒakun/
jakun,[ˈd͡ʒa.kʊn]
jakuzi,/d͡ʒaˈkuzi/
jakuzi,[d͡ʒaˈku.zi]
jala,/d͡ʒala/
jalak,/ˈd͡ʒalaʔ/
jalak,[ˈd͡ʒa.laʔ]
jalak eropa,/d͡ʒa.laʔ eˈro.pa/
jalan,/ˈd͡ʒalan/
jalan,[ˈd͡ʒa.lan]
jalan air,/dʒa.lan ˈa.ɪr/
jalan angan-angan,/dʒa.lan a.ŋanˈa.ŋan/
jalan arteri,/dʒa.lan arˈte.ri/
jalan bahasa,/dʒa.lan baˈha.sa/
jalan buntu,/dʒa.lan ˈbʊn.tu/
jalan cerita,/dʒa.lan tʃəˈri.ta/
jalan di tempat,/ˈd͡ʒalan ˈdi təmˈpat̚/
jalan kaki,/dʒa.lan ˈka.ki/
jalan layang,[d͡ʒalan lajaŋ]
jalan lingkar,/ˌd͡ʒalan ˈliŋkar/
jalan lingkar,[ˌd͡ʒa.lan ˈliŋ.kar]
jalan nafas,/dʒa.lan ˈna.fas/
jalan napas,/dʒa.lan ˈna.pas/
jalan pikiran,/dʒa.lan piˈki.ran/
jalan pintas,/ˌd͡ʒalan ˈpintas/
jalan pintas,[ˌd͡ʒa.lan ˈpin̪.t̪as]
jalan raya,[ˈd͡ʒalan ˈraja]
jalan rel,/ˌd͡ʒa.lan ˈrəl/
jalan rel,[ˌd͡ʒa.lan ˈrəl]
jalan salib,[ˈd͡ʒalan ˈsalɪp̚]
jalan setapak,/d͡ʒa.lan səˈta.pak/
jalan tol,/ˌd͡ʒa.lan ˈtol/
jalan tol,[ˌd͡ʒa.lan̪ ˈt̪ɔl]
jalan zebra,/ˌd͡ʒalan ˈzebra/
jalan zebra,[ˌd͡ʒa.lan ˈze.bra]
jalan-jalan,/dʒa.lan ˈdʒa.lan/
jalanan,/d͡ʒaˈlanan/
jalanan,[d͡ʒaˈla.nan]
jalang,/ˈd͡ʒalaŋ/
jalang,[ˈd͡ʒa.laŋ]
jalani,/d͡ʒaˈlani/
jalani,[d͡ʒaˈla.ni]
jalanin,/dʒaˈla.nɪn/
jalankan,/d͡ʒaˈlankan/
jalankan,[d͡ʒaˈlan.kan]
jalin,/ˈd͡ʒalin/
jalin,[ˈd͡ʒa.lɪn]
jalu,/ˈd͡ʒalu/
jalu,[ˈd͡ʒa.lu]
jalur,[ˈd͡ʒalʊr]
jalur gaza,/ˌd͡ʒalur ˈɡaza/
jalur gaza,[ˌd͡ʒa.lʊr ˈɡa.za]
jalur kereta api khusus,/ˌd͡ʒa.lur ˌkə.rə.ta ˌa.pi ˈxu.sus/
jalur kereta api khusus,[ˌd͡ʒa.lʊr ˌkə.rə.t̪a ˌa.pi ˈxu.sʊs]
jalur klinis,/ˈd͡ʒa.lʊr ˈkli.nɪs/
jalur luncur,/ˌd͡ʒa.lur ˈlun.t͡ʃur/
jalur luncur,[ˌd͡ʒa.lʊr ˈluɲ.t͡ʃʊr]
jalur penyelamat,/ˌd͡ʒa.lur pə.ɲəˈla.mat/
jalur penyelamat,[ˌd͡ʒa.lʊr pə.ɲəˈla.mat̪̚]
jalur prestasi,[ˈd͡ʒalʊr prɛsˈtasi]
jalur sayap,/ˌd͡ʒa.lur ˈsa.jap/
jalur sayap,[ˌd͡ʒa.lʊr ˈsa.jap̚]
jalur simpan,/ˌd͡ʒa.lur ˈsim.pan/
jalur simpan,[ˌd͡ʒa.lʊr ˈsim.pan]
jalur tangkap,/ˌd͡ʒa.lur ˈtaŋ.kap/
jalur tangkap,[ˌd͡ʒa.lʊr ˈt̪aŋ.kap̚]
jalur umum,[ˈd͡ʒalʊr ˈʊmʊm]
jalut,/ˈd͡ʒalut/
jalut,[ˈd͡ʒa.lʊt̪̚]
jam,/ˈd͡ʒam/
jam,[ˈd͡ʒam]
jam kerja,/ˌd͡ʒam kərˈd͡ʒa/
jam kerja,[ˌd͡ʒam kərˈd͡ʒa]
jam malam,/ˈd͡ʒam ˈmalam/
jam tangan,/ˌd͡ʒam ˈta.ŋan/
jam tangan,[ˌd͡ʒam ˈt̪a.ŋan]
jam tangan pintar,/ˌd͡ʒam ˌtaŋan ˈpintar/
jam tangan pintar,[ˌd͡ʒam ˌt̪a.ŋan ˈpin̪.t̪ar]
jam terbang,/ˈd͡ʒam tərˈbaŋ/
jamak,/ˈd͡ʒamak/
jamak,[ˈd͡ʒa.mak̚]
jamal,/ˈd͡ʒamal/
jamal,[ˈd͡ʒa.mal]
jamas,/ˈd͡ʒamas/
jambak,/ˈd͡ʒambaʔ/
jambak,[ˈd͡ʒam.baʔ]
jambalaya,/d͡ʒambaˈlaja/
jambalaya,[d͡ʒam.baˈla.ja]
jamban,[ˈd͡ʒamban]
jambang,/ˈd͡ʒambaŋ/
jambang,[ˈd͡ʒam.baŋ]
jambangan,/d͡ʒamˈbaŋan/
jambangan,[d͡ʒamˈba.ŋan]
jamber,/d͡ʒam.bər/
jambu,/ˈd͡ʒambu/
jambu,[ˈd͡ʒam.bu]
jambu air,/ˌd͡ʒambu ˈair/
jambu air,[ˌd͡ʒam.bu ˈa.ɪr]
jambu air mawar,/ˌd͡ʒambu ˌair ˈmawar/
jambu air mawar,[ˌd͡ʒam.bu ˌa.ɪr ˈma.war]
jambu batu,/ˌd͡ʒambu ˈbatu/
jambu batu,[ˌd͡ʒam.bu ˈba.t̪u]
jambu biji,/ˌd͡ʒambu ˈbid͡ʒi/
jambu biji,[ˌd͡ʒam.bu ˈbi.d͡ʒi]
jambu bol,/ˌd͡ʒambu ˈbɔl/
jambu bol,[ˌd͡ʒam.bu ˈbɔl]
jambu ceri,/ˌd͡ʒambu ˈt͡ʃeri/
jambu ceri,[ˌd͡ʒam.bu ˈt͡ʃe.ri]
jambu kepal,/ˌd͡ʒambu kəˈpal/
jambu kepal,[ˌd͡ʒam.bu kəˈpal]
jambu mawar,/ˌd͡ʒambu ˈmawar/
jambu mawar,[ˌd͡ʒam.bu ˈma.war]
jambul,/ˈd͡ʒambul/
jambul,[ˈd͡ʒam.bʊl]
jamet,/ˈd͡ʒamet/
jamet,[ˈd͡ʒa.mɛt̪̚]
jamin,[ˈd͡ʒamɪn]
jaminan,[d͡ʒaˈmɪnan]
jaminan sosial,[d͡ʒaˈmɪnan soˈsial]
jamjam,/d͡ʒamd͡ʒam/
jampi,[ˈd͡ʒampi]
jampidsus,/d͡ʒamˈpidsus/
jampidsus,[d͡ʒamˈpit̪̚.sʊs]
jampidum,/d͡ʒamˈpidum/
jampidum,[d͡ʒamˈpi.dʊm]
jamu,/ˈd͡ʒamu/
jamur,/ˈd͡ʒamur/
jamur,[ˈd͡ʒa.mʊr]
janah,[ˈd͡ʒanah]
janapada,/d͡ʒa.na.pa.da/
janasuci,/d͡ʒanaˈsut͡ʃi/
janasuci,[d͡ʒa.naˈsu.t͡ʃi]
janda,[ˈd͡ʒand̪a]
jang,/ˈjaŋ/
jangak,/ˈd͡ʒaŋak/
jangak,[ˈd͡ʒa.ŋak̚]
jangan,/ˈd͡ʒaŋan/
jangan,[ˈd͡ʒa.ŋan]
jangankan,/d͡ʒaˈŋankan/
jangankan,[d͡ʒaˈŋan.kan]
janganlah,/d͡ʒaˈŋanlah/
janganlah,[d͡ʒaˈŋan.lah]
janggut,[ˈd͡ʒäŋ.ɡut̪̚]
jangka,/ˈd͡ʒaŋka/
jangka,[ˈd͡ʒaŋ.ka]
jangka sorong,/ˈd͡ʒaŋka ˈsɔrɔŋ/
jangkar,[ˈd͡ʒaŋ.kar]
jangkau,/ˈd͡ʒaŋkau̯/
jangkau,[ˈd͡ʒaŋ.kau̯]
jangkauan,/d͡ʒaŋˈkawan/
jangkauan,[d͡ʒaŋˈka.wan]
jangkit,/ˈd͡ʒaŋkit/
jangkit,[ˈd͡ʒaŋ.kɪt̪̚]
jangkos,/ˈd͡ʒaŋkɔs/
jangkos,[ˈd͡ʒaŋ.kɔs]
jangkrik,[ˈd͡ʒaŋkrɪʔ]
jangkung,/ˈd͡ʒaŋkuŋ/
jangkung,[ˈd͡ʒaŋ.kʊŋ]
janin,/ˈd͡ʒanin/
janin,[ˈd͡ʒa.nɪn]
janji,/ˈd͡ʒand͡ʒi/
janji,[ˈd͡ʒaɲ.d͡ʒi]
janjian,/dʒaɲˈdʒi.an/
janjiin,/dʒaɲˈdʒi.ʔɪn/
janjikan,/d͡ʒaɲˈd͡ʒi.kan/
jantan,/ˈd͡ʒantan/
jantan,[ˈd͡ʒan̪.t̪an]
jantina,[d͡ʒanˈtina]
jantung,/ˈd͡ʒantuŋ/
jantung,[ˈd͡ʒan̪.t̪ʊŋ]
januari,/d͡ʒanuˈari/
januari,[d͡ʒa.nuˈa.ri]
janur,/ˈd͡ʒanur/
janur,[ˈd͡ʒa.nʊr]
janur kuning,[ˈd͡ʒanʊr ˈkunɪŋ]
jap,/ˈjap/
jap,[ˈjap̚]
japat,/ˈd͡ʒapat/
japat,[ˈd͡ʒa.pat̪̚]
japri,/d͡ʒa.pri/
jarah,/ˈd͡ʒarah/
jarah,[ˈd͡ʒa.rah]
jarak,[ˈd͡ʒarak̚]
jarak,[ˈd͡ʒaraʔ]
jaran,/ˈd͡ʒaran/
jaran,[ˈd͡ʒa.ran]
jarang,/ˈd͡ʒa.raŋ/
jarang,[ˈd͡ʒa.raŋ]
jargon,/ˈd͡ʒarɡon/
jargon,[ˈd͡ʒar.ɡɔn]
jari,/ˈd͡ʒari/
jari,[ˈd͡ʒa.ri]
jari kaki,/ˌd͡ʒari ˈkaki/
jari kaki,[ˌd͡ʒa.ri ˈka.ki]
jari manis,/d͡ʒari manis/
jari tangan,/ˌd͡ʒari ˈtaŋan/
jari tangan,[ˌd͡ʒa.ri ˈt̪a.ŋan]
jari tengah,[ˈd͡ʒari təˈŋah]
jari-jari,/ˈd͡ʒä.ri ˈd͡ʒä.ri/
jaring,[ˈd͡ʒarɪŋ]
jaringan,[d͡ʒaˈrɪŋan]
jaro,/ˈd͡ʒa.ro/
jaro,[ˈd͡ʒa.ro]
jarum,/ˈd͡ʒarum/
jarum,[ˈd͡ʒa.rʊm]
jarum suntik,/ˌd͡ʒa.rum ˈsun.tik/
jarum suntik,[ˌd͡ʒa.rʊm ˈsun̪.t̪ɪk̚]
jas,/ˈd͡ʒas/
jas,[ˈd͡ʒas]
jas hujan,/ˌd͡ʒas ˈhud͡ʒan/
jas hujan,[ˌd͡ʒas ˈhu.d͡ʒan]
jasa,[ˈd͡ʒasa]
jasa boga,[ˈd͡ʒasa ˈboɡa]
jasad,/ˈd͡ʒasat̚/
jasmani,/d͡ʒasˈmani/
jasmin,/ˈd͡ʒasmin/
jasmin,[ˈd͡ʒas.mɪn]
jasuke,/d͡ʒaˈsuke/
jata,/ˈd͡ʒata/
jata,[ˈd͡ʒa.t̪a]
jatah,[ˈd͡ʒatah]
jatah mantan,/ˌd͡ʒatah ˈmantan/
jatah mantan,[ˌd͡ʒa.t̪ah ˈman̪.t̪an]
jataka,/d͡ʒaˈtaka/
jataka,[d͡ʒaˈt̪a.ka]
jatarupa,[d͡ʒa.taˈru.pa]
jaten,/ˈd͡ʒatɛn/
jaten,[ˈd͡ʒa.t̪ɛn]
jateng,/ˈd͡ʒatəŋ/
jateng,[ˈd͡ʒa.t̪əŋ]
jati,/ˈd͡ʒati/
jati,[ˈd͡ʒa.t̪i]
jatim,/ˈd͡ʒatim/
jatim,[ˈd͡ʒa.t̪ɪm]
jatuh,/ˈd͡ʒatuh/
jatuh,[ˈd͡ʒa.t̪ʊh]
jatuh cinta,/ˌd͡ʒatuh ˈt͡ʃinta/
jatuh cinta,[ˌd͡ʒa.t̪ʊh ˈt͡ʃin̪.t̪a]
jatuh hati,/ˌd͡ʒatuh ˈhati/
jatuh hati,[ˌd͡ʒa.t̪ʊh ˈha.t̪i]
jauh,/ˈd͡ʒauh/
jauh,[ˈd͡ʒa.ʊh]
jauhar,/ˈd͡ʒau̯har/
jawa,/ˈd͡ʒawa/
jawa,[ˈd͡ʒa.wa]
jawa kuno,/ˌd͡ʒawa ˈkuno/
jawa kuno,[ˌd͡ʒa.wa ˈku.no]
jawab,/ˈd͡ʒawab/
jawab,[ˈd͡ʒa.wap̚]
jawaban,/d͡ʒaˈwa.ban/
jawat,[ˈd͡ʒawat̪̚]
jawatan,/d͡ʒaˈwatan/
jawatan,[d͡ʒaˈwa.t̪an]
jawi,/ˈd͡ʒawi/
jawi,[ˈd͡ʒa.wi]
jawi-jawi,/ˌd͡ʒawi ˈd͡ʒawi/
jawi-jawi,[ˌd͡ʒa.wi ˈd͡ʒa.wi]
jaya,/ˈd͡ʒaja/
jaya,[ˈd͡ʒa.ja]
jayapura,/d͡ʒajaˈpura/
jayapura,[d͡ʒa.jaˈpu.ra]
jayastamba,/d͡ʒajasˈtamba/
jayastamba,[d͡ʒa.jasˈt̪am.ba]
jayus,/ˈd͡ʒa.jʊs/
jazirah,/d͡ʒaˈzirah/
je,/d͡ʒe/
je,[d͡ʒe]
jebol,/d͡ʒəˈbol/
jebol,[d͡ʒəˈbɔl]
jejak,[d͡ʒəˈd͡ʒaʔ]
jejaka,/d͡ʒəˈd͡ʒaka/
jejaka,[d͡ʒəˈd͡ʒa.ka]
jejal,/d͡ʒəˈd͡ʒal/
jejal,[d͡ʒəˈd͡ʒal]
jejeritan,/d͡ʒə.d͡ʒəˈri.tan/
jejunum,[d͡ʒeˈd͡ʒunʊm]
jeksi,/ˈd͡ʒeksi/
jeksi,[ˈd͡ʒek̚.si]
jelaga,/d͡ʒə.ˈla.ɡa/
jelah,/d͡ʒə.ˈlah/
jelajah,/d͡ʒəˈlad͡ʒah/
jelajah,[d͡ʒəˈla.d͡ʒah]
jelantah,[d͡ʒəˈlantah]
jelas,/d͡ʒəˈlas/
jelas,[d͡ʒəˈlas]
jelata,/d͡ʒə.la.ta/
jelek,/d͡ʒəˈlɛk/
jelek,[d͡ʒəˈlɛk̚]
jelita,/d͡ʒəlita/
jelma,/d͡ʒəlˈma/
jelma,[d͡ʒəlˈma]
jeluang,/d͡ʒəˈlu.aŋ/
jeluang,[d͡ʒəˈlu.aŋ]
jelus,/d͡ʒəˈlʊs/
jelutung,/d͡ʒəˈlutuŋ/
jelutung,[d͡ʒəˈlu.t̪ʊŋ]
jemaah,/d͡ʒəˈmaʔah/
jemaah,[d͡ʒəˈma.ʔah]
jemaat,/d͡ʒəˈmaat/
jemaat,[d͡ʒəˈma.(ʔ)at̪̚]
jemala,/d͡ʒəˈmala/
jemala,[d͡ʒəˈma.la]
jemba,/d͡ʒəmˈba/
jemba,/ˈd͡ʒɛmba/
jemba,[d͡ʒəmˈba]
jemba,[ˈd͡ʒem.ba]
jembatan,/d͡ʒəmˈbatan/
jembatan,[d͡ʒəmˈba.t̪an]
jembatan gantung,/d͡ʒəmˌba.tan ˈɡan.tuŋ/
jembatan gantung,[d͡ʒəmˌba.t̪an ˈɡan̪.t̪ʊŋ]
jembatan pelengkung,/d͡ʒəmˌba.tan ˈpə.ləŋ.kuŋ/
jembatan pelengkung,[d͡ʒəmˌba.t̪an ˈpə.ləŋ.kʊŋ]
jembatan rangka batang,/d͡ʒəmˌba.tan ˌraŋ.ka ˈba.taŋ/
jembatan rangka batang,[d͡ʒəmˌba.t̪an ˌraŋ.ka ˈba.t̪aŋ]
jembatan rasuk,/d͡ʒəmˌba.tan ˈra.suk/
jembatan rasuk,[d͡ʒəmˌba.t̪an ˈra.sʊk̚]
jember,/ˈd͡ʒəm.bər/
jember,[ˈd͡ʒəm.bər]
jempana,/d͡ʒəmˈpana/
jempana,[d͡ʒəmˈpa.na]
jemput,/d͡ʒəm.ˈpʊt/
jenaka,/d͡ʒəˈnaka/
jenaka,[d͡ʒəˈna.ka]
jenama,/d͡ʒəˈnama/
jenama,[d͡ʒəˈna.ma]
jenang,/d͡ʒəˈnaŋ/
jenang,[d͡ʒəˈnaŋ]
jenar,/d͡ʒəˈnar/
jenar,[d͡ʒəˈnar]
jenasah,/d͡ʒəˈnasah/
jenawi,/d͡ʒəˈnawi/
jenawi,[d͡ʒəˈna.wi]
jenazah,/d͡ʒəˈnasah/
jenazah,/d͡ʒəˈnazah/
jendela,/d͡ʒənˈdɛla/
jendela,[d͡ʒənˈdɛ.la]
jendela rongga,/d͡ʒənˈdɛla ˈrɔŋɡa/
jendela teluk,/d͡ʒənˈdɛla təˈlʊk̚/
jenderal,/ˈd͡ʒəndəral/
jenderal,[ˈd͡ʒən.də.ral]
jeneng,/ˈd͡ʒɛ.nɛŋ/
jenewa,/d͡ʒəˈnɛwa/
jenewa,[d͡ʒəˈnɛ.wa]
jenewer,[d͡ʒɛˈnewər]
jenggala,/d͡ʒəŋˈɡala/
jenggala,[d͡ʒəŋˈɡa.la]
jengkel,/ˈd͡ʒeŋkel/
jeniper,/d͡ʒəˈnipər/
jenis,/d͡ʒəˈnis/
jenis,[d͡ʒəˈnɪs]
jenis kelamin,/d͡ʒəˌnis kəˈlamin/
jenis kelamin,[d͡ʒəˌnɪs kəˈla.mɪn]
jenis-jenis,/d͡ʒəˌnis d͡ʒəˈnis/
jenis-jenis,[d͡ʒəˌnɪs d͡ʒəˈnɪs]
jenjang,/d͡ʒənˈd͡ʒaŋ/
jenjang,[d͡ʒəɲˈd͡ʒaŋ]
jentayu,/d͡ʒənˈtaju/
jentayu,[d͡ʒən̪ˈt̪a.ju]
jentera,/ˈd͡ʒəntəra/
jentera,[ˈd͡ʒən̪.t̪ə.ra]
jentik,[d͡ʒənˈtɪk̚]
jenuh,/d͡ʒəˈnuh/
jenuh,[d͡ʒəˈnʊh]
jepang,/d͡ʒəˈpaŋ/
jepang,[d͡ʒəˈpaŋ]
jepit,[d͡ʒəˈpɪt̚]
jepit rambut,/d͡ʒə.pɪt̚ ram.bʊt̚/
jepun,/d͡ʒəˈpun/
jepun,[d͡ʒəˈpun]
jerami,/d͡ʒəˈra.mi/
jerami,[d͡ʒəˈra.mi]
jerapah,/d͡ʒəˈrapah/
jerapah,[d͡ʒəˈra.pah]
jerau,/d͡ʒə.ˈrau̯/
jerawat,[d͡ʒə.ˈrä.wät̪̚]
jerigen,[d͡ʒɛˈriɡɛn]
jeriji,/d͡ʒəˈrid͡ʒi/
jeriji,[d͡ʒəˈri.d͡ʒi]
jeriken,/d͡ʒeˈriken/
jeriken,[d͡ʒeˈri.kɛn]
jerit,/d͡ʒəˈrɪt̚/
jeritan,/d͡ʒəˈri.tan/
jerman,/ˈd͡ʒɛrman/
jerman,[ˈd͡ʒɛr.man]
jernang,/d͡ʒər.ˈnaŋ/
jernih,/d͡ʒərˈnih/
jernih,[d͡ʒərˈnɪh]
jero,/d͡ʒəˈro/
jero,[d͡ʒəˈro]
jeroan,[d͡ʒəˈroan]
jeruk,/d͡ʒəˈruʔ/
jeruk,[d͡ʒəˈrʊʔ]
jeruk bali,/d͡ʒəˌruʔ ˈbali/
jeruk bali,[d͡ʒəˌrʊʔ ˈba.li]
jet,/ˈd͡ʒɛt/
jet,[ˈd͡ʒɛt̪̚]
jf,/ˈd͡ʒe.ɛf/
jf,[ˈd͡ʒe.ɛf]
jfa,/d͡ʒeˈɛf.a/
jfa,[d͡ʒeˈɛf.a]
jianbang,/d͡ʒiˈanbaŋ/
jianbang,[d͡ʒiˈan.baŋ]
jiarah,/d͡ʒiˈarah/
jiarah,[d͡ʒiˈa.rah]
jib,/ˈd͡ʒib/
jib,[ˈd͡ʒɪp̚]
jibaku,/d͡ʒiˈbaku/
jibaku,[d͡ʒiˈba.ku]
jibun,/ˈd͡ʒibun/
jibun,[ˈd͡ʒi.bʊn]
jicap,[ˈd͡ʒit͡ʃap̚]
jicing,[ˈd͡ʒit͡ʃɪŋ]
jidar,[ˈd͡ʒidar]
jidat,/ˈd͡ʒidat/
jidat,[ˈd͡ʒi.dat̪̚]
jie,/ˈd͡ʒiə/
jie,[ˈd͡ʒi.ə]
jigo,/ˈd͡ʒi.ɡo/
jihandak,/d͡ʒiˈhandak/
jihandak,[d͡ʒiˈhan.dak̚]
jijay,/ˈd͡ʒi.d͡ʒai̯/
jijik,/ˈd͡ʒid͡ʒik/
jijik,[ˈd͡ʒi.d͡ʒɪk̚]
jijikkan,/d͡ʒiˈd͡ʒɪʔ.kan/
jika,/ˈd͡ʒika/
jika,[ˈd͡ʒi.ka]
jilat,/ˈd͡ʒilat/
jilid,[ˈd͡ʒilɪt̚]
jilmek,/ˈdʒil.mek/
jimat,/ˈd͡ʒimat/
jimat,[ˈd͡ʒi.mat̪̚]
jimi jib,/ˈd͡ʒimi ˈd͡ʒɪp̚/
jin,/ˈd͡ʒin/
jin,[ˈd͡ʒin]
jinayah,[d͡ʒiˈnajah]
jingga,/ˈd͡ʒiŋɡa/
jingga,[ˈd͡ʒiŋ.ɡa]
jingga metil,/ˈd͡ʒiŋ.ɡa ˈme.tɪl/
jingga pelangi,/ˈd͡ʒiŋ.ɡa pə.ˈla.ŋi/
jingoisme,/d͡ʒiŋoˈismə/
jingoisme,[d͡ʒi.ŋoˈis.mə]
jinja,/ˈd͡ʒind͡ʒa/
jinja,[ˈd͡ʒiɲ.d͡ʒa]
jintan,[ˈd͡ʒɪntan]
jip,/ˈjip/
jip,[ˈd͡ʒɪp]
jip,[ˈjɪp̚]
jiran,/ˈd͡ʒiran/
jiran,[ˈd͡ʒi.ran]
jirat,/ˈd͡ʒirat/
jirat,[ˈd͡ʒi.rat̪̚]
jitu,/ˈd͡ʒitu/
jiwa,/ˈd͡ʒiwa/
jiwa,[ˈd͡ʒi.wa]
jodoh,[ˈd͡ʒodɔh]
jogan,/ˈd͡ʒoɡan/
jogan,[ˈd͡ʒo.ɡan]
jogar,/ˈd͡ʒoɡar/
jogar,[ˈd͡ʒo.ɡar]
joget,[ˈdʒoˈɡɛt]
jogja,/ˈd͡ʒoɡd͡ʒa/
jogja,[ˈd͡ʒok̚.d͡ʒa]
joglo,[ˈd͡ʒɔklo]
johan,[ˈjo.han]
johor bahru,/d͡ʒɔhɔr ˈba(h)ru/
johor baru,/ˌd͡ʒɔhɔr ˈbaru/
johor baru,[ˌd͡ʒɔ.hɔr ˈba.ru]
jok,/ˈd͡ʒoʔ/
jok,[ˈd͡ʒɔʔ]
joker,/ˈd͡ʒokər/
joker,[ˈd͡ʒo.kər]
joki,[ˈd͡ʒoki]
jokowi,/d͡ʒoˈko.wi/
jokowi,[d͡ʒoˈko.wi]
jokul,/ˈd͡ʒo.kul/
jokul,[ˈd͡ʒo.kʊl]
jokut,/ˈd͡ʒokut/
jokut,[ˈd͡ʒo.kʊt̪̚]
joli,/ˈd͡ʒoli/
jomblo,[ˈd͡ʒɔmblo]
jomlo,[ˈd͡ʒɔmlo]
jomok,/ˈd͡ʒɔmɔʔ/
jomok,[ˈd͡ʒɔ.mɔʔ]
jong,/ˈd͡ʒoŋ/
jong,[ˈd͡ʒoŋ]
jongkok,/ˈd͡ʒoŋkok/
jongkok,[ˈd͡ʒoŋ.kɔk̚]
jongkos,/ˈd͡ʒɔŋkɔs/
jongkos,[ˈd͡ʒoŋ.kɔs]
jongos,[ˈd͡ʒoŋɔs]
joni,/ˈd͡ʒoni/
joni,[ˈd͡ʒo.ni]
joran,/ˈd͡ʒɔ.ran/
jorong,/ˈd͡ʒoroŋ/
jorong,[ˈd͡ʒo.rɔŋ]
jouska,/d͡ʒoˈuska/
jouska,[d͡ʒoˈus.ka]
jpu,/d͡ʒeˈpeu/
jua,/ˈd͡ʒua/
jua,[ˈd͡ʒu.a]
juag,/ˈd͡ʒuak̚/
jual,/ˈd͡ʒual/
jual,[ˈd͡ʒu.al]
juang,/ˈd͡ʒuaŋ/
juang,[ˈd͡ʒu.aŋ]
juara,[ˈd͡ʒuʷara]
jubah,[ˈju.bah]
jubilaris,/d͡ʒubiˈlaris/
jubilaris,[d͡ʒu.biˈla.rɪs]
jubir,/ˈd͡ʒubir/
jubir,[ˈd͡ʒu.bɪr]
judi,[ˈd͡ʒud̪i]
judi bola,/ˌd͡ʒu.di ˈbo.la/
judi bola,[ˌd͡ʒu.di ˈbo.la]
judo,/ˈd͡ʒudo/
judo,[ˈd͡ʒu.do]
judogi,/d͡ʒu.do.ɡi/
judoka,/d͡ʒu.do.ka/
judol,/ˈdʒudol/
judol,[ˈdʒudɔl]
judul,/ˈd͡ʒu.dul/
judul,[ˈd͡ʒu.dʊl]
juhi,[ˈd͡ʒu.hi]
jujitsu,/d͡ʒuˈd͡ʒit.su/
jujitsu,[d͡ʒuˈd͡ʒit̪̚.su]
jujur,/ˈd͡ʒud͡ʒur/
jujur,[ˈd͡ʒu.d͡ʒʊr]
jujutan,/d͡ʒuˈd͡ʒʊt̚an/
jujutsu,/d͡ʒuˈd͡ʒutsu/
jujutsu,[d͡ʒuˈd͡ʒut̪̚.su]
juklak,/ˈd͡ʒuklak/
juklak,[ˈd͡ʒuk̚.lak̚]
jukminum,/d͡ʒukˈminum/
jukminum,[d͡ʒuk̚ˈmi.nʊm]
juknis,/ˈd͡ʒuknis/
juknis,[ˈd͡ʒuk̚.nɪs]
julang,/ˈd͡ʒulaŋ/
julang,[ˈd͡ʒu.laŋ]
juli,/ˈd͡ʒuli/
juli,[ˈd͡ʒu.li]
jumadilakhir,/d͡ʒumadilˈʔaxir/
jumadilakhir,[d͡ʒu.ma.dilˈʔa.xɪr]
jumadilawal,/d͡ʒumadilˈʔawal/
jumadilawal,[d͡ʒu.ma.dilˈʔa.wal]
jumantik,/d͡ʒuˈmantik/
jumantik,[d͡ʒuˈman̪.t̪ɪk̚]
jumat,/ˈd͡ʒumʔat/
jumat,[ˈd͡ʒum.ʔat̪̚]
jumat agung,/ˌd͡ʒu.mat ˈa.ɡuŋ/
jumat agung,[ˌd͡ʒu.mat̪̚ ˈa.ɡʊŋ]
jumbrek,/ˈd͡ʒʊmbrək̚/
jumlah,/ˈd͡ʒumlah/
jumlah,[ˈd͡ʒum.lah]
jumpa,/ˈd͡ʒumpa/
jumpa,[ˈd͡ʒum.pa]
jung,[ˈd͡ʒʊŋ]
juni,/ˈd͡ʒuni/
juni,[ˈd͡ʒu.ni]
junior,/d͡ʒuˈniɔr/
junior,[d͡ʒuˈni.ɔr]
junjung,/ˈd͡ʒund͡ʒuŋ/
junjung,[ˈd͡ʒuɲ.d͡ʒʊŋ]
junjungan,/d͡ʒuɲˈd͡ʒuŋan/
junjungkan,/d͡ʒuɲˈd͡ʒuŋkan/
junjunglah,/d͡ʒuɲˈd͡ʒuŋlah/
junta,/ˈd͡ʒunta/
junta,[ˈd͡ʒun̪.t̪a]
jupiter,/d͡ʒuˈpitər/
jupiter,[d͡ʒuˈpi.t̪ər]
jurang,/ˈd͡ʒu.raŋ/
juriat,/d͡ʒuˈriat/
juriat,[d͡ʒuˈri.at̪̚]
juring,/ˈd͡ʒu.riŋ/
juring,[ˈd͡ʒu.rɪŋ]
jurit,[ˈd͡ʒurɪt̚]
jurit malam,[ˈd͡ʒurɪt̚ ˈmalam]
jurnal,[ˈd͡ʒʊrnal]
jurnal penutup,/ˈd͡ʒʊrnal pəˈnutʊp̚/
jurnalis,/d͡ʒʊrˈnalɪs/
jurnalisme,/d͡ʒʊr.na.ˈlɪs.mə/
jurnalistik,/d͡ʒʊrˈnalɪs.tik/
juru,/ˈd͡ʒuru/
juru,[ˈd͡ʒu.ru]
juru bahasa,/ˌd͡ʒuru baˈhasa/
juru bahasa,[ˌd͡ʒu.ru baˈha.sa]
juru bicara,/ˈd͡ʒu.ru bi.ˈt͡ʃa.ra/
juru langsir,/ˌd͡ʒu.ru ˈlaŋ.sir/
juru langsir,[ˌd͡ʒu.ru ˈlaŋ.sɪr]
juru rawat,[ˈd͡ʒuru ˈrawat̚]
juru sita,/ˈd͡ʒuru ˈsita/
juru tera,/ˈd͡ʒuru təˈra/
juru uang,[ˈd͡ʒuru ˈʊa̯ŋ]
juru ukur,/ˌd͡ʒuru ˈukur/
juru ukur,[ˌd͡ʒu.ru ˈu.kʊr]
juru ulas,[ˈd͡ʒuru ˈʊlas]
juruh,[ˈd͡ʒurʊh]
jurus,[ˈd͡ʒurʊs]
jurusan,[d͡ʒuˈrʊsan]
jus,/ˈd͡ʒus/
jus,[ˈd͡ʒʊs]
justifikasi,/d͡ʒustifiˈkasi/
justifikasi,[d͡ʒus.t̪i.fiˈka.si]
juta,/ˈd͡ʒuta/
juta,[ˈd͡ʒu.t̪a]
juvenil,/ˈd͡ʒuvənil/
juvenil,[ˈd͡ʒu.fə.nɪl]
juvenilis,/d͡ʒuveˈnilis/
juvenilis,[d͡ʒu.feˈni.lɪs]
juz,/ˈd͡ʒʊz/
k,/k/
k,/ka/
k/l,/ˈkaɛl/
k3,/ˌka ˈti.ɡa/
k3,[ˌka ˈt̪i.ɡa]
k3rs,/ka.ti.ɡa.ˈɛr.ɛs/
ka,/ˈka/
ka,[ˈka]
kaba,/ˈkaba/
kabana,[kaˈbana]
kabar,/ˈkabar/
kabar,[ˈka.bar]
kabar angin,[ˈkabar ˈaŋɪn]
kabar baik,/ˌkabar ˈbaik/
kabar baik,[ˌka.bar ˈba.ɪk̚]
kabel,[ˈkabəl]
kabin,[ˈkabɪn]
kabinet,/ka.ˈbi.nɛt/
kabisat,/ka.ˈbi.sat̚/
kabotase,[kaboˈtasə]
kabriolet,[kapriˈolɛt̚]
kabuki,/kaˈbuki/
kabul,/ˈka.bʊl/
kabung,/ˈkabuŋ/
kabung,[ˈka.bʊŋ]
kabung-kabung,/ˌkabuŋ ˈkabuŋ/
kabung-kabung,[ˌka.bʊŋ ˈka.bʊŋ]
kabupaten,/kabuˈpaten/
kabupaten,/kabuˈpatɛn/
kabupaten,[ka.buˈpa.t̪ɛn]
kabur,/ka.bʊr/
kabus,/ˈkabus/
kabus,[ˈka.bʊs]
kabut,/ˈkabut/
kabut,[ˈka.bʊt̪̚]
kabut asap,/ˈkabʊt ˈasap/
kaca,/ˈkat͡ʃa/
kaca,[ˈka.t͡ʃa]
kaca pembesar,[ˈkat͡ʃa pəmbəˈsar]
kacamata,/kat͡ʃaˈmata/
kacamata,[ka.t͡ʃaˈma.t̪a]
kacang,/ˈkat͡ʃaŋ/
kacang,[ˈka.t͡ʃaŋ]
kacang hijau,/ˌkat͡ʃaŋ ˈhid͡ʒau̯/
kacang hijau,[ˌka.t͡ʃaŋ ˈhi.d͡ʒau̯]
kacang ruji,/ˌka.t͡ʃaŋ ˈru.d͡ʒi/
kacang ruji,[ˌka.t͡ʃaŋ ˈru.d͡ʒi]
kacangin,/kaˈt͡ʃaŋin/
kacangin,[kaˈt͡ʃa.ŋɪn]
kacapuri,/ka.t͡ʃaˈpu.ri/
kacapuri,[ka.t͡ʃaˈpu.ri]
kacau,/ˈkat͡ʃau̯/
kacau,[ˈka.t͡ʃau̯]
kacek,[ˈkat͡ʃɛk̚]
kacembang,/ˈkat͡ʃəmbaŋ/
kacembang,[ˈka.t͡ʃəm.baŋ]
kacoa,[ˈkat͡ʃoa]
kacoak,[kaˈt͡ʃoaʔ]
kacuk,/ˈkat͡ʃuk/
kacuk,/ˈkat͡ʃuʔ/
kacuk,[ˈka.t͡ʃʊk̚]
kacuk,[ˈka.t͡ʃʊʔ]
kacung,/ˈkat͡ʃʊŋ/
kadal,/ˈkadal/
kadal,[ˈka.dal]
kadal gurun,[ˈkadal ˈɡurʊn]
kadalan,/kaˈdalan/
kadalan,[kaˈda.lan]
kadar,[ˈkad̪ar]
kadaster,/kadastər/
kadaver,/ka.da.vər/
kader,[ˈkadər]
kadera,[kaˈd̪ɛ.ra]
kadet,[ˈkadɛt]
kadi,/ˈka.di/
kadin,/ˈkadin/
kadin,[ˈka.dɪn]
kadipaten,[kad̪iˈpat̪ɛn]
kado,/ˈkado/
kado,[ˈka.do]
kadru,/ˈka.dru/
kadrun,/kaˈdrʊn/
kaf,/ˈkaf/
kaf,[ˈkaf]
kafalah,/kaˈfalah/
kafalah,[kaˈfa.lah]
kafan,[ˈkafan]
kafe,[ˈkafe]
kafelate,/kafeˈlate/
kafelate,[ka.feˈla.t̪e]
kafilah,/kaˈfilah/
kafir,/ˈkafir/
kafir,[ˈka.fɪr]
kafirkan,/kaˈfirkan/
kafirkan,[kaˈfir.kan]
kaftan,/ˈkaftan/
kaget,[ˈkaɡɛt̚]
kagok,/ˈkaɡɔk/
kagok,/ˈkaɡɔʔ/
kagok,[ˈka.ɡɔk̚]
kagok,[ˈka.ɡɔʔ]
kagum,/ˈkaɡum/
kagum,[ˈka.ɡʊm]
kahak,[ˈkahak]
kahar,/ˈkahar/
kahim,/ˈka.him/
kahim,[ˈka.hɪm]
kahrab,/ˈkahrab/
kahrab,[ˈkah.rap̚]
kahwa,/ˈkahwa/
kahwa,[ˈkah.wa]
kaidah,[kaˈidah]
kaiju eiga,[ˈkai̯d͡ʒu ˈeiɡa]
kail,[ˈkaɪl]
kailan,/kaˈilan/
kailan,[kaˈi.lan]
kain,[ˈka.ɪn]
kain antelas,/ˌka.in ˈan.tə.las/
kain antelas,[ˌka.ɪn ˈan̪.t̪ə.las]
kain basahan,/ˌka.in baˈsa.han/
kain basahan,[ˌka.ɪn baˈsa.han]
kain batik,/ˌkain ˈbatiʔ/
kain batik,[ˌka.ɪn ˈba.t̪ɪʔ]
kaing,[ˈkaɪŋ]
kainofobia,/kai̯.nɔ.fɔˈbi.a/
kais,/ˈka.ɪs/
kaisar,/ˈkai̯sar/
kaisar,[ˈkai̯.sar]
kaisarisme,/kaisaˈrismə/
kaisarisme,[ka.i.saˈris.mə]
kait,/ˈkait/
kait,[ˈka.ɪt̪̚]
kaizen,/kaˈizɛn/
kaizen,[kaˈi.zɛn]
kajang,/ˈka.d͡ʒaŋ/
kajang,[ˈka.d͡ʒaŋ]
kaji,/ˈkad͡ʒi/
kaji,[ˈka.d͡ʒi]
kaji lama,/ˌkad͡ʒi ˈlama/
kaji lama,[ˌka.d͡ʒi ˈla.ma]
kajian,/ka.ˈd͡ʒi.an/
kajur,/ˈka.d͡ʒur/
kajur,[ˈka.d͡ʒʊr]
kak,/ka.ˈa.ka/
kakak,/ˈkakaʔ/
kakak,[ˈka.kaʔ]
kakak ipar,/ˈkakak̚ ˈɪpar/
kakak tingkat,/ˌkakaʔ ˈtiŋkat/
kakak tingkat,[ˌka.kaʔ ˈt̪iŋ.kat̪̚]
kakaktua,/kakaʔˈtua/
kakaktua,[ka.kaʔˈt̪u.a]
kakang,[ˈkakaŋ]
kakao,[ˈkakao̯]
kakatua,/kakaˈtua/
kakatua,[ka.kaˈt̪u.a]
kakawin,[kaˈka.wɪn]
kakek,/ˈkakɛʔ/
kakek,[ˈka.kɛʔ]
kakek zeus,/ˌkakeʔ ˈzeus/
kakek zeus,[ˌka.kɛʔ ˈze.ʊs]
kakerlak,[kakərˈlak̚]
kaki,/ˈkaki/
kaki,[ˈka.ki]
kaki langit,/ˈkaki ˈlaŋɪt/
kaki lima,[ˈkaki ˈlima]
kaki tiga,/ˈka.ki ˈti.ɡa/
kakistokrasi,/kakistokˈrasi/
kakistokrasi,[ka.kis.t̪ok̚ˈra.si]
kaktus,/ˈkaktus/
kaktus,[ˈkak̚.t̪ʊs]
kaku mayat,/ˈka.ku ˈma.jat/
kakus,/ˈkakus/
kakus,[ˈka.kʊs]
kala,/ˈkala/
kala mendatang,/ˌka.la mənˈda.taŋ/
kala mendatang,[ˌka.la mənˈda.t̪aŋ]
kalabendu,[kalabənˈdu]
kaladuta,[ka.laˈdu.ta]
kalah,/ˈka.lah/
kalahkan,/kaˈlah.kan/
kalajengking,[ka.laˈdʒəŋ.kiŋ]
kalau,/ˈkalau̯/
kalau,[ˈka.lau̯]
kalau tidak salah,/ˌka.lau̯ ˌti.dak ˈsa.lah/
kalau tidak salah,[ˌka.lau̯ ˌt̪i.dak̚ ˈsa.lah]
kalawasana,[kalawaˈsana]
kalbar,/ˈkal.bar/
kalbar,[ˈkal.bar]
kaldera,/kalˈdɛ.ra/
kaldera,[kalˈdɛ.ra]
kaldu,/ˈkaldu/
kaldu,[ˈkal.du]
kalem,[ˈkaləm]
kalender,[kaˈlɛndər]
kaleng,[ˈkalɛŋ]
kali,/ˈkali/
kali,[ˈka.li]
kali ini,/ˌkali ˈini/
kali ini,[ˌka.li ˈi.ni]
kalian,/kaˈlian/
kalian,[kaˈli.an]
kaliber,[kaˈli.bər]
kalibrasi,[kaliˈbrasi]
kaligrafi,/ka.li.ˈɡra.fi/
kaliks,/ˈkalɪks/
kalimah,/kaˈlimah/
kalimah,[kaˈli.mah]
kalimantan,[ka.liˈman.tan]
kalimat,/kaˈlimat/
kalimat,[kaˈli.mat̪̚]
kalimat majemuk bertingkat,/ka.ˈli.mat̚ ma.d͡ʒə.ˈmʊk̚ bər.ˈtɪŋ.kat̚/
kalimat majemuk setara,/ka.ˈli.mat̚ ma.d͡ʒə.ˈmʊk̚ sə.ˈta.ra/
kalimat tunggal,/ka.ˈli.mat̚ ˈtʊŋ.ɡal/
kalis,/ˈka.lɪs/
kalium,/kaˈlium/
kalium,[kaˈli.ʊm]
kalium klorida,/kaˌlium kloˈrida/
kalium klorida,[kaˌli.ʊm kloˈri.da]
kalk,[ˈkal(ə̆)ʔ]
kalke,[ˈkalkə]
kalkir,[ˈkal.kɪr]
kalkulasi,[kalkuˈlasi]
kalkulator,/kalkuˈlator/
kalkulator,[kal.kuˈla.t̪ɔr]
kalkulus,/kalˈkulus/
kalkulus,[kalˈku.lʊs]
kalor,[ˈkalɔr]
kalori,[kaˈlori]
kalorimetri,/kaloriˈmɛtri/
kalorimetri,[ka.lo.riˈmɛt̪̚.ri]
kalpasastra,[kal.paˈsas.tra]
kalsium karbonat,/kalˌsium karˈbonat/
kalsium karbonat,[kalˌsi.ʊm karˈbo.nat̪̚]
kaltara,/kalˈta.ra/
kaltara,[kalˈt̪a.ra]
kalteng,/ˈkal.təŋ/
kalteng,[ˈkal.t̪əŋ]
kaltim,/ˈkaltim/
kaltim,[ˈkal.t̪ɪm]
kalumet,[kaˈlumɛt]
kalung,/ˈka.lʊŋ/
kalungi,/kaˈluŋi/
kalungi,[kaˈlu.ŋi]
kalungkan,/kaˈluŋkan/
kalungkan,[kaˈluŋ.kan]
kalurahan,/ka.lu.ˈrah.an/
kam,/ˈkam/
kam,[ˈkam]
kama,/ˈkama/
kama,[ˈka.ma]
kamanai,/ka.ma.naj/
kamar,[ˈka.mar]
kamar bersalin,/ˌka.mar bərˈsa.lin/
kamar bersalin,[ˌka.mar bərˈsa.lɪn]
kamar gema,/ˌkamar ɡəˈma/
kamar gema,[ˌka.mar ɡəˈma]
kamar mandi,[ˈkamar ˈmandi]
kamar mandi basah,/ˈkamar ˈmandi ˈbasah/
kamar mandi kering,/ˈkamar ˈmandi kəˈrɪŋ/
kamar pas,[ˈkamar ˈpas]
kamber,/ˈkam.bər/
kambing,/ˈkambiŋ/
kambing,[ˈkam.bɪŋ]
kambing hitam,/ˌkambiŋ ˈhitam/
kambing hitam,[ˌkam.bɪŋ ˈhi.t̪am]
kambing hutan,/ˌkambiŋ ˈhutan/
kambing hutan,[ˌkam.bɪŋ ˈhu.t̪an]
kamboja,/kamˈbod͡ʒa/
kamboja,[kamˈbo.d͡ʒa]
kamera,[kaˈmɛ.ra]
kamerad,/kaməˈrat/
kamerad,[ka.məˈrat̪̚]
kamerun,/kaˈmɛrun/
kamerun,[kaˈmɛ.rʊn]
kamfer,/ˈkam̪.fər/
kami,/ˈkami/
kami,[ˈka.mi]
kamikaze,/kamikaze/
kamirawaan,/kamiraˈwaan/
kamirawaan,[ka.mi.raˈwa.(ʔ)an]
kamis,/ˈkamis/
kamis,[ˈka.mɪs]
kamis putih,/ˈka.mɪs ˈpu.tɪh/
kamis suci,/ˌka.mis ˈsu.t͡ʃi/
kamis suci,[ˌka.mɪs ˈsu.t͡ʃi]
kamisa,[kaˈmisa]
kamp,[ˈkamp]
kampai,/ˈkam.pai̯/
kampang,[ˈkampaŋ]
kampanye,/kamˈpaɲə/
kampanye,[kamˈpa.ɲə]
kampas,/ˈkampas/
kampas,[ˈkam.pas]
kamper,/ˈkam.pər/
kamping,[ˈkam.pɪŋ]
kampiun,/kamˈpiun/
kampiun,[kamˈpi.ʊn]
kampung,/ˈkampuŋ/
kampung,[ˈkam.pʊŋ]
kampus,/ˈkampus/
kampus,[ˈkam.pʊs]
kamrad,[ˈkamrat̪̚]
kamsen,[ˈkamsɛn]
kamsia,/kamˈsia/
kamsia,[kamˈsi.a]
kamsud,/ˈkamsud/
kamsud,[ˈkam.sʊt̪̚]
kamu,/ˈkamu/
kamu,[ˈka.mu]
kamuflase,/kamuflasə/
kamus,/ˈkamus/
kamus,[ˈka.mʊs]
kan,/ˈkan/
kan,[ˈkan]
kanabis,[kaˈnabɪs]
kanak,/ˈkanak/
kanak,[ˈka.nak̚]
kanal,/ˈkanal/
kanal,[ˈka.nal]
kanalisasi,/kanaliˈsasi/
kanalisasi,[ka.na.liˈsa.si]
kanan,/ˈkanan/
kanan,[ˈka.nan]
kanca,/ˈkɔnt͡ʃɔ/
kanca,[ˈkan.t͡ʃa]
kancilan,/kanˈt͡ʃilan/
kancilan,[kaɲˈt͡ʃi.lan]
kancing,[ˈkan.t͡ʃɪŋ]
kandang,[ˈkan.daŋ]
kandang dan tandang,[kandaŋ dan tandaŋ]
kandela,/kanˈdela/
kandela,[kanˈde.la]
kandelar,/kan.də.ˈlar/
kandelir,/kan.də.ˈlɪr/
kandidat,/kanˈdi.dat̚/
kandil,/ˈkan.dɪl/
kandung,/ˈkanduŋ/
kandung,[ˈkan.dʊŋ]
kandung kemih,/ˌkanduŋ kəˈmih/
kandung kemih,[ˌkan.dʊŋ kəˈmɪh]
kandungan,/kanˈduŋan/
kandungan,[kanˈdu.ŋan]
kangen,/ˈkaŋən/
kangen,[ˈka.ŋən]
kangka,[ˈkaŋka]
kangkok,/ˈkaŋkok/
kangkok,[ˈkaŋ.kɔk̚]
kangkung,/ˈkaŋkuŋ/
kangkung,[ˈkaŋ.kʊŋ]
kangsa,[ˈkaŋsa]
kanguru,/kaˈŋuru/
kanisah,/kaˈnisah/
kanisah,[kaˈni.sah]
kanister,/kaˈnistər/
kanister,[kaˈnis.t̪ər]
kanit,/ka.nit/
kanji,/kan.d͡ʒi/
kanker,[ˈkan.kər]
kanker,[ˈkaŋ.kər]
kanon,/ˈkanon/
kanon,[ˈka.nɔn]
kanonik,/kaˈnonik/
kanonik,[kaˈno.nɪk̚]
kanonis,/kanonɪs/
kanonisasi,/kanoniˈsasi/
kanonisasi,[ka.no.niˈsa.si]
kans,/ˈkans/
kans,[ˈkans]
kansel,[ˈkansəl]
kanselerai,/kɑn.sə.ˈle.rai/
kanselir,[kansəˈlɪr]
kanser,/ˈkansər/
kanser,[ˈkan.sər]
kanstin,/ˈkan.stɪn/
kanta,/ˈkanta/
kanta,[ˈkan̪.t̪a]
kantata,[kanˈtata]
kanti,/ˈkan.ti/
kantilever,[kantiˈlɛvər]
kanto,/ˈkanto/
kanto,[ˈkan̪.t̪o]
kantong,/ˈkantoŋ/
kantong,[ˈkan̪.t̪ɔŋ]
kantong empedu,/ˈkantɔŋ əmpəˈdu/
kantong kemiskinan,/ˌkantoŋ kəmisˈkinan/
kantong kemiskinan,[ˌkan̪.t̪ɔŋ kə.misˈki.nan]
kantor,[ˈkantɔr]
kantor besar,/ˌkantor bəˈsar/
kantor besar,[ˌkan̪.t̪ɔr bəˈsar]
kantor polisi,[ˈkantɔr poˈlisi]
kantor pusat,/ˌkantor ˈpusat/
kantor pusat,[ˌkan̪.t̪ɔr ˈpu.sat̪̚]
kantor wilayah,[ˈkantɔr wiˈlajah]
kanvas,[ˈkanvas]
kanwil,[ˈkanwɪl]
kaolinisasi,/kaoliniˈsasi/
kaolinisasi,[ka.o.li.niˈsa.si]
kaos,/ˈka.ɔs/
kap,/ˈkap̚/
kapabel,[kaˈpabəl]
kapabilitas,[kapabiˈlitas]
kapak,/ˈka.pak/
kapal,/ˈkapal/
kapal,[ˈka.pal]
kapal katung,/ˌkapal ˈkatuŋ/
kapal katung,[ˌka.pal ˈka.t̪ʊŋ]
kapal pesiar,/ˌkapal pəˈsiar/
kapal pesiar,[ˌka.pal pəˈsi.ar]
kapal selam,/ˌkapal səˈlam/
kapal selam,[ˌka.pal səˈlam]
kapal terbang,/ˌkapal tərˈbaŋ/
kapal terbang,[ˌka.pal t̪ərˈbaŋ]
kapal wisata,/ˌkapal wiˈsata/
kapal wisata,[ˌka.pal wiˈsa.t̪a]
kapalan,[kaˈpalan]
kapan,/ˈkapan/
kapan,[ˈka.pan]
kapan pun,/ka.pan ˈpun/
kapan saja,/ka.pan ˈsa.d͡ʒa/
kapanewon,/kapaˈnɛwɔn/
kapanewon,[ka.paˈnɛ.wɔn]
kapang,[ˈkapaŋ]
kapar,/ˈkapar/
kapar,[ˈka.par]
kapas,/ˈka.pas/
kapasitas,/kapaˈsitas/
kapasitas kalor,/kapaˈsitas ˈkalɔr/
kapasitas mesin,/ka.pa.ˈsi.tas mə.ˈsɪn/
kapasitor,[ka.paˈsi.tɔr]
kapel,[ˈkapɛl]
kapela,[kaˈpɛla]
kapibara,/kapiˈbara/
kapibara,[ka.piˈba.ra]
kapilaritas,[kapilaˈritas]
kapiler,[kaˈpilɛr]
kapisa,/ka.pi.sa/
kapita,[kaˈpita]
kapita selekta,[kaˈpita səˈlɛkta]
kapital,[kaˈpital]
kapitalis,/kapiˈtalis/
kapitalisasi,[kaptaliˈsasi]
kapitalisme,[kapitalˈɪsmə]
kapitan,/kaˈpitan/
kapitan,[kaˈpi.t̪an]
kapitasi,[kapiˈtasi]
kapitulasi,[kapituˈlasi]
kapo,/ˈkapo/
kapo,[ˈka.po]
kaprodi,/ka.ˈpro.di/
kapten,/ˈkaptɛn/
kapten,[ˈkap̚.t̪ɛn]
kapuk,[ka.puʔ]
kapulaga,/kapuˈlaɡa/
kapulaga,[ka.puˈla.ɡa]
kapur,/ˈkapur/
kapur,[ˈka.pʊr]
kapur tulis,/ka.pʊr ˈtu.lɪs/
kapuranta,[kapuˈranta]
kara,/ka.ra/
karage,[kaˈraɡe]
karak,/ˈka.rak/
karakter,[kaˈrak̚tər]
karakteristik,[kaˈrak̚təristik]
karakuri,/ka.ra.ku.ri/
karam,/ˈka.ram/
karambol,[kaˈrambɔl]
karang,[ˈkaraŋ]
karang taruna,/ˌkaraŋ taˈruna/
karang taruna,[ˌka.raŋ t̪aˈru.na]
karantala,[karanˈtala]
karantina,[karanˈtina]
karaoke,/ka.ra.o.ke/
karapaks,/kaˈrapaks/
karapaks,[kaˈra.paks]
karapan,/kaˈrapan/
karapan,[kaˈra.pan]
karat,/ˈkarat/
karat,[ˈka.rat̪̚]
karatau,/kaˈra.tau̯/
karate,/ka.ra.te/
karategi,/ka.ra.te.ɡi/
karateka,/ka.ra.te.ka/
karawang,/kaˈra.waŋ/
karawang,[kaˈra.waŋ]
karbida,[karˈbida]
karbohidrat,/karboˈhidrat/
karbohidrat,[kar.boˈhi.drat̪̚]
karbol,[ˈkarbɔl]
karbon,/ˈkarbon/
karbon,[ˈkar.bɔn]
karbon aktif,/ˌkarbon ˈaktif/
karbon aktif,[ˌkar.bɔn ˈak̚.t̪ɪf]
karbon dioksida,/ˌkarbon diokˈsida/
karbon dioksida,[ˌkar.bɔn di.ok̚ˈsi.da]
karbonado,[karboˈnado]
karbonat,/karˈbonat/
karbonat,[karˈbo.nat̪̚]
karburator,[karbuˈratɔr]
karcis,[ˈkart͡ʃɪs]
kardinal,/kardinal/
kardiograf,/kar.di.ˈo.ɡraf/
kardiografi,[kardioˈɡrafi]
kardiogram,/kar.di.ˈo.ɡram/
kardiolog,/kar.di.ˈo.lɔk/
kardiologi,/kardioˈloɡi/
kardiologi,[kar.di.oˈlo.ɡi]
kardiologis,/kar.di.o.ˈlo.ɡɪs/
kardiomiopati,/kardiomioˈpati/
kardiomiopati,[kar.di.o.mi.oˈpa.t̪i]
kardiovaskular,/kardiovasˈkular/
kardiovaskuler,/kardiovasˈkulɛr/
kardus,[ˈkardʊs]
kare,/ˈkare/
kare,[ˈka.re]
karees,/kaˈreɛs/
karees,[kaˈre.ɛs]
karena,/ˈkarna/
karena,/ˈkarəna/
karena,[ˈka.rə.na]
karena,[ˈkar.na]
karesidenan,[karesiˈd̪ɛnan]
karet,/ˈkarɛt/
karet,[ˈka.rɛt̪̚]
kari,/ˈka.ri/
karier,[kaˈriɛr]
karier,[kaˈrɪr]
karina,/kaˈrina/
karina,[kaˈri.na]
karisma,[kaˈrɪs.ma]
karkas,/kar.kas/
karkun,/ˈkarkʊn/
karlak,[ˈkarlak̚]
karma,/karma/
karmina,/karˈmina/
karmina,[karˈmi.na]
karna,/kar.na/
karnaval,[karˈnaval]
karnivor,/karˈnivɔr/
karnivora,/karniˈvora/
karo,/ˈkaro/
karo,[ˈka.ro]
karoseri,[karosəˈri]
karper,[ˈkarpər]
karpet,/ˈkar.pɛt/
karpet,[ˈkar.pɛt̪̚]
karsa,/karsa/
karsinogen,/karsiˈnoɡɛn/
karsinogen,[kar.siˈno.ɡɛn]
karsinogenik,/karsinoˈɡɛnik/
karsinogenik,[kar.si.noˈɡɛ.nɪk̚]
kartap,/ˈkartap/
kartap,[ˈkar.t̪ap̚]
kartel,/kar.tɛl/
karti,[ˈkart̪i]
kartika,/kar.ti.ka/
kartilago,[kartiˈlaɡo]
kartografer,/kartoˈɡrafər/
kartografi,[kartoˈɡrafi]
karton,/ˈkarton/
karton,[ˈkar.t̪ɔn]
kartonis,/karˈtonis/
kartonis,[karˈt̪o.nɪs]
kartotek,/karˈtɔtɛk/
kartotek,[karˈt̪ɔ.t̪ɛk̚]
kartrid,[ˈkartrɪd]
kartu,/ˈkartu/
kartu,[ˈkar.t̪u]
kartu debit,/ˌkartu ˈdebit/
kartu debit,[ˌkar.t̪u ˈde.bɪt̪̚]
kartu identitas,[ˈkartu ɪdɛnˈtitas]
kartu kendali,/ˈkar.tu kən.ˈda.li/
kartu kredit,/ˌkartu ˈkredit/
kartu kredit,[ˌkar.t̪u ˈkre.dɪt̪̚]
kartu tanda penduduk,/ˌkartu ˌtanda pənˈduduʔ/
kartu tanda penduduk,[ˌkar.t̪u ˌt̪an.da pənˈdu.dʊʔ]
kartun,/kartun/
kartunis,/karˈtunis/
kartunis,[karˈt̪u.nɪs]
karuhun,/kaˈruhun/
karuhun,[kaˈru.hʊn]
karuna,/kaˈruna/
karuna,[kaˈru.na]
karung,/ˈka.rʊŋ/
karunia,/karunia̯/
karya,/ˈkarja/
karya,[ˈkar.ja]
karya seni,/ˈkar.ja sə.ˈni/
karyawan,[karˈjawan]
karyawisata,/ˈkarja wiˈsata/
karyono,/kaˈrjono/
karyono,[kaˈrjo.no]
kas,[ˈkas]
kasa,[ˈka.sa]
kasar,/ˈkasar/
kasar,[ˈka.sar]
kasasi,[kaˈsasi]
kasatmata,/kasatˈmata/
kasatmata,[ka.sat̪̚ˈma.t̪a]
kasau,/ˈka.sau̯/
kasau,[ˈka.sau̯]
kasava,[kaˈsava]
kasaya,/kaˈsaja/
kasaya,[kaˈsa.ja]
kasbon,/ˈkasbon/
kasbon,[ˈkas.bɔn]
kasdam,/ˈkasdam/
kasdam,[ˈkas.dam]
kasep,/ˈka.sɛp/
kaset,[ˈkasɛt̚]
kasi,/ˈkasi/
kasi,[ˈka.si]
kasidah,/kaˈsidah/
kasidah,[kaˈsi.dah]
kasih,/ˈkasih/
kasih,[ˈka.sɪh]
kasih sayang,/ˌkasih ˈsajaŋ/
kasih sayang,[ˌka.sɪh ˈsa.jaŋ]
kasih tahu,/ka.sɪh ˈta.(h)u/
kasino,[kaˈsino]
kasir,[ˈkasɪr]
kaskade,[kasˈkadə]
kasmutik,[kasˈmutɪk̚]
kaspe,[ˈkaspe]
kasta,[ˈkast̪a]
kastanya,/kasˈtaɲa/
kastanya,[kasˈt̪a.ɲa]
kastanye,/kas.ˈta.ɲə/
kastawa,[kasˈtawa]
kastel,/kas.tɛl/
kasti,[ˈkasti]
kastil,/kas.tɪl/
kastono,/kasˈtono/
kastono,[kasˈt̪o.no]
kastrasi,[kasˈtrasi]
kastroisme,/kastroˈismə/
kastroisme,[kas.t̪roˈis.mə]
kastroli,/kasˈtroli/
kastroli,[kasˈt̪ro.li]
kasturi,/kas.ˈtu.ri/
kasualitas,/kasuaˈlitas/
kasualitas,[ka.su.aˈli.t̪as]
kasuistik,/kasuˈɪstɪk̚/
kasula,/kaˈsula/
kasula,[kaˈsu.la]
kasur,/ˈka.sʊr/
kasus,/ˈkasus/
kasus,[ˈka.sʊs]
kasus impor,/ˈkasʊs ˈɪmpɔr/
kasyaf,/ˈka.ʃaf/
kata,/ˈkata/
kata,[ˈka.t̪a]
kata benda,[ˈkata bənˈda]
kata dasar,/ˌka.ta ˈda.sar/
kata dasar,[ˌka.t̪a ˈda.sar]
kata ganti,/ˈka.ta ˈɡan.ti/
kata ganti orang,/ˈka.ta ˈɡan.ti ˈɔraŋ/
kata hubung,/ka.ta ˈhu.bʊŋ/
kata kerja,[ˈkata kərˈd͡ʒa]
kata kerja bantu,/ˈka.ta kər.ˈd͡ʒa ˈban.tu/
kata kunci,[ˈkata ˈkʊnt͡ʃi]
kata kunci,[ˈkata ˈkʊɲt͡ʃi]
kata lewat,[ˈkata lɛwat̚]
kata majemuk,[ˈkat̪a mad͡ʒəˈmʊʔ]
kata nama,[ˈkata ˈnama]
kata penghubung,/ka.ta pəŋˈhu.bʊŋ/
kata pengiring,/ˌkata pəˈŋiriŋ/
kata pengiring,[ˌka.t̪a pəˈŋi.rɪŋ]
kata penjelasan,/ˌkata pənd͡ʒəˈlasan/
kata penjelasan,[ˌka.t̪a pəɲ.d͡ʒəˈla.san]
kata sandang,/ˈka.ta ˈsan.daŋ/
kata sandi,[ˈkata ˈsandi]
kata serapan,[ˈkata səˈrapan]
kata sifat,/ˌkata ˈsifat/
kata sifat,[ˌka.t̪a ˈsi.fat̪̚]
kata ucapan,/ˌkata uˈt͡ʃapan/
kata ucapan,[ˌka.t̪a uˈt͡ʃa.pan]
kata-,[kata]
katai,[ˈkatai̯]
katak,/ˈkataʔ/
kataka,[kaˈta.ka]
katakan,/kaˈtakan/
katakan,[kaˈt̪a.kan]
katakomba,[ka.taˈkɔm.ba]
katalis,[kaˈtalɪs]
katalisator,[kataliˈsatɔr]
katalog,[kaˈtalɔɡ]
katan,[ˈkatan]
katana,/kaˈtana/
katana,[kaˈt̪a.na]
katanya,/kataˈɲa/
katanya,/kaˈtaɲa/
katanya,[ka.t̪aˈɲa]
katanya,[kaˈt̪a.ɲa]
katapel,/kaˈtapɛl/
katapel,[kaˈt̪a.pɛl]
katarak,[kaˈtarak]
katarsis,[kaˈtar.sɪs]
katastrofe,[katasˈtrofə]
katastrofi,[katasˈtrofi]
katedral,/katədral/
kategori,[katəˈɡori]
katekese,[katəˈkesə]
katekis,[katəˈkɪs]
katekisan,/katəˈkisan/
katekisan,[ka.t̪əˈki.san]
katekisasi,[katəkiˈsasi]
katekisasi pranikah,/ka.tə.kiˌsa.si praˈni.kah/
katekisasi pranikah,[ka.t̪ə.kiˌsa.si praˈni.kah]
katekismus,[katəˈkɪsmʊs]
kateksis,/kaˈtɛksis/
kateksis,[kaˈt̪ɛk̚.sɪs]
katekumen,[ka.təˈku.mən]
katena,[kaˈtɛna]
katering,[ˈkatərɪŋ]
kateter,[kaˈtɛtər]
kati,/ˈkati/
kati,[ˈka.t̪i]
katil,[ˈkatɪl]
katoda,/ka.to.da/
katode,/ka.to.də/
katolik,[kaˈtolɪk]
katolikos,/katoˈlikos/
katolikos,[ka.t̪oˈli.kɔs]
katolisisme,/katoliˈsismə/
katolisisme,[ka.t̪o.liˈsis.mə]
katrij,[ˈkatrɪd͡ʒ]
katrol,[ˈkatrɔl]
katsuobusyi,/katsuoˈbuʃi/
katsuobusyi,[kat̪̚.su.oˈbu.ʃi]
katun,/ˈkatun/
katung,/ˈkatuŋ/
katung,[ˈka.t̪ʊŋ]
katup,/ˈkatup/
katup,[ˈka.t̪ʊp̚]
katwal,[ˈkat̚.wal]
kau,/ˈkau̯/
kau,/ˈko/
kau,[ˈkau̯]
kau,[ˈko]
kau-,/kau̯/
kaul,/ˈkaul/
kaul,[ˈka.ʊl]
kaum,/ˈkaum/
kaum,[ˈka.ʊm]
kaum belok,/ˌka.um ˈbe.lok/
kaum belok,[ˌka.ʊm ˈbe.lɔk̚]
kauman,[kaˈʊman]
kaus,/ˈka.ʊs/
kaus kaki,[ˈkaʊs ˈkaki]
kaus kutang,/ˌkaus ˈkutaŋ/
kaus kutang,[ˌka.ʊs ˈku.t̪aŋ]
kausa,[ˈkau̯sa]
kausal,[ˈkau̯sal]
kausalitas,[kau̯saˈlitas]
kausasi,[kau̯ˈsasi]
kautsar,/kaˈutsar/
kautsar,/ˈkau̯sar/
kautsar,/ˈkau̯θar/
kautsar,[kaˈut̪̚.sar]
kautsar,[ˈkau̯.sar]
kautsar,[ˈkau̯.θar]
kavaleri,[kavaləˈri]
kaveling,[kavəˈlɪŋ]
kawah,[ˈkawah]
kawak,/ˈkawak/
kawak,[ˈka.wak̚]
kawakan,/kaˈwakan/
kawakan,[kaˈwa.kan]
kawal,/ˈkawal/
kawal,[ˈka.wal]
kawalan,/kaˈwalan/
kawalan,[kaˈwa.lan]
kawan,/ˈkawan/
kawan,[ˈka.wan]
kawanan,/kaˈwa.nan/
kawanua,[kaˈwanua̯]
kawasan,/kaˈwasan/
kawasan,[kaˈwa.san]
kawasan ekonomi khusus,/kaˈwasan ekoˈnomi ˈxusʊs/
kawasan industri,/kaˌwasan inˈdustri/
kawasan industri,[kaˌwa.san inˈdus.t̪ri]
kawat,/ˈkawat/
kawat,[ˈka.wat̪̚]
kawi,[ˈkawi]
kawin,/ˈkawin/
kawin,[ˈka.wɪn]
kawin gantung,/ˌkawin ˈɡantuŋ/
kawin gantung,[ˌka.wɪn ˈɡan̪.t̪ʊŋ]
kawinkan,/kaˈwinkan/
kawinkan,[kaˈwin.kan]
kawula,[kaˈwula]
kawung,/ˈkawuŋ/
kawung,[ˈka.wʊŋ]
kaya,/ˈka.ja/
kaya,[ˈka.ja]
kaya hati,/ˌka.ja ˈha.ti/
kaya hati,[ˌka.ja ˈha.t̪i]
kayak,[ˈka.jak]
kayak,[ˈka.jaʔ]
kayangan,/kaˈjaŋan/
kayangan,[kaˈja.ŋan]
kayas,/kaˈjas/
kayau,/ˈkajau̯/
kayau,[ˈka.jau̯]
kayu,/ˈkaju/
kayu,[ˈka.ju]
kayu manis,/ˈka.ju ˈma.nɪs/
kayu putih,/ˌkaju ˈputih/
kayu putih,[ˌka.ju ˈpu.t̪ɪh]
kayuh,/ˈkajuh/
kayuh,[ˈka.jʊh]
kayuhkan,/kaˈjuhkan/
kayuhkan,[kaˈjuh.kan]
kazakstan,/kaˈzakstan/
kb,/ˈka.be/
kbh,/kaˈbeha/
kdrt,/ka.de.ɛr.te/
ke,[ˈk]
ke,[ˈkə]
ke-,/kə/
ke- -an,/kə an/
ke- -in,/kə- -ɪn/
keabnormalan,/kəabnorˈmalan/
keabnormalan,[kə.ap̚.norˈma.lan]
keabsahan,/kəabˈsahan/
keabsahan,[kə.ap̚ˈsa.han]
keabsurdan,/kəabˈsurdan/
keabsurdan,/kəabˈsurtan/
keabsurdan,[kə.ap̚ˈsur.dan]
keabsurdan,[kə.ap̚ˈsur.t̪an]
keadaan,/kəaˈdaan/
keadaan,[kə.aˈda.(ʔ)an]
keadaan kahar,/kəˈadaan ˈkahar/
keadilan,/kəˈadɪlan/
keadilan sosial,/kəˈadɪlan soˈsial/
keadvokatan,/kə.at.vo.ˈkat.an/
keagamaan,/kəaɡaˈmaan/
keagamaan,[kə.a.ɡaˈma.(ʔ)an]
keahlian,/kə.ah.ˈli.an/
keajegan,/kəˈad͡ʒəɡan/
keajegan,[kəˈa.d͡ʒə.ɡan]
keajekan,/kəˈad͡ʒəkan/
keajekan,[kəˈa.d͡ʒə.kan]
keamanan,/kə.(ʔ)aˈma.nan/
keamanan komputer,/kə.(ʔ)aˌma.nan kɔmˈpu.tɛr/
keamanan nasional,/kə.(ʔ)aˌmanan na.siˈo.nal/
keamanan pangan,/kəaˈmanan ˈpaŋan/
keamanan siber,/kə.(ʔ)aˌma.nan ˈsi.bər/
keamanan sosial,/kə.a.ˈman.an so.ˈsi.al/
keamiran,[kəamiran]
keandalan,/kəanˈdalan/
keandalan,[kə.anˈda.lan]
keanekaragaman,/kə.a.nɛ.ka.ra.ɡa.man/
keanggotaan,/kəaŋɡoˈtaan/
keanggotaan,[kə.aŋ.ɡoˈt̪a.(ʔ)an]
keapostolikan,/kəapostoˈlikan/
keapostolikan,[kə.a.pos.t̪oˈlik̚.an]
kearsipan,/kəarˈsipan/
kearsipan,[kə.arˈsip̚.an]
keasaman,/kəaˈsaman/
keawasan,/kəaˈwasan/
keawasan,[kə.aˈwas.an]
kebab,/kəˈbap/
kebab,/kəˈbap̚/
kebaca,/kəˈbat͡ʃa/
kebaca,[kəˈba.t͡ʃa]
kebagian,/kəbaˈɡian/
kebagian,[kə.baˈɡi.an]
kebagusan,/kəbaˈɡusan/
kebagusan,[kə.baˈɡu.san]
kebahagiaan,/kəbahaɡiˈaan/
kebahagiaan,[kə.ba.ha.ɡiˈa.(ʔ)an]
kebahasaan,/kəbahaˈsa(ʔ)an/
kebaikan,/kəˈbai̯.kan/
kebajikan,/kə.ba.ˈd͡ʒɪk.an/
kebajikan ilahi,/kə.baˌd͡ʒi.kan iˈla.hi/
kebajikan ilahi,[kə.baˌd͡ʒi.kan iˈla.hi]
kebakaran,/kəˈba.kaˈran/
kebaktian,/kəbakˈtian/
kebaktian,[kə.bak̚ˈt̪i.an]
kebal,[kəˈbal]
kebangkitan,/kəbaŋˈkitan/
kebangkitan,[kə.baŋˈki.t̪an]
kebangsaan,/kə.baŋ.sa.an/
kebangsaan,/kə.baŋ.sa.ʔan/
kebangunan,/kəbaˈŋunan/
kebangunan,[kə.baˈŋu.nan]
kebas,/kəˈbas/
kebas,[kəˈbas]
kebasahan,/kəbaˈsahan/
kebasahan,[kə.baˈsa.han]
kebaskan,/kəˈbaskan/
kebaskan,[kəˈbas.kan]
kebat,[kəˈbat̪̚]
kebaya,[kəˈbaja]
kebebasan,/kəbeˈbasan/
kebebasan,[kə.beˈba.san]
kebebasan akademik,/kə.be.ˈbas.an aka.ˈdə.mɪk̚/
kebebasan finansial,/kəbɛˈbasan finanˈsial/
kebelet,/ˈkəbələt/
kebelet,[ˈkə.bə.lət̪̚]
kebenaran,[kəbəˈnaran]
kebencian,/kəbənˈt͡ʃian/
kebencian,[kə.bəɲˈt͡ʃi.an]
keberagaman,/kəbəraˈɡaman/
keberagaman,[kə.bə.raˈɡa.man]
keberangkatan,/kəbəraŋˈkatan/
keberangkatan,[kə.bə.raŋˈka.t̪an]
keberanian,/kəbəraˈnian/
keberanian,[kə.bə.raˈni.an]
keberartian,/kə.bə.rarˈti.an/
keberatan,/kəbəˈratan/
keberhasilan,/kəbərhaˈsilan/
keberhasilan,[kə.bər.haˈsi.lan]
keberlangsungan,/kəbərlaŋˈsuŋan/
keberlangsungan,[kə.bər.laŋˈsu.ŋan]
keberlanjutan,/kə.bər.lan.ˈd͡ʒʊt.an/
kebermaknaan,/kə.bər.maʔˈna.(ʔ)an/
kebersamaan,/kəbərsaˈmaan/
kebersamaan,[kə.bər.saˈma.(ʔ)an]
keberserakan,/kəbərseˈrakan/
kebersyukuran,/kəbərʃuˈkuran/
keberterimaan,/kəbərtəriˈmaan/
keberterimaan,[kə.bər.t̪ə.riˈma.(ʔ)an]
keberuntungan,/kəbərunˈtuŋan/
keberuntungan,[kə.bə.run̪ˈt̪u.ŋan]
kebesaran,/kə.bəˈsa.ran/
kebetulan,[kəbəˈt̪ʊlan]
kebiasaan,/kəbiaˈsaan/
kebiasaan,[kə.bi.aˈsa.(ʔ)an]
kebiasaan makan,/kə.bi.a.ˈsa.an ˈma.kan/
kebidanan,/kə.bi.ˈdan.an/
kebijakan,[kəbiˈd͡ʒak̚an]
kebijakan administrasi,/kə.bi.ˈd͡ʒak.an at.mi.nɪs.ˈtra.si/
kebijaksanaan,/kəbid͡ʒaksaˈnaan/
kebinekaan,/kə̂bineˈkaan/
kebinekaan,[kə̂.bi.neˈka.(ʔ)an]
kebo,/kəˈbo/
kebodohan,/kəboˈdohan/
kebodohan,[kə.boˈdo.han]
kebolehjadian,/kəboləhd͡ʒaˈdian/
kebolehjadian,[kə.bo.ləh.d͡ʒaˈdi.an]
kebuang,/kəˈbu.aŋ/
kebuang-buang,/kə.bu.aŋˈbu.aŋ/
kebugaran,/kə.bu.ˈɡar.an/
kebuka,/kəˈbu.ka/
kebuli,/kəˈbuli/
kebun,/kəˈbun/
kebun,[kəˈbun]
kebun binatang,/kə.bʊn bi.na.taŋ/
kebupatian,/kəbupaˈtian/
kebupatian,[kə.bu.paˈt̪i.an]
keburu,/kəˈburu/
keburu,[kəˈbu.ru]
kebut,/kəˈbʊt̚/
kebutuhan,/kəbuˈtuhan/
kebutuhan,[kə.buˈt̪u.han]
kecakapan,/kət͡ʃaˈkapan/
kecakapan,[kə.t͡ʃaˈka.pan]
kecam,/kə.ˈt͡ʃam/
kecamatan,/kə.t͡ʃa.ma.tan/
kecambah,/kəˈt͡ʃambah/
kecambah,[kəˈt͡ʃam.bah]
kecanduan,/kə.t͡ʃan.ˈdu.an/
kecanggungan,/kət͡ʃaŋˈɡuŋan/
kecanggungan,[kə.t͡ʃaŋˈɡu.ŋan]
kecantikan,/kət͡ʃanˈtikan/
kecantikan,[kə.t͡ʃan̪ˈt̪i.kan]
kecap,/kəˈt͡ʃap/
kecap,/ˈket͡ʃap/
kecap,[kəˈt͡ʃap̚]
kecap,[ˈke.t͡ʃap̚]
kecap lemes,/kəˌt͡ʃap ˈləməs/
kecap lemes,[kəˌt͡ʃap̚ ˈlə.məs]
kecapi,[kəˈtʃäpi]
kecapi,[ˈkɛtʃapi]
kecebong,/kəˈt͡ʃɛbɔŋ/
kecebong,[kəˈt͡ʃɛ.bɔŋ]
kecelakaan,[kət͡ʃəlaˈkaan]
kecemasan,/kət͡ʃəˈmasan/
kecemasan berpisah,/kət͡ʃəˌmasan bərˈpisah/
kecemasan berpisah,[kə.t͡ʃəˌma.san bərˈpi.sah]
kecemburuan,[kət͡ʃəmbuˈruan]
kecepatan,/kət͡ʃəˈpatan/
kecepatan lepas,/kə.t͡ʃə.ˈpat.an lə.ˈpas/
kecepatan rencana,/kə.t͡ʃəˌpa.tan rənˈt͡ʃa.na/
kecepatan rencana,[kə.t͡ʃəˌpa.t̪an rəɲˈt͡ʃa.na]
kecerdasan,[kət͡ʃərˈdasan]
kecerdasan artifisial,[kət͡ʃərˈdasan artifiˈsial]
kecerdasan buatan,/kət͡ʃərˌdasan buˈatan/
kecerdasan buatan,[kə.t͡ʃərˌda.san buˈa.t̪an]
kecik,/ˈkə.t͡ʃɪʔ/
kecil,/kəˈt͡ʃil/
kecil,[kəˈt͡ʃɪl]
kecilan,/kəˈt͡ʃilan/
kecilan,[kəˈt͡ʃi.lan]
kecintaan,/kət͡ʃinˈtaan/
kecintaan,[kə.t͡ʃin̪ˈt̪a.(ʔ)an]
kecipir,/kəˈt͡ʃipir/
kecipir,[kəˈt͡ʃi.pɪr]
kecoa,[kəˈt͡ʃoa]
kecoak,/kəˈt͡ʃoaʔ/
kecoak,[kəˈt͡ʃo.aʔ]
kecocokan,/kə.t͡ʃɔˈt͡ʃɔ.kan/
kecolongan,[kət͡ʃoˈlɔŋan]
kecondongan,/kət͡ʃonˈdoŋan/
kecondongan,[kə.t͡ʃonˈdo.ŋan]
kecrutan,/kət͡ʃˈrutan/
kecrutan,[kət͡ʃˈru.t̪an]
kecuak,[kəˈt͡ʃuaʔ]
kecuali,[kət͡ʃuˈali]
kecubung,/kə.ˈt͡ʃu.bʊŋ/
kecurangan,/kət͡ʃuˈraŋan/
kecurangan,[kə.t͡ʃuˈra.ŋan]
kecurian,/kət͡ʃuˈrian/
kecurian,[kə.t͡ʃuˈri.an]
kedaerahan,/kədaɛˈrahan/
kedaerahan,[kə.da.ɛˈra.han]
kedai,[kəˈdai̯]
kedalaman,/kə.daˈla.man/
kedaluwarsa,/kədaluˈwarsa/
kedaluwarsa,[kə.da.luˈwar.sa]
kedam,/kə.ˈdam/
kedap,/kəˈdap/
kedap,[kəˈdap̚]
kedasi,/kəˈdasi/
kedasi,[kəˈda.si]
kedatangan,/kədaˈtaŋan/
kedatangan,[kə.daˈt̪a.ŋan]
kedaton,/kəˈdatɔn/
kedatuan,/kədaˈtuan/
kedatuan,[kə.daˈt̪u.an]
kedaulatan,/kədauˈlatan/
kedaulatan,[kə.da.uˈla.t̪an]
kedekatan,/kədəˈkatan/
kedekatan,[kə.dəˈka.t̪an]
kedelai,/ˈkədəlai̯/
kedelai,[ˈkə.də.lai̯]
kedelapan,/kədəˈlapan/
kedelapan,[kə.dəˈla.pan]
kedengaran,/kə.dəˈŋa.ran/
kedengeran,/kə.də.ŋəˈran/
kedewaan,[kədɛˈwaa̯n]
kedidi,/ˈt͡ʃerek/
kedidi,[ˈt͡ʃe.rɛk̚]
kedinasan,/kə.diˈna.san/
kedinasan,[kə.diˈna.san]
kedinginan,/kə.diˈŋi.nan/
kedinginan,[kə.diˈŋi.nan]
kedokteran,/kə.dok.tə.ran/
kedokteran forensik,[kəd̪ɔkˈt̪əran foˈrɛnsik]
kedokteran hewan,/kəˌdɔk.tə.ran ˈhe.wan/
kedokteran hewan,[kəˌdɔk̚.t̪ə.ran ˈhe.wan]
kedokteran jiwa,/kə.dɔk.ˈtər.an ˈd͡ʒi.wa/
kedokteran nuklir,/kə.dɔk.tər.ˈan ˈnu.klɪr/
kedondong,/kəˈdondoŋ/
kedondong,[kəˈdon.dɔŋ]
kedondong hutan,/kəˌdondoŋ ˈhutan/
kedondong hutan,[kəˌdon.dɔŋ ˈhu.t̪an]
kedua,/kəˈdu.a/
kedua,[kəˈdu.a]
keduanya,/kəduˈaɲa/
keduanya,[kə.duˈa.ɲa]
kedudukan,/kə.du.ˈdʊk.an/
keduniawian,/kə.du.ni.a.ˈwi.an/
kedut,/kəˈdut/
kedut,[kəˈdʊt̪̚]
kedutaan,/kədutaan/
kedwimaknaan,/kə.dwiˈmaʔ.na.an/
keempat,/kəˈəmpat/
keenakan,/kəɛˈnakan/
keenakan,[kə.ɛˈna.kan]
keenam,/ˈkəənam/
keenam,[ˈkə.(ʔ)ə.nam]
kefleksibelan,/kəflekˈsibəlan/
kegagahan,/kəɡaˈɡahan/
kegagahan,[kə.ɡaˈɡa.han]
kegagalan,/kəɡaˈɡalan/
kegagalan,[kə.ɡaˈɡa.lan]
kegagapan,/kəɡaˈɡapan/
kegagapan,[kə.ɡaˈɡa.pan]
kegaiban,/kə.ɡaˈi.ban/
keganasan,[kəɡaˈnasan]
kegelapan,/kə.ɡəˈla.pan/
kegelapan,[kə.ɡəˈla.pan]
kegemaran,/kəɡəˈmaran/
kegemaran,[kə.ɡəˈma.ran]
kegemparan,/kə.ɡəmˈpa.ran/
kegiatan,/kəɡiˈatan/
kegiatan,[kə.ɡiˈa.t̪an]
kegugupan,/kə.ɡuˈɡu.pan/
keguguran,/kəɡuˈɡuran/
keguguran,[kə.ɡuˈɡu.ran]
kegunaan,/kəɡuˈnaan/
kegunaan,[kə.ɡuˈna.(ʔ)an]
keguruan,/kəɡuˈruan/
keguruan,[kə.ɡuˈru.an]
kehakiman,/kə.ha.ˈkɪm.an/
kehamilan,/kəhaˈmilan/
kehamilan,[kə.haˈmi.lan]
kehamilan palsu,/kə.haˌmi.lan ˈpal.su/
kehamilan palsu,[kə.haˌmi.lan ˈpal.su]
kehausan,/kə.haʊs.an/
kehendak,/kə.hənˈdaʔ/
kehicap,/kəˈhit͡ʃap/
kehicap,[kəˈhi.t͡ʃap̚]
kehidupan,/kəhiˈdupan/
kehidupan,[kə.hiˈdu.pan]
kehidupan nyata,/kəhiˌdupan ˈɲata/
kehidupan nyata,[kə.hiˌdu.pan ˈɲa.t̪a]
kehilangan,/kəhiˈlaŋan/
kehilangan,[kə.hiˈla.ŋan]
kehormatan,/kəhorˈmatan/
kehormatan,[kə.horˈma.t̪an]
kehujanan,/kəˈhud͡ʒanan/
keibodan,/kei.bo.dan/
keik,/ˈkeik/
keik,[ˈke.ɪk̚]
keik sifon,/ˈkeik ˈsi.fɔn/
keiki,/keˈiki/
keiki,[keˈi.ki]
keimamatan,/kəimaˈmatan/
keimamatan,[kə.i.maˈma.t̪an]
keindahan,/kəinˈdahan/
keindahan,[kə.inˈda.han]
keindraan,/kəinˈdraan/
keindraan,[kə.inˈdra.(ʔ)an]
keinggrisan,/kəiŋˈɡrisan/
keinggrisan,[kə.iŋˈɡri.san]
keinginan,/kə.iˈŋi.nan/
keistimewaan,/kəistimɛˈwaan/
keistimewaan,[kə.is.t̪i.mɛˈwa.(ʔ)an]
kejadian,/kəd͡ʒaˈdian/
kejadian,[kə.d͡ʒaˈdi.an]
kejadian ikutan pasca imunisasi,[kəd͡ʒaˈdian ˈikʊtan ˈpast͡ʃa imuniˈsasi]
kejadian ikutan pascaimunisasi,[kəd͡ʒaˈdian ˈikʊtan ˈpast͡ʃaimuniˈsasi]
kejahatan,/kəd͡ʒaˈhatan/
kejahatan,[kə.d͡ʒaˈha.t̪an]
kejahatan kerah putih,/kə.d͡ʒa.ˈhat.an kə.ˈrah ˈpu.tɪh/
kejahatan perang,/kə.d͡ʒa.ˈhat.an pə.ˈraŋ/
kejahatan terorganisasi,/kəd͡ʒaˈhatan tərɔrɡaniˈsasi/
kejahatan terorganisir,/kəd͡ʒaˈhatan tərɔrɡaˈnisɪr/
kejaksaan,[kəd͡ʒak̚ˈsaan]
kejalangan,/kəd͡ʒaˈlaŋan/
kejalangan,[kə.d͡ʒaˈla.ŋan]
kejang,[kəˈd͡ʒaŋ]
kejar,/kəˈd͡ʒar/
kejar-kejar,/kə.d͡ʒar.kəˈd͡ʒar/
kejawaan,/kəd͡ʒaˈwaan/
kejawaan,[kə.d͡ʒaˈwa.(ʔ)an]
kejayaan,/kə.d͡ʒa.ˈja.an/
kejepit,/ˈkəd͡ʒəpit/
kejepit,[ˈkə.d͡ʒə.pɪt̪̚]
kejijikan,/kə.d͡ʒiˈd͡ʒi.kan/
keju,/ˈkɛd͡ʒu/
keju,[ˈkɛ.d͡ʒu]
kejuaraan,/kəd.͡ʒu.aˈra.an/
kejuaraan,[kət̪̚.͡ʒu.aˈra.(ʔ)an]
kejuruan,/kə.d͡ʒu.ˈru.an/
kejut,[kəˈd͡ʒʊt̚]
kejutan,/kəˈd͡ʒutan/
kejutan,[kəˈd͡ʒu.t̪an]
kek,/ke/
kek,/ˈkek/
kek,/ˈkeʔ/
kek,[ke]
kek,[ˈkɛk̚]
kek,[ˈkɛʔ]
kekacauan,/kəkaˈt͡ʃawan/
kekacauan,[kə.kaˈt͡ʃa.wan]
kekaisaran,/kəkai̯ˈsaran/
kekaisaran,[kə.kai̯ˈsa.ran]
kekaisaran bizantium,/kəkai̯ˌsaran bizanˈtium/
kekaisaran bizantium,[kə.kai̯ˌsa.ran bi.zan̪ˈt̪i.ʊm]
kekaisaran romawi timur,/kəkaiˌsaran roˌmawi ˈtimur/
kekaisaran romawi timur,[kə.ka.iˌsa.ran roˌma.wi ˈt̪i.mʊr]
kekal,/kəˈkal/
kekal,[kəˈkal]
kekalahan,/kə.kaˈla.han/
kekar,/kəˈkar/
kekar,[kəˈkar]
kekaryaan,/kəkaˈrjaan/
kekaryaan,[kə.kaˈrja.(ʔ)an]
kekasih,/kəˈka.sih/
kekasih,[kəˈka.sɪh]
kekasih gelap,/kəˈkasɪh ɡəˈlap̚/
kekayaan,/kəkaˈjaan/
kekayaan,[kə.kaˈja.(ʔ)an]
kekebalan,/kəkəˈbalan/
kekebalan,[kə.kəˈba.lan]
kekebalan kelompok,/kəkəˈbalan kəˈlɔmpɔk̚/
kekecewaan,/kə.kə.tʃɛˈwa.ʔan/
kekeluargaan,/kəkəluarˈɡaan/
kekeluargaan,[kə.kə.lu.arˈɡa.(ʔ)an]
kekep,/ˈkəkəp/
kekep,[ˈkə.kəp̚]
keker,/ke.kər/
keker,/kɛ.kɛr/
kekerabatan,/kəkəraˈbatan/
kekerabatan,[kə.kə.raˈba.t̪an]
kekerasan,/kəkəˈrasan/
kekerasan,[kə.kəˈra.san]
kekesatan,/kəkəˈsatan/
kekesatan,[kə.kəˈsa.t̪an]
kekhawatiran,/kəxawaˈtiran/
kekhawatiran,[kə.xa.waˈt̪i.ran]
keki,/ˈkɛki/
kekinian,[kəkiˈnian]
kekompleksan,[kəkɔmˈplɛksan]
kekondusifan,/kəkonduˈsifan/
kekondusifan,[kə.kon.duˈsi.fan]
kekonsistenan,[kəkɔnsisˈtɛnan]
kekosongan,/kəkoˈsoŋan/
kekosongan,[kə.koˈso.ŋan]
kekuasaan,/kəkuaˈsaan/
kekuatan,/kəkuˈatan/
kekuatan,[kə.kuˈa.t̪an]
kekuatan lunak,/kəkuˈatan ˈlunak̚/
kekuningan,/kəkuˈniŋan/
kekuningan,[kə.kuˈni.ŋan]
kekurangan,/kəkuˈraŋan/
kekurangan,[kə.kuˈra.ŋan]
kekutu,/kəˈkutu/
kekutu,[kəˈku.t̪u]
kelab,/kəlab/
kelab,/kəlap/
kelabang,/kəˈlabaŋ/
kelabang,[kəˈla.baŋ]
kelabu,/kəˈlabu/
kelabu,[kəˈla.bu]
kelabu armada,/kə.ˈla.bu ar.ˈma.da/
kelabu asap,/kə.ˈla.bu ˈa.sap/
kelabu tikus,/kə.ˈla.bu ˈti.kʊs/
keladi,/kəˈladi/
keladi,[kəˈla.di]
kelahi,[kəˈlahi]
kelahiran,/kə.la.ˈhɪr.an/
kelainan,/kə.la.ɪn.an/
kelajuan,/kəlaˈd͡ʒuan/
kelakuan,/kəlaˈkuan/
kelakuan,[kə.laˈku.an]
kelam,[kəˈlam]
kelam baja,/kə.ˈlam ˈba.d͡ʒa/
kelambatan,/kəlamˈbatan/
kelambatan,[kə.lamˈba.t̪an]
kelambir,/kəˈlam.bir/
kelambir,[kəˈlam.bɪr]
kelambu,/kəˈlambu/
kelambu,[kəˈlam.bu]
kelamin,/kəˈlamin/
kelamin,[kəˈla.mɪn]
kelangkaan,/kə.laŋ.ˈka.an/
kelangsingan,/kəlaŋˈsiŋan/
kelangsingan,[kə.laŋˈsi.ŋan]
kelapa,/kəˈla.pa/
kelapa sawit,/kəˌlapa ˈsawit/
kelapa sawit,[kəˌla.pa ˈsa.wɪt̪̚]
kelar,/kə.lar/
kelarutan,/kə.la.ru.tan/
kelas,/kəˈlas/
kelas,[kəˈlas]
kelasan,/kəˈlasan/
kelasan,[kəˈla.san]
kelasi,[kəˈla.si]
kelayakan,/kə.la.ˈjak.an/
kelayan,/kəˈlajan/
kelayan,[kəˈla.jan]
kelebut,[kə.ləˈbʊt̚]
keledai,[kələˈdai̯]
keledek,/kəˈledɛk/
keledek,[kəˈle.dɛk̚]
kelelawar,[kələˈlawar]
kelemahan,/kələˈmahan/
kelemahan,[kə.ləˈma.han]
kelembak,/kələmˈbak/
kelembak,[kə.ləmˈbak̚]
kelembapan,/kə.ləm.ˈbap.an/
kelengkiak,/kələŋˈkiak̚/
kelenjar,/kələnˈd͡ʒar/
kelenjar,[kə.ləɲˈd͡ʒar]
kelenjar adrenal,/kə.ləɲ.d͡ʒar(ʔ)aˈdre.nal/
kelenteng,[kələnˈtɛŋ]
kelentingan,[kələnˈt̪ɪŋan]
kelestarian,/kə.ləs.ta.ˈri.an/
kelewat,/ˈkələwat/
kelewat,[ˈkə.lə.wat̪̚]
keliatan,/kə.liˈa.tan/
keliatannya,/kə.liˈa.taɲ.ɲa/
kelicap,/kəˈlit͡ʃap/
kelicap,[kəˈli.t͡ʃap̚]
kelihatan,/kə.liˈha.tan/
kelihatannya,/kə.li.haˈtaɲ.ɲa/
keliling,[kəˈlilɪŋ]
kelim,[kəˈlɪm]
kelima,[kəlima]
kelinci,/kəˈlɪn.t͡ʃi/
kelinci percobaan,/kəˈlɪnt͡ʃi pərt͡ʃoˈbaan/
keling,/kəˈliŋ/
keling,[kəˈliŋ]
kelingking,[kəˈlɪŋkɪŋ]
kelip-kelip,/kəˌlip kəˈlip/
kelip-kelip,[kəˌlɪp̚ kəˈlɪp̚]
kelir,[kəˈlɪr]
keloid,/keˈloid/
keloid,[keˈlo.ɪt̪̚]
kelok,/ˈke.lɔʔ/
kelola,/kə.ˈlo.la/
kelompok,[kəˈlɔmpɔk̚]
kelompok masyarakat,/kəˌlompok maʃaˈrakat/
kelompok masyarakat,[kəˌlom.pɔk̚ ma.ʃaˈra.kat̪̚]
kelompok setara,/kə.lɔm.pɔʔ səˈta.ra/
kelompok terbang,[kəˈlɔmpɔk̚ tərˈbaŋ]
kelongsong,/kəˈloŋsoŋ/
kelongsong,[kəˈloŋ.sɔŋ]
kelontong,/kəˈlɔntɔŋ/
kelos,[kəˈlɔs]
keluangsa,[kəluˈaŋsa]
keluar,/kəˈluar/
keluar,[kəˈlu.ar]
keluaran,/kə.luˈa.ran/
keluaran,/kəluˈaran/
keluaran,[kə.luˈa.ran]
keluarga,/kəluˈarɡa/
keluarga,[kə.luˈar.ɡa]
keluarga berencana,[kəluˈarɡa bərənˈt͡ʃana]
keluarga inti,[kəluˈarɡa ˈɪnti]
keluarga kerajaan,[kəluˈarɡa kəraˈd͡ʒaan]
keluarkan,/kəluˈarkan/
keluarkan,[kə.luˈar.kan]
keluhan,/kəˈluhan/
keluhan,[kəˈlu.han]
kelukis,/kəˈlukis/
kelukis,[kəˈlu.kɪs]
kelumpang,/kəˈlumpaŋ/
kelumpang,[kəˈlum.paŋ]
kelunturan,/kə.lʊnˈtu.ran/
kelupas,/kəˈlupas/
kelupas,[kəˈlu.pas]
kelurahan,/kə.lu.ˈrah.an/
keluyuk,/kəˈlujuk/
keluyuk,[kəˈlu.jʊk̚]
kemabukan,/kə.maˈbu.kan/
kemabukan,[kə.maˈbu.kan]
kemacetan,/kəmat͡ʃətˈan/
kemah,[ˈkɛmah]
kemahiran,/kəmaˈhiran/
kemahiran,[kə.maˈhi.ran]
kemajemukan,[kəmad͡ʒəˈmʊʔan]
kemajuan,/kəmaˈd͡ʒuan/
kemajuan,[kə.maˈd͡ʒu.an]
kemakan,/kəˈma.kan/
kemalaman,/kəmaˈlaman/
kemalaman,[kə.maˈla.man]
kemalangan,[kə.maˈlaŋ.an]
kemalasan,/kə.maˈla.san/
kemampuan,/kəmamˈpuan/
kemampuan,[kə.mamˈpu.an]
kemampulabaan,/kə.mam.pu.laˈba.an/
kemampulabaan,[kə.mam.pu.laˈba.(ʔ)an]
kemampulasan,/kəmampuˈlasan/
kemampulasan,[kə.mam.puˈla.san]
kemandang,/kəˈmandaŋ/
kemandang,[kəˈman.daŋ]
kemandirian,/kə.man.di.ˈri.an/
kemandulan,/kəmanˈdulan/
kemandulan,[kə.manˈdu.lan]
kemangi,/kəˈmaŋi/
kemangi,[kəˈma.ŋi]
kemanipulasi,/kə.ma.ni.puˈla.si/
kemantren,[kəˈmantrɛn]
kemanusiaan,/kəmanuˈsia̯an/
kemarahan,/kəmaˈrahan/
kemarahan,[kə.maˈra.han]
kemarau,/kəˈmarau̯/
kemarau,[kəˈma.rau̯]
kemari,/kəˈmari/
kemari,[kəˈma.ri]
kemarin,/kəˈmarin/
kemarin,[kəˈma.rɪn]
kemartiran,/kəmarˈtiran/
kemartiran,[kə.marˈt̪ir.an]
kemaruk,/kəˈmaruk/
kemaruk,[kəˈma.rʊk̚]
kemas,[kəˈmas]
kemasan,[kəˈmasan]
kemasukan,/kə.ma.sʊk.an/
kematian,/kə.maˈti.an/
kemauan,/kəmaˈuan/
kemauan,[kə.maˈu.an]
kemayu,/kəˈmaju/
kemayu,[kəˈma.ju]
kembali,/kəmˈbali/
kembali,[kəmˈba.li]
kemban,/kəmˈban/
kemban,[kəmˈban]
kembang,/kəmˈbaŋ/
kembang kol,[kəmˈbaŋ ˈkɔl]
kembar,/kəmˈbar/
kembar,[kəmˈbar]
kembara,[kəmˈbara]
kemboja,[kəmˈbod͡ʒa]
kembung,[kəmˈbʊŋ]
kemeja,/kəˈmɛd͡ʒa/
kemeja,[kəˈmɛ.d͡ʒa]
kemenag,/ˈkəmənaɡ/
kemenag,[ˈkə.mə.nak̚]
kemenakan,/kə.məˈna.kan/
kemenakan,[kə.məˈna.kan]
kemenangan,/kəməˈnaŋan/
kemenangan,[kə.məˈna.ŋan]
kemendikbudristek,/kəməndikbutˈristɛʔ/
kemendikbudristek,[kə.mən.dik̚.but̪̚ˈris.t̪ɛʔ]
kemengertian,/kə.mə.ŋərˈti.an/
kemenjuluran,/kəmənd͡ʒuˈluran/
kemenjuluran,[kə.məɲ.d͡ʒuˈlu.ran]
kemenkes,/ˈkə.mən.kəs/
kemenkes,[ˈkə.mən.kəs]
kemenkominfo,/kəmənkoˈminfo/
kemenkominfo,[kə.mən.koˈmin.fo]
kementerian,[kəməntəˈrian]
kemenyan,[kəməˈɲan]
kemenyan arab,/ˌkəməɲan ˈarab/
kemenyan arab,[ˌkə.mə.ɲan ˈa.rap̚]
kemerdekaan,/kə.mər.dɛˈka.an/
kemerdekaan,[kə.mər.dɛˈka.(ʔ)an]
kemih,/kəˈmɪh/
keminum,/kəˈmi.nʊm/
kemiri,[kəˈmiri]
kemiringan,/kə.mi.ˈrɪŋ.an/
kemiskinan,/kəmisˈkinan/
kemiskinan,[kə.misˈki.nan]
kemitraan,/kə.mi.ˈtra.an/
kemlu,/kəmˈlu/
kemlu,[kəmˈlu]
kemoceng,[kəˈmot͡ʃɛŋ]
kemodernan,[kəmoˈdɛrnan]
kemoralan,/kəmoˈralan/
kemoterapi,/kəmoteˈrapi/
kemoterapi,[kə.mo.t̪eˈra.pi]
kempa,[kəmˈpa]
kempetai,/kemˈpe.tai̯/
kempis,/kəmˈpɪs/
kempo,[ˈkɛmpo]
kemubaziran,/kəmubaˈziran/
kemubaziran,[kə.mu.baˈzi.ran]
kemudahan,/kə.muˈda.han/
kemudahan,[kə.muˈda.han]
kemudi,/kəˈmu.di/
kemudian,/kəmuˈdian/
kemudian,[kə.muˈdi.an]
kemuncak,/kə.ˈmʊn.t͡ʃak/
kemungkinan,/kəmuŋˈkinan/
kemungkinan,[kə.muŋˈki.nan]
kemuning,/kəˈmu.niŋ/
kemurungan,/kə.mu.ˈrʊŋ.an/
ken,/kɛn/
kena,/kəˈna/
kena,[kəˈna]
kenai,/kəˈnai/
kenai,[kəˈna.i]
kenaikan,/kənaˈikan/
kenaikan,[kə.naˈi.kan]
kenal,/kəˈnal/
kenal,[kəˈnal]
kenan,/kə.ˈnan/
kenapa,/kəˈnapa/
kenapa,[kəˈna.pa]
kencan,/kənˈt͡ʃan/
kencan buta,/kənˈt͡ʃan ˈbuta/
kencan daring,/kənˈt͡ʃan ˈdarɪŋ/
kencana,/kən.t͡ʃa.na/
kencang,[kənˈt͡ʃaŋ]
kenceng,/kən.t͡ʃəŋ/
kenceng,[ˈkɛnt͡ʃɛŋ]
kencing,/kənˈt͡ʃiŋ/
kencing,[kəɲˈt͡ʃiŋ]
kencing manis,[kənˈt͡ʃɪŋ ˈmanɪs]
kendal,/kənˈdal/
kendal,[kənˈdal]
kendala,/kənˈdala/
kendali,[kənˈd̪ali]
kendara,[kənˈdara]
kendaraan,/kənˈda.raʔan/
kendaraan listrik,/kən.daˌra.an ˈlis.trik/
kendaraan listrik,[kən.daˌra.(ʔ)an ˈlis.t̪rɪk̚]
kendati,/kənˈdati/
kendati,[kənˈda.t̪i]
kendi,/kənˈdi/
kendi,[kənˈdi]
kendo,/ˈkendo/
kendo,[ˈken.do]
kendur,/kənˈdur/
kendur,[kənˈdʊr]
kenduri,[kənˈdu.ri]
kenek,/kəˈnɛk/
kenel,/ˈkenɛl/
kenel,[ˈke.nɛl]
kening,/ˈkə.nɪŋ/
kenken,/ˈkenken/
kenormalan,/kə.nɔrˈma.lan/
kensel,[ˈkɛnsəl]
kental,[kənˈtal]
kentang,[kənˈtaŋ]
kentang atlantik,[kəntaŋ atlantɪk]
kentang granola,[kəntaŋ ɡranola]
kentut,/kənˈtut/
kentut,[kən̪ˈt̪ʊt̪̚]
kenyang,/kəˈɲaŋ/
kenyang,[kəˈɲaŋ]
kenyataan,/kəɲaˈtaan/
kenyataan,[kə.ɲaˈt̪a.(ʔ)an]
keonaran,/kəoˈnaran/
keonaran,[kə.oˈna.ran]
keong sawah,/ˌkeoŋ ˈsawah/
keong sawah,[ˌke.ɔŋ ˈsa.wah]
kep,/kaˈepe/
kepada,/kəˈpada/
kepada,[kəˈpa.da]
kepah,/kəˈpah/
kepah,[kəˈpah]
kepahaman,/kə.paˈha.man/
kepak,[kəˈpak̚]
kepak,[ˈkɛpak̚]
kepala,/kəˈpala/
kepala,[kəˈpa.la]
kepala batu,/kəˌpala ˈbatu/
kepala batu,[kəˌpa.la ˈba.t̪u]
kepala daerah,/kəˈpala daˈerah/
kepala negara,/kəˈpala nəˈɡara/
kepala pemerintahan,/kəˈpala pəmərɪnˈtahan/
kepala putik,/kəˌpala ˈputik/
kepala putik,[kəˌpa.la ˈpu.t̪ɪk̚]
kepala sari,/kəˌpala ˈsari/
kepala sari,[kəˌpa.la ˈsa.ri]
kepala sekolah,/kəpala səkolah/
kepamongprajaan,/kəpamɔŋpraˈd͡ʒaan/
kepamongprajaan,[kə.pa.mɔŋ.praˈd͡ʒa.(ʔ)an]
kepanasan,/kə.paˈna.san/
kepandaian,/kə.panˈdai̯.an/
kepanikan,/kəpaˈnikan/
kepanikan,[kə.paˈni.kan]
kepaniteraan,[kəpanitəˈraan]
keparat,/kə.pa.rat/
kepasifan,/kəpaˈsifan/
kepasifan,[kə.paˈsi.fan]
kepastian hukum,/kəpasˈtian ˈhʊkʊm/
kepatuhan,/kə.paˈtu.han/
kepedean,/kəpeˈdean/
kepedean,[kə.peˈde.an]
kepegawaian,[kəpəɡaˈwai̯an]
kepembacaan,/kəpəmbaˈt͡ʃaan/
kepembacaan,[kə.pəm.baˈt͡ʃa.(ʔ)an]
kepemilikan,/kəpəmiˈlikan/
kepemilikan,[kə.pə.miˈli.kan]
kepemimpinan,[kəpəmɪmˈpɪnan]
kepemudaan,/kə.pəˈmu.da.ʔan/
kependetaan,/kə.pən.dɛˈta.ʔan/
kependudukan,[kəpənduˈdʊkan]
kepengelolaan,/kəpəŋəloˈlaʔan/
kepengen,/ˈkə̂pəŋən/
kepengen,[ˈkə̂.pə.ŋən]
kepengin,/ˈkə̂pəŋin/
kepengin,[ˈkə̂.pə.ŋɪn]
kepengurusan,/kəpəŋuˈrusan/
kepengurusan,[kə.pə.ŋuˈru.san]
kepentingan,/kəˈpənt.ɪŋan/
kepentingan,[kəˈpən̪t̪̚.ɪŋan]
kepenulisan,/kəpənuˈlisan/
kepenulisan,[kə.pə.nuˈli.san]
keperawatan,/kəpəraˈwatan/
keperawatan,[kə.pə.raˈwa.t̪an]
kepercayaan,/kəpərt͡ʃaˈjaan/
kepercayaan,[kə.pər.t͡ʃaˈja.(ʔ)an]
kepercayaan diri,/kəpərt͡ʃaˌjaan ˈdiri/
kepercayaan diri,[kə.pər.t͡ʃaˌja.(ʔ)an ˈdi.ri]
keperluan,[kəpərˈluan]
kepikiran,/kə.piˈki.ran/
keping,/kəˈpiŋ/
keping,[kəˈpiŋ]
keping darah,/kəˈpɪŋ ˈdarah/
kepingin,/kə̂ˈpiŋin/
kepingin,[kə̂ˈpi.ŋɪn]
kepintaran,/kə.pɪnˈta.ran/
kepo,[ˈkɛ.po]
kepodang,/kəˈpodaŋ/
kepodang,[kəˈpo.daŋ]
kepolisian,/kəpoliˈsian/
kepolisian,[kə.po.liˈsi.an]
kepompong,/kəˈpompoŋ/
kepompong,[kəˈpom.pɔŋ]
keponakan,/kəpoˈnakan/
kepopuleran,/kə̂.po.puˈlɛ.ran/
kepopuleran,[kə̂.po.puˈlɛ.ran]
keprabuan,/kəpraˈbuan/
kepresidenan,/kəpresiˈdenan/
kepresidenan,[kəp̚.re.siˈde.nan]
kepri,/kəpˈri/
kepri,[kəp̚ˈri]
kepribadian,/kəpribaˈdian/
kepribadian,[kəp̚.ri.baˈdi.an]
keprigelan,/kəpˈriɡəlan/
keprigelan,[kəp̚ˈri.ɡə.lan]
keproduktifan,/kəprodukˈtifan/
keproduktifan,[kəp̚.ro.duk̚ˈt̪i.fan]
keprofesoran,/kəprofeˈsoran/
keprofesoran,[kəp̚.ro.feˈso.ran]
kepsek,[ˈkəp̚sək̚]
kepuasan,/kə.pu.ˈas.an/
kepulauan,/kəpuˈlawan/
kepulauan,[kə.puˈla.wan]
kepung,/kəˈpuŋ/
kepung,[kəˈpuŋ]
kepunyaan,/kəpuˈɲaan/
kepunyaan,[kə.puˈɲa.(ʔ)an]
kepura-puraan,/kə.pu.ra.pu.ra.an/
kepura-puraan,[kə.pu.ra.puˈra.ʔan]
keputihan,/kəpuˈtihan/
keputihan,[kə.puˈt̪i.han]
keputusan,/kə.pu.ˈtʊs.an/
keputusasaan,/kəputus(ʔ)aˈsa(ʔ)an/
kepuyuk,/kəˈpu.juk/
kepuyuk,[kəˈpu.jʊk̚]
kera,/kəˈra/
kera,[kəˈra]
kerabat,/kəˈrabat/
kerabat,[kəˈra.bat̪̚]
keracunan,/kəraˈt͡ʃunan/
keracunan,[kə.raˈt͡ʃu.nan]
keragaan,/kə.raˈɡa.an/
keragaan,[kə.raˈɡa.(ʔ)an]
keragaman,[kəraˈɡaman]
kerah,[kəˈrah]
kerah biru,/kəˈrah ˈbiru/
kerah putih,/kəˈrah ˈputɪh/
kerahasiaan,[kərahasiaa̯n]
kerahasiaan pribadi,/kə.ra.ha.siˌa.an ˈpri.ba.di/
kerahasiaan pribadi,[kə.ra.ha.siˌ(j)a.(ʔ)an ˈpri.ba.di]
kerajaan,/kəraˈd͡ʒaan/
kerajaan,/kəraˈd͡ʒaʔan/
kerajaan,[kə.raˈd͡ʒa.(ʔ)an]
kerajaan,[kə.raˈd͡ʒa.ʔan]
kerajinan,/kəraˈd͡ʒɪnan/
kerak,/kəˈrak/
kerak,[kəˈrak̚]
kerak terusi,/kə.ˈrak tə.ˈru.si/
kerakai,/kəˈrakai̯/
kerakai,[kəˈra.kai̯]
kerakyatan,[kəraʔˈjatan]
keram,[kəˈram]
keramahan,/kəraˈmahan/
keramahan,[kə.raˈma.han]
keramaian,/kəraˈmajan/
keramaian,[kə.raˈma.jan]
keramat,/kəˈramat/
keramat,[kəˈra.mat̪̚]
keramik,/kəˈramɪk̚/
keran,/kəˈran/
keran,[kəˈran]
keranda,/kəˈranda/
keranda,[kəˈran.da]
kerangka,/kəˈraŋka/
kerangka,[kəˈraŋ.ka]
kerangka acuan kerja,/kə.ˈraŋ.ka a.ˈt͡ʃu.an kər.ˈd͡ʒa/
kerangkeng,[kəˈraŋkɛŋ]
kerani,/kəˈrani/
kerani,[kəˈra.ni]
keranjang,/kəˈrand͡ʒaŋ/
keranjang,[kəˈraɲ.d͡ʒaŋ]
kerapu,/kəˈra.pu/
keras,/kəˈras/
keras,[kəˈras]
keras hati,/kəˌras ˈhati/
keras hati,[kəˌras ˈha.t̪i]
keratabasa,/kə.ra.taˈba.sa/
keratabasa,[kə.ra.t̪aˈba.sa]
keraton,/kəˈraton/
keraton,[kəˈra.t̪ɔn]
kerbau,/kərˈbau̯/
kerbau,[kərˈbau̯]
kerbau afrika,/kərbau̯ afrika/
kereb,/ˈkərəb/
kereb,[ˈkə.rəp̚]
kerek,/ˈkerɛk/
kerek,[ˈke.rɛk̚]
kerendahan,/kərənˈdahan/
kerendahan,[kə.rənˈda.han]
kerentanan,/kə.rən.ˈtan.an/
kerepek,/kəˈrɛpək/
kerepek,[kəˈrɛ.pək̚]
keresahan,/kə.rə.ˈsah.an/
keresidenan,/kəresiˈdɛnan/
keresidenan,[kə.re.siˈdɛ.nan]
kereta,/kəˈrɛta/
kereta,[kəˈrɛ.t̪a]
kereta api,/kəˌreta ˈapi/
kereta api,[kəˌre.t̪a ˈa.pi]
kereta api bawah tanah,[kəˈrɛt̪a ˈapi ˈbawah ˈtanah]
kereta api bumel,/ˌkərəta ˌapi ˈbuməl/
kereta api bumel,[ˌkə.rə.t̪a ˌa.pi ˈbu.məl]
keretek,/kəˈrɛtɛk/
keretek,[kəˈrɛ.t̪ɛk̚]
keributan,/kə.riˈbu.tan/
keributan,[kə.riˈbu.t̪an]
kering,/kəˈriŋ/
kering,[kəˈriŋ]
keringat,/kə.ˈrɪ.ŋat/
keripik,/kəˈripɪk̚/
keris,[kəˈrɪs]
keriting,/kəˈri.tiŋ/
kerja,/kərˈd͡ʒa/
kerja,[kərˈd͡ʒa]
kerja bakti,[kərˈd͡ʒa ˈbak̚ti]
kerja paksa,/kərˌd͡ʒa ˈpak.sa/
kerja paksa,[kərˌd͡ʒa ˈpak̚.sa]
kerja sama,[kərˈd͡ʒa ˈsama]
kerjaan,/kərˈd͡ʒaan/
kerjaan,[kərˈd͡ʒa.(ʔ)an]
kerjai,/kərˈd͡ʒa.i/
kerjakan,/kərˈd͡ʒa.kan/
kerkop,[kərˈkɔp]
kermi,[kərˈmi]
kernel,/ˈkɛrnəl/
kernel,[ˈkɛr.nəl]
kernet,/kərˈnɛt̚/
keromong,/kəˈromoŋ/
keromong,[kəˈro.mɔŋ]
keron,/kəˈron/
keron,[kəˈron]
keropok,[kəˈropɔk̚]
kerosak,[kəˈrosak]
kerosin,/keˈrosɪn/
kers,/ˈkɛrs/
kersen,/ˈkɛrsən/
kersen,[ˈkɛr.sən]
kersik,/kərˈsik/
kersik,[kərˈsɪk̚]
kertak,/kərˈtaʔ/
kertak,[kərˈt̪aʔ]
kertas,/kərˈtas/
kertas,[kərˈt̪as]
kertas posisi,/kər.ˈtas po.ˈsi.si/
kertas saring,/kərˈtas ˈsarɪŋ/
kertau,/kərˈtau̯/
kertosono,/kərtoˈsono/
kertosono,/kərtɔˈsɔnɔ/
kertosono,[kər.t̪oˈso.no]
kertosono,[kər.t̪ɔˈsɔ.nɔ]
kerucut,/kəˈrut͡ʃut/
kerucut,[kəˈru.t͡ʃʊt̪̚]
kerugian,/kəruˈɡian/
kerugian,[kə.ruˈɡi.an]
keruh,/kəˈrʊh/
kerul,[kəˈrʊl]
kerumun,/kəˈrumun/
kerumun,[kəˈru.mʊn]
kerumunan,/kəruˈmunan/
kerumunan,[kə.ruˈmu.nan]
kerun,/kəˈrun/
kerun,[kəˈrun]
keruncingan,/kərunˈt͡ʃiŋan/
keruncingan,[kə.ruɲˈt͡ʃi.ŋan]
kerupuk,/kəˈrupuk/
kerupuk,[kəˈru.pʊk̚]
kerupuk udang,[kəˈrupʊk̚ ˈʊdaŋ]
kerusakan,/kəruˈsakan/
kerusakan,[kə.ruˈsa.kan]
kerusuhan,/kəruˈsuhan/
kerusuhan,[kə.ruˈsu.han]
kervil,/kərˈvil/
kervil,[kərˈfɪl]
kes,[ˈkɛs]
kesadaran,/kəsaˈdaran/
kesadaran,[kə.saˈda.ran]
kesah,/ˈkesah/
kesah,[ˈke.sah]
kesal,/kəˈsal/
kesal,[kəˈsal]
kesalahan,/kəsaˈlahan/
kesalingan,/kəsaˈliŋan/
kesalingan,[kə.saˈli.ŋan]
kesalingpahaman,/kə.sa.lɪŋ.paˈha.man/
kesamaan,/kə.sa.ˈma.an/
kesan,[kəˈsan]
kesatria,[kəˈsatria̯]
kesatu,/kəˈsatu/
kesatu,[kəˈsa.t̪u]
kesatuan,[kəsaˈtua̯n]
kesayangan,/kəsaˈjaŋan/
kesayangan,[kə.saˈja.ŋan]
kesebelas,/kəˈsəbəlas/
kesebelas,[kəˈsə.bə.las]
kesedapan,/kəsəˈdapan/
kesedapan,[kə.səˈda.pan]
kesedihan,/kəsəˈdihan/
kesedihan,[kə.səˈdi.han]
kesegarisan,/kə.sə.ɡa.ˈrɪs.an/
kesehatan,/kəsɛˈhatan/
kesehatan,[kə.sɛˈha.t̪an]
kesehatan dan keselamatan kerja,/kə.sə.ˈha.tan ˈdan kə.sə.la.ˈmat.an kər.ˈd͡ʒa/
kesehatan kerja,/kə.seˌha.tan kərˈd͡ʒa/
kesehatan kerja,[kə.seˌha.t̪an kərˈd͡ʒa]
keseimbangan,[kəsəɪmˈbaŋan]
kesejahteraan,/kəsəd͡ʒahtəˈraan/
kesejalanan,/kə.sə.dʒaˈla.nan/
keselamatan,[kəsəlaˈmat̪an]
keselesaian,/kə.sə.ləˈsai̯.an/
kesembilan,/kəsəmˈbilan/
kesembilan,[kə.səmˈbi.lan]
kesembuhan,/kəsəmˈbuhan/
kesembuhan,[kə.səmˈbu.han]
kesemek,/kəsəˈmək/
kesemek,[kə.səˈmək̚]
kesempatan,/kə.səmˈpa.tan/
kesempetan,/kə.səmˈpə.tan/
kesemutan,/kəsəˈmutan/
kesemutan,[kə.səˈmu.t̪an]
kesengajaan,/kəsəŋaˈd͡ʒaan/
kesenggangan,/kəsəŋˈɡaŋan/
kesenggangan,[kə.səŋˈɡa.ŋan]
kesenggol,/kəˈsɛŋɡɔl/
kesenggol,[kəˈseŋ.ɡɔl]
kesenian,[kəsəˈnian]
kesenjangan,/kə.sən.d͡ʒaŋ.an/
kesepahaman,/kə.sə.paˈha.man/
keseragaman,/kə.sə.ra.ˈɡam.an/
keserasian,/kəsəraˈsian/
keserasian,[kə.sə.raˈsi.an]
keseruan,/kəsəˈruan/
kesesakan,/kə.sə.ˈsak.an/
kesesuaian,/kəsəsuˈajan/
kesesuaian,[kə.sə.suˈa.jan]
kesetanan,/kəseˈtanan/
kesetanan,[kə.seˈt̪a.nan]
kesetrum,/kəsəˈtrum/
kesetrum,[kə.səˈt̪rʊm]
kesewenangan,/kə.sə.wə.ˈnaŋ.an/
kesiapan,[kəˈsia̯p̚an]
kesimpulan,[kəsɪmˈpʊlan]
kesintingan,/kə.sinˈti.ŋan/
kesintingan,[kə.sin̪ˈt̪i.ŋan]
keskul,[kəsˈkʊl]
kesling,/kəsˈliŋ/
kesling,[kəsˈliŋ]
kesopanan,/kə.sɔˈpa.nan/
kestabilan,/kəstaˈbilan/
kestabilan,[kə.st̪aˈbi.lan]
kesturi,/kəs.ˈtu.ri/
kesuburan,/kə.su.bʊr.an/
kesukaan,/kəsuˈkaan/
kesukaan,[kə.suˈka.(ʔ)an]
kesukaran,/kə.su.ˈkar.an/
kesuksesan,/kəsukˈsesan/
kesuksesan,[kə.suk̚ˈse.san]
kesumba,/kəˈsumba/
kesumba,[kəˈsum.ba]
kesumba murup,/kə.ˈsʊm.ba ˈmu.rʊp/
kesyahan,[kəʃahan]
ketagihan,/kətaˈɡihan/
ketagihan,[kə.t̪aˈɡi.han]
ketahanan,/kətaˈhanan/
ketahuan,/kə.taˈhu.an/
ketahui,/kətaˈhui/
ketahui,[kə.t̪aˈhu.i]
ketak- -an,/kətaʔ- -an/
ketaknormalan,/kə.taʔ.nɔrˈma.lan/
ketam,[kəˈtam]
ketampanan,/kə.tamˈpa.nan/
ketan,/kəˈtan/
ketan,[kəˈt̪an]
ketapang,/kəˈtapaŋ/
ketapang,[kəˈt̪a.paŋ]
ketat,/kəˈtat/
ketat,[kəˈt̪at̪̚]
ketatanegaraan,/kə.ta.ta.nə.ɡa.ˈra.an/
ketawa,/kəˈtawa/
ketawa,[kəˈt̪a.wa]
ketegangan,/kətəˈɡaŋan/
ketegangan,[kə.t̪əˈɡa.ŋan]
ketegukan,/kətəˈɡukan/
ketegukan,[kə.t̪əˈɡu.kan]
ketel,[kəˈt̪əl]
ketel,[kəˈt̪ɛl]
ketel,[ˈkɛ.t̪ɛl]
ketela,[kəˈtɛla]
ketela pohon,[kəˈtɛla ˈpohɔn]
keteladanan,/kətəlaˈdanan/
keteladanan,[kə.t̪ə.laˈda.nan]
ketelisan,/kəteˈlisan/
ketelisan,[kə.t̪eˈlis.an]
ketelitian,/kə.tə.liˈti.an/
ketemu,/kətəˈmu/
ketemu,[kə.t̪əˈmu]
ketenaran,/kətəˈnaran/
ketenaran,[kə.t̪əˈna.ran]
ketenteraman,[kət̪ənt̪əˈraman]
ketentuan,/kətənˈtuan/
ketepatan,/kətəˈpatan/
ketepatan,[kə.t̪əˈpa.t̪an]
ketepercayaan,/kə.tə.pər.t͡ʃaˈja.an/
ketepercayaan,[kə.t̪ə.pər.t͡ʃaˈja.(ʔ)an]
keter- -an,/kə.tər- -an/
keterampilan,/kətəramˈpilan/
keterampilan,[kə.t̪ə.ramˈpil.an]
keterangan,/kətəˈraŋan/
keterangan,[kə.t̪əˈra.ŋan]
keterangan ahli,/kətəˌraŋan ˈahli/
keterangan ahli,[kə.t̪əˌra.ŋan ˈah.li]
keterbacaan,/kətərbaˈt͡ʃaan/
keterbacaan,[kə.t̪ər.baˈt͡ʃa.(ʔ)an]
keterbatasan,/kə.tər.baˈta.san/
keterbukaan,/kə.tər.buˈka.ʔan/
ketercukupan,/kətərt͡ʃuˈkupan/
ketercukupan,[kə.t̪ər.t͡ʃuˈku.pan]
ketergantungan,/kə.tər.ɡan.ˈtʊŋ.an/
ketergunaan,/kətərɡuˈnaan/
ketergunaan,[kə.t̪ər.ɡuˈna.(ʔ)an]
keterkelolaan,/kətərkəloˈla(ʔ)an/
keterkungkungan,/kətərkuŋˈkuŋan/
keterkungkungan,[kə.t̪ər.kuŋˈku.ŋan]
keterkutukan,/kətərkuˈtukan/
keterkutukan,[kə.t̪ər.kuˈt̪u.kan]
keterlaluan,/kə.tər.laˈlu.an/
keterlambatan,/kətərlamˈbatan/
keterlambatan,[kə.t̪ər.lamˈba.t̪an]
ketermakanan,/kətərmaˈkanan/
ketermakanan,[kə.t̪ər.maˈka.nan]
keterpasaran,/kə.tər.paˈsa.ran/
keterpengaruhan,/kə.tər.pə.ŋaˈru.han/
ketersediaan,/kə.tər.sə.di.ˈa.an/
ketersedotan,/kə.tər.səˈdo.tan/
keterserakan,/kətərseˈrakan/
keterserakan,[kə.t̪ər.seˈra.kan]
ketersinggungan,/kətərsiŋˈɡuŋan/
ketersinggungan,[kə.t̪ər.siŋˈɡu.ŋan]
ketertutupan,/kə.tər.tuˈtu.pan/
keterwakilan,/kətərwaˈkilan/
keterwakilan,[kə.t̪ər.waˈki.lan]
ketetapan,/kətəˈtapan/
ketetapan,[kə.t̪əˈt̪ap̚.an]
ketgat,/ˈketɡat/
ketgat,[ˈket̪̚.ɡat̪̚]
keti,[kəˈt̪i]
ketiadaan,/kətiaˈdaan/
ketiadaan,[kə.t̪i.aˈda.(ʔ)an]
ketidak- -an,/kətidaʔ- -an/
ketidaklurusan,/kətidakluˈrusan/
ketidaklurusan,[kə.t̪i.dak̚.luˈru.san]
ketidakmampuan,/kətidaʔmamˈpuan/
ketidakmasukakalan,/kətidakmasukʔaˈkalan/
ketidakmasukakalan,[kə.t̪i.dak̚.ma.suk̚.ʔaˈka.lan]
ketidaknormalan,/kə.ti.daʔ.nɔrˈma.lan/
ketidaknyamanan,/kətidakɲaˈmanan/
ketidaknyamanan,[kə.t̪i.dak̚.ɲaˈma.nan]
ketidakpastian,/kətidakpasˈtian/
ketidakpastian,[kə.t̪i.dak̚.pasˈt̪i.an]
ketidaksadaran,/kətidaʔsaˈdaran/
ketidaksamaan,/kə.ti.dak.saˈma.ʔan/
ketidaksesuaian,/kətidaksəsuˈajan/
ketidaksesuaian,[kə.t̪i.dak̚.sə.suˈa.jan]
ketidaksetujuan,/kətidaksətuˈd͡ʒuan/
ketidaksetujuan,[kə.t̪i.dak̚.sə.t̪uˈd͡ʒu.an]
ketidakstabilan,/kətidakstaˈbilan/
ketidakstabilan,[kə.t̪i.daks.t̪aˈbi.lan]
ketidur-tiduran,/kə.ti.dʊr.tiˈdu.ran/
ketiduran,/kə.tiˈdu.ran/
ketiganya,/kətiˈɡaɲa/
ketiganya,[kə.t̪iˈɡa.ɲa]
ketik,/kəˈtik/
ketik,[kəˈt̪ɪk̚]
ketika,[kəˈtika]
ketilang,/kəˈtilaŋ/
ketilang,[kəˈt̪i.laŋ]
ketimbang,/kə.ˈtɪm.baŋ/
ketimpangan,/kətɪmˈpaŋan/
ketinggalan,/kəˈtiŋ.ɡa.lan/
ketinggian,/kətiŋˈɡian/
ketinggian,[kə.t̪iŋˈɡi.an]
ketip,/kəˈtɪp̚/
ketola,/kəˈtola/
ketola,[kəˈt̪o.la]
ketombe,/kəˈtɔmbe/
ketonggeng,/kəˈtoŋɡeŋ/
ketonggeng,[kəˈt̪oŋ.ɡɛŋ]
ketoprak,[kəˈtoprak̚]
kets,/ˈkɛts/
kets,[ˈkɛt̪s]
ketua,/kəˈtua/
ketua,[kəˈt̪u.a]
ketuban,/kəˈtuban/
ketuban,[kəˈt̪u.ban]
ketuban pecah dini,/kəˌtuban pəˌt͡ʃah ˈdini/
ketuban pecah dini,[kəˌt̪u.ban pəˌt͡ʃah ˈdi.ni]
ketuhanan,/kətuˈhanan/
ketujuh,/kəˈtud͡ʒuh/
ketujuh,[kəˈt̪u.d͡ʒʊh]
ketuk,/kəˈtʊʔ/
ketulangan,/kətuˈlaŋan/
ketulangan,[kə.t̪uˈla.ŋan]
ketulusan,/kətuˈlusan/
ketulusan,[kə.t̪uˈlu.san]
ketum,/kəˈtum/
ketum,[kəˈt̪um]
ketumbar,/kəˈtʊmbar/
ketumpahan,/kətumˈpahan/
ketumpahan,[kə.t̪umˈpa.han]
ketungging,/kəˈtuŋɡiŋ/
ketungging,[kəˈt̪uŋ.ɡɪŋ]
ketuntasan,/kətunˈtasan/
ketuntasan,[kə.t̪un̪ˈt̪a.san]
ketupat,/kəˈtupat/
ketupat,[kəˈt̪u.pat̪̚]
ketur,/kəˈtur/
ketur,[kəˈt̪ʊr]
keturunan,/kətuˈrunan/
keturunan,[kə.t̪uˈru.nan]
ketutup,/kəˈtu.tʊp̚/
ketutupin,/kə.tuˈtu.pɪn/
keuangan,[kəˈua̯ŋan]
keunggulan,/kəŋˈɡulan/
keunggulan,[kəŋˈɡu.lan]
keunggulan kompetitif,/kəʊŋˈɡʊlan kɔmpəˈtitɪf/
keuskupan,/kə.us.kup.an/
kewajaran,/kəwaˈd͡ʒaran/
kewajaran,[kə.waˈd͡ʒa.ran]
kewajiban,/kəwaˈd͡ʒiban/
kewajiban,[kə.waˈd͡ʒi.ban]
kewajiban moral,/kə.wa.d͡ʒi.ban ˈmɔ.ral/
kewalahan,/kəwaˈlahan/
kewalahan,[kə.waˈla.han]
kewarganegaraan,/kə.war.ɡa.nə.ɡaˈra.an/
kewarganegaraan,[kə.war.ɡa.nə.ɡaˈra.(ʔ)an]
kewartawanan,/kə.war.ta.ˈwan.an/
kewedanaan,/kəweˈdanan/
kewedanaan,[kə.weˈda.nan]
kewenangan,/kəwəˈnaŋan/
kewenangan,[kə.wəˈna.ŋan]
kewiraan,[kəwiraan]
kewirausahaan,[kəwiraʊsaˈhaan]
keyakinan,/kəjaˈkinan/
keyakinan,[kə.jaˈki.nan]
kezuhudan,/kəzuˈhudan/
kezuhudan,[kə.zuˈhu.dan]
khadija,/xaˈdid͡ʒa/
khadija,[xaˈdi.d͡ʒa]
khairunnisa,/ˈh-/
khairunnisa,/ˈxairunisa/
khairunnisa,/ˈxoi-/
khaki,/ˈxaki/
khaki,[ˈxa.ki]
khalayak,/xaˈlajaʔ/
khalifah,/xa.li.faʔ/
khalwat,[ˈxal.wat̚]
khamar,/ˈxamar/
khamar,[ˈxa.mar]
khamir,/ˈxamir/
khamir,[ˈxa.mɪr]
khanjar,/ˈxand͡ʒar/
khanjar,[ˈxaɲ.d͡ʒar]
khas,[ˈxas]
khasi,[ˈxa.si]
khasiat,/xa.ˈsi.at/
khatam,/hatam/
khatam,/katam/
khatam,/ˈxatam/
khatulistiwa,/katulisˈtiwa/
khatulistiwa,/xatulisˈtiwa/
khatulistiwa,[ka.t̪u.lisˈt̪i.wa]
khatulistiwa,[xa.t̪u.lisˈt̪i.wa]
khawatir,/haˈwatɪr/
khawatir,/kaˈwatɪr/
khawatir,/xaˈwatɪr/
khayal,/ˈxajal/
khayal,[ˈxa.jal]
khazanah,/xaˈza.nah/
khianat,[xiˈanat̪̚]
khidmat,/ˈxidmat/
khidmat,[ˈxit̪̚.mat̪̚]
khilafah,/xiˈlafah/
khilafah,[xiˈla.fah]
khitan,/ˈxitan/
khitan,[ˈxi.t̪an]
khizanatulkitab,/xizanatulˈkitab/
khizanatulkitab,[xi.za.na.t̪ulˈki.t̪ap̚]
khoja,/ˈxo.d͡ʒa/
khoja,[ˈxo.d͡ʒa]
khotbah,[ˈxɔt̪̚bah]
khs,/kaˈhaɛs/
khulasah,/xuˈlasah/
khulasah,[xuˈla.sah]
khusus,/ˈxusus/
khusus,[ˈxu.sʊs]
khusyuk,/ˈxuʃuʔ/
khusyuk,[ˈxu.ʃʊʔ]
ki,/ki/
ki,[ki]
kia,/ka.ˈi.a/
kia,[ˈkia̯]
kiai,/ˈkiai̯/
kiai,[ˈkiʲaʲi]
kiamat,/kiˈa.mat̚/
kiani,[kiˈa.ni]
kias,/ˈkias/
kias,[ˈki.as]
kiaskan,/kiˈaskan/
kiaskan,[kiˈas.kan]
kiaupau,[kiˈau̯pau̯]
kibar,/ˈkibar/
kibar,[ˈki.bar]
kibaran,/kiˈbaran/
kibaran,[kiˈba.ran]
kiblat,/ˈkiblat/
kiblat,[ˈkip̚.lat̪̚]
kibor,[ˈkibɔr]
kicauan,/kiˈt͡ʃau̯an/
kicuit,/kiˈt͡ʃuit/
kicuit,[kiˈt͡ʃu.ɪt̪̚]
kidal,/kidal/
kidung,/ˈkiduŋ/
kidung,[ˈki.dʊŋ]
kidung agung,/ˌki.duŋ ˈa.ɡuŋ/
kidung agung,[ˌki.dʊŋ ˈa.ɡʊŋ]
kie,/ka.ˈi.e/
kijang,/ˈkid͡ʒaŋ/
kijang,[ˈki.d͡ʒaŋ]
kikir,/ˈki.kɪr/
kikuk,/ˈkikʊk̚/
kilang,/kilaŋ/
kilap,/ˈkilap/
kilap,[ˈki.lap̚]
kilat,/ˈkilat/
kilat,[ˈki.lat̪̚]
kiln,[ˈkɪln]
kiln,[ˈkɪlə̆n]
kima,/ˈkima/
kima,[ˈki.ma]
kimai,/ˈki.mai̯/
kimak,/ˈkimaʔ/
kimak,[ˈki.maʔ]
kimci,[ˈkɪm.t͡ʃi]
kimia,/kiˈmia/
kimia,[kiˈmi.a]
kimiawi,/kimiˈawi/
kimiawi,[ki.miˈa.wi]
kimlo,/ˈkɪmlo/
kimo,/ˈkimo/
kimo,[ˈki.mo]
kimono,/kiˈmono/
kimono,[kiˈmo.no]
kimpal,/ˈkim.pal/
kimpal,[ˈkim.pal]
kimus,/ˈkimʊs/
kina,[ˈkina]
kinako,/kiˈnako/
kinako,[kiˈna.ko]
kinantan,/ki.ˈnan.tan/
kinarya,/kiˈnarja/
kinarya,[kiˈnar.ja]
kinase,/kiˈnasə/
kinase,[kiˈna.sə]
kincir,[ˈkɪnt͡ʃɪr]
kinclong,/ˈkint͡ʃloŋ/
kinclong,[ˈkiɲ.t͡ʃlɔŋ]
kinerja,[kinərˈd͡ʒa]
kinetik,/kiˈnetik/
kinetik,[kiˈne.t̪ɪk̚]
kini,/ˈkini/
kini,[ˈki.ni]
kinoa,/ˈkinoa̯/
kintaka,[kɪnˈtaka]
kio,[ˈkio̯]
kios,[ˈkiɔs]
kipas,/ˈki.pas/
kipas,[ˈki.pas]
kipasan,/kiˈpasan/
kipasan,[kiˈpa.san]
kiper,[ˈkipər]
kipi,[ˈkipi]
kipsiau,/kipˈsiau̯/
kipsiau,[kip̚ˈsi.au̯]
kir,/ˈkir/
kir,[ˈkɪr]
kira,/ˈkira/
kira,[ˈki.ra]
kira-kira,/ˌkira ˈkira/
kira-kira,[ˌki.ra ˈki.ra]
kirab,/ˈkirab/
kirab,[ˈki.rap̚]
kirana,/kirana/
kirap,/ˈkirap/
kirap,[ˈki.rap̚]
kirgizstan,/kirˈɡistan/
kirgizstan,[kirˈɡi.st̪an]
kiri,/ˈki.ri/
kirik,/ˈkirik/
kirik,[ˈki.rɪk̚]
kirik-kirik,/ˌkirik ˈkirik/
kirik-kirik,[ˌki.rɪk̚ ˈki.rɪk̚]
kirim,/ˈkirim/
kirim,[ˈki.rɪm]
kiropraktik,/kiroˈpraktik/
kiropraktik,[ki.roˈprak̚.t̪ɪk̚]
kirtimuka,/kirtiˈmuka/
kirtimuka,[kir.t̪iˈmu.ka]
kisah,[ˈki.sah]
kisah para rasul,/ˌkisah ˌpara ˈrasul/
kisah para rasul,[ˌki.sah ˌpa.ra ˈra.sʊl]
kisaran,/kiˈsaran/
kisaran,[kiˈsa.ran]
kisi,/ˈkisi/
kisi,[ˈki.si]
kismis,[ˈkɪs.mɪs]
kiss,/kɪs/
kista,[ˈkɪs.ta]
kita,/ˈkita/
kita,[ˈki.t̪a]
kitab,/ˈkitab/
kitab,[ˈki.t̪ap̚]
kitab mormon,/ˌki.tab ˈmor.mon/
kitab mormon,[ˌki.t̪ap̚ ˈmor.mɔn]
kitar,/ˈkitar/
kitar,[ˈki.t̪ar]
kitas,/ki.tas/
kitin,[ˈkitɪn]
kiting,/ˈkitiŋ/
kiting,[ˈki.t̪ɪŋ]
kj,/ˈkad͡ʒe/
kk,/ka.ka/
kki,/kaˈka.i/
kki,[kaˈka.i]
kkm,/ka.ˈka.ɛm/
kkn,/kaˈkaɛn/
kko,/ka.ˈka.o/
kkp,/kaˈka.pe/
kkp,[kaˈka.pe]
kkr,/kaˈka.ɛr/
kkr,[kaˈka.ɛr]
klab,[ˈklap̚]
klaim,/ˈklaim/
klaim,/ˈkleim/
klaim,[ˈkla.ɪm]
klaim,[ˈkle.ɪm]
klakson,/ˈklakson/
klakson,[ˈklak̚.sɔn]
klamidia,/klamiˈdia/
klamidia,[kla.miˈdi.a]
klan,[ˈklan]
klandestin,/klanˈdestin/
klapertar,[klaˈpər.tar]
klarifikasi,[klarifiˈkasi]
klasemen,/klasəˈmɛn/
klasifikasi,/klasifiˈkasi/
klasik,[ˈklasɪk]
klasikal,/klaˈsɪk.al/
klasis,[ˈkla.sɪs]
klaster,[ˈklas.tər]
klausa,[ˈklau̯.sa]
klausul,[ˈklau̯sʊl]
klausura,/klauˈsura/
klausura,[kla.uˈsu.ra]
klaver,/ˈkla.vər/
klavus,/ˈkla.vus/
klavus,[ˈkla.fʊs]
klb,/kaˈɛlbe/
klem,/ˈklɛm/
klemensi,[kleˈmensi]
klep,/ˈklɛp̚/
klepon,/kləˈpɔn/
klepon,[kləˈpon]
klerek,/ˈklerək/
klerek,[ˈkle.rək̚]
klerus,[ˈklerʊs]
klien,[ˈklien]
klien,[ˈkliən]
klik,[ˈklɪk̚]
klimaks,[ˈklimaks]
klimatologi,/klimatoˈloɡi/
klimatologi,[kli.ma.t̪oˈlo.ɡi]
klinik,[ˈklinɪk]
klinikal,/kli.ni.kal/
klinis,/kli.nis/
klinisi,[kliˈnisi]
kliping,[ˈklipɪŋ]
kliring,[ˈkli.rɪŋ]
klise,[ˈkli.se]
klise,[ˈkli.sə]
klitik,/kli.tik/
klitoris,[kliˈtorɪs]
klona,[ˈklona]
klop,/ˈklɔp̚/
klor,[ˈklɔr]
klorida,/kloˈrida/
klorida,[kloˈri.da]
klorin,[ˈklorɪn]
kloset,[ˈklosɛt̚]
kloter,[ˈklotər]
klub,/ˈklup/
kluster,[ˈklʊstər]
km,/ˈka.ɛm/
km,[ˈka.ɛm]
kmb,/kaˈɛmbe/
knalpot,/ˈknalpot/
knalpot,[ˈknal.pɔt̪̚]
knc,[kaˈɛnse]
knc,[kaˈɛnt͡ʃe]
knop,[ˈk(ə)nɔp̚]
ko-,[ko]
koa,[ˈkoa]
koagulasi,[koaɡuˈlasi]
koala,[koˈala]
koalisi,/ko.aˈli.si/
koasisten,[koˈasɪstɛn]
koasistensi,[koˈasɪstɛn]
kobak,/ˈkobaʔ/
kobalt,/ˈkobalt/
kobalt,[ˈko.balt̪̚]
kober,[ˈkober]
kober,[ˈkobər]
kobokan,/koˈbokan/
kobokan,[koˈbo.kan]
kobong,/ˈkoboŋ/
kobong,[ˈko.bɔŋ]
kobra,[ˈkobra]
kocak,/ˈkot͡ʃak/
kocak,[ˈko.t͡ʃak̚]
kocok,[ˈkot͡ʃɔk̚]
kocokin,/kɔˈt͡ʃɔkin/
koda,/ˈkoda/
koda,[ˈko.da]
kodak,/ˈkodak/
kodak,[ˈko.dak̚]
kode,[ˈkodə]
kode pos,/ˈkodə ˈpɔs/
kodeks,/ˈkodɛks/
kodeks,[ˈko.dɛks]
kodi,[ˈkod̪i]
kodifikasi,[kodifiˈkasi]
kodim,/ˈko.dim/
kodim,[ˈko.dɪm]
koedukasi,[koɛduˈkasi]
koefisien,[koɛfiˈsiɛn]
koeksistensi,[koɛk̚sɪsˈtɛnsi]
koersi,[koˈɛrsi]
kofte,/ˈkɔfte/
kognat,/ˈkoɡnat/
kognat,[ˈkok̚.nat̪̚]
kognisi,[kɔkˈni.si]
kognitif,[kɔkˈni.tɪf]
kohabitasi,[kohabiˈtasi]
kohai,/ˈkohai̯/
kohai,[ˈko.hai̯]
koheren,[koˈhɛrɛn]
kohesi,/koˈhesi/
kohi,/ˈkohi/
kohi,[ˈko.hi]
kohor,[ˈkohɔr]
koi,/ˈkoi̯/
koi,[ˈkoi̯]
koil,[ˈkoɪl]
koin,[ˈkoɪn]
koinsidensi,[koɪnsiˈdɛnsi]
koit,/ˈkoʔit/
koit,[ˈko.ʔɪt̪̚]
koitus,[ˈkoi̯tʊs]
koja,/ˈkod͡ʒa/
kok,/ˈkok/
kok,[koʔ]
kok,[ˈkɔk̚]
koka,[ˈkoka]
kokaina,[kokaˈina]
kokas,/ˈkokas/
kokas,[ˈko.kas]
kokay,/ˈko.kaj/
kokay,[ˈko.kai̯]
kokel,/ˈkokəl/
kokel,[ˈko.kəl]
koki,/ˈkoki/
koki,[ˈko.ki]
koko,/ˈkɔkɔ/
koko,[ˈkɔ.kɔ]
kokoh,/ˈkokɔh/
kokon,/ˈkokon/
kokon,[ˈko.kɔn]
kokpit,/ˈkok.pit/
kokpit,[ˈkok̚.pɪt̪̚]
koktail,/kokˈtail/
koktail,[kok̚ˈt̪a.ɪl]
kol,[ˈkol]
kol,[ˈkɔl]
kol banda,/ˌkol ˈbanda/
kol banda,[ˌkɔl ˈban.da]
kolaborasi,[kolaboˈrasi]
kolaborator,/kɔlabɔˈratɔr/
kolam,/ˈkolam/
kolam,[ˈko.lam]
kolam bola,/ˈkolam ˈbola/
kolam pasir,/ˈkolam ˈpasɪr/
kolam renang,[ˈkolam rəˈnaŋ]
kolam tampung,/ˈkolam ˈtampʊŋ/
kolaps,[ˈkolaps]
kolase,[koˈlasə]
kolega,/koˈleɡa/
kolegial,[koleˈɡial]
kolegium,[ko.leˈɡi.ʊm]
koleksi,[koˈlɛksi]
kolektan,/koˈlɛktan/
kolektan,[koˈlɛk̚.t̪an]
kolekte,[koˈlɛk.tə]
kolektif,[koˈlɛktɪf]
kolektivisme,/kolɛktiˈvɪsmə/
kolektivitas,/kolɛktiˈvitas/
kolektor,[koˈlɛktɔr]
kolera,/koˈlɛra/
kolera,[koˈlɛ.ra]
kolese,/koˈlesə/
kolese,[koˈle.sə]
kolesom,/koˈlesom/
kolesom,[koˈle.sɔm]
kolesterol,[kolɛstəˈrɔl]
kolf,[ˈkɔlf]
koli,[ˈkoli]
koligatif,[koliˈɡatɪf]
kolik,/ko.lɪk/
kolimator,/koliˈmator/
kolimator,[ko.liˈma.t̪ɔr]
kolintang,/koˈlintaŋ/
kolintang,[koˈlin̪.t̪aŋ]
koloid,[koˈloɪt̚]
kolokasi,[koloˈkasi]
koloke,[koˈloke]
kolokium,[koloˈkiʊm]
kolom,[ˈkolɔm]
kolon,/ˈkolɔn/
kolone,/koˈlonə/
kolone,[koˈlo.nə]
kolonel,/koˈlonɛl/
kolonel,[koˈlo.nɛl]
kolong,[ˈkolɔŋ]
koloni,[koˈloni]
kolonial,[koloˈnial]
kolonialis,[koloniˈalɪs]
kolonialisme,[kolonialˈɪsmə]
kolonis,[koˈlonɪs]
kolportir,[kɔlˈpɔrtɪr]
kolumnis,[koˈlʊmnɪs]
kolusi,/koˈlusi/
kom,[ˈkɔm]
koma,[ˈkoma]
koman,[ˈkoman]
komandan,/koˈmandan/
komandan,[koˈman.dan]
komanditer,/komanˈditɛr/
komanditer,[ko.manˈdi.t̪ɛr]
komando,/koˈmando/
komando,[koˈman.do]
kombatan,/komˈbatan/
kombatan,[komˈba.t̪an]
kombinasi,/kɔmbiˈnasi/
kombu,/ˈkombu/
kombu,[ˈkom.bu]
kombuca,[kɔmˈbut͡ʃa]
kombukha,[kɔmˈbuxa]
komdis,/ˈkomdis/
komdis,[ˈkom.dɪs]
komedi,[koˈmedi]
komedi stambul,[koˈmedi ˈstambʊl]
komedian,/kɔ.mɛˈdi.an/
komen,[ˈkomɛn]
komendur,/komənˈdur/
komendur,[ko.mənˈdʊr]
komentar,[koˈmɛntar]
komentator,[komɛnˈtatɔr]
komersial,[komərˈsial]
komersialisasi,[komərsialiˈsasi]
komersialisme,[komɛrsialˈɪsmə]
komersil,[koˈmɛrsɪl]
komet,/ˈkomɛt/
komet,[ˈko.mɛt̪̚]
komidi,[koˈmidi]
komik,[ˈko.mɪk]
komika,[koˈmi.ka]
kominfo,/koˈmin.fo/
kominfo,[koˈmin.fo]
komis,/ˈko.mɪs/
komisar,[koˈmisar]
komisariat,[komisaˈriat̚]
komisaris,/komiˈsaris/
komisaris,[ko.miˈsa.rɪs]
komisi,/koˈmisi/
komisi,[koˈmi.si]
komisi yudisial,/koˈmisi judiˈsial/
komisioner,[komisiˈonɛr]
komite,/koˈmi.te/
komitmen,[koˈmɪt.mən]
komoditas,[komoˈditas]
komorbid,[koˈmɔrbɪt̚]
komorbiditas,[komɔrbiˈditas]
kompak,[ˈkɔmpak]
kompanyon,/komˈpaɲon/
kompanyon,[komˈpa.ɲɔn]
komparasi,[kɔmpaˈrasi]
komparatif,[kɔmpaˈratɪf]
komparator,[kɔmpaˈratɔr]
komparisi,/kompaˈrisi/
komparisi,[kom.paˈri.si]
kompartemen,[kɔmpartəˈmɛn]
kompas,/ˈkɔm.pas/
kompatibel,/kompaˈtibəl/
kompatibel,[kom.paˈt̪i.bəl]
kompatriot,[kɔmpaˈtriɔt]
kompeni,[kompəˈni]
kompensasi,[kɔmpɛnˈsasi]
kompet,/ˈkɔmpɛt̚/
kompeten,[kɔmpəˈt̪ɛn]
kompetensi,[kɔmpəˈtɛnsi]
kompetensi inti,/kompəˌtensi ˈinti/
kompetensi inti,[kom.pəˌt̪en.si ˈin̪.t̪i]
kompetisi,/kɔm.peˈti.si/
kompetitif,/kompəˈtitif/
kompetitif,[kom.pəˈt̪i.t̪ɪf]
kompi,/ˈkɔmpi/
kompilasi,/kɔm.piˈla.si/
kompilasikan,/kɔm.pi.laˈsi.kan/
kompilator,/kɔm.piˈla.tɔr/
kompiler,/kɔmˈpi.lər/
kompleks,/ˈkomplɛks/
kompleks,[ˈkom.plɛks]
kompleksitas,[kɔmplɛkˈsitas]
kompleksitas siklomatik,[kɔmplɛkˈsitas sikloˈmatɪs]
komplemen,/kɔm.pləˈmɛn/
komplementer,/kɔm.plə.ˈmɛn.tɛr/
komplesi,/komˈplesi/
komplesi,[komˈple.si]
komplet,[ˈkɔmplɛt̚]
komplikasi,[kɔmpliˈkasi]
komplot,/komplot/
kompon,/ˈkɔm.pɔn/
komponen,[kɔmˈponɛn]
komponis,[kɔmˈponɪs]
kompor,[ˈkɔmpɔr]
kompor tanam,/ˈkɔmpɔr ˈtanam/
kompos,[ˈkɔmpɔs]
komposisi,[kɔmpoˈsisi]
komposit,/kɔmpoˈsɪt̚/
kompositum,[kɔmpoˈsit̪ʊm]
komprehensi,[kɔmpreˈhɛnsi]
komprehensif,[kɔmpreˈhɛnsɪf]
kompres,/ˈkompres/
kompres,[ˈkom.prɛs]
kompresi,[kɔmˈprɛsi]
kompresor,/kɔmˈprɛsɔr/
kompromi,[kɔmˈpromi]
komputasi,[kɔmpuˈtasi]
komputer,[kɔmˈputər]
komputerisasi,[kɔmputərˈisasi]
komuk,[ˈkɔmʊk]
komunal,[koˈmunal]
komune,[koˈmunə]
komuni,[koˈmu.ni]
komunikan,[komuˈnikan]
komunikasi,/komuniˈkasi/
komunikasi,[ko.mu.niˈka.si]
komunikatif,/komuniˈkatif/
komunikatif,[ko.mu.niˈka.t̪ɪf]
komunike,[komuˈnike]
komunis,/koˈmunɪs/
komunisme,[komuˈnɪsmə]
komunistis,[komuˈnɪst̪ɪs]
komunitas,[komuˈnitas]
komutasi,[komuˈtasi]
komuter,/koˈmutər/
komuter,[koˈmu.t̪ər]
konde,/ˈkonde/
konde,[ˈkon.de]
kondektur,/konˈdɛktur/
kondektur,[konˈdɛk̚.t̪ʊr]
kondensasi,[kɔndɛnˈsasi]
kondensator,[kɔn.dɛnˈsa.tɔr]
kondensor,/kɔnˈdɛnsɔr/
kondimen,/konˈdimɛn/
kondimen,[konˈdi.mɛn]
kondisi,/kɔnˈdisi/
kondisi,[kɔnˈdi.si]
kondom,[ˈkɔndɔm]
kondominium,[kɔn.do.miˈni.ʊm]
kondotel,/konˈdotɛl/
kondotel,[konˈdo.t̪ɛl]
konduite,[kɔnd̪uˈitə]
konduksi,/kɔnˈdʊksi/
konduktivitas,/kɔn.dʊk.ti.ˈvi.tas/
konduktor,[kɔnˈd̪ʊk̚.t̪ɔr]
kondusif,/konˈdusif/
kondusif,[konˈdu.sɪf]
koneksi,/koˈnɛksi/
koneksi,[koˈnɛk̚.si]
konektivitas,/konɛktiˈvitas/
konektivitas,[ko.nɛk̚.t̪iˈfi.t̪as]
konfederasi,[kɔnfɛdəˈrasi]
konfeksi,[kɔnˈfɛk̚si]
konferensi,[kɔnfəˈrɛnsi]
konferensi pers,/konfəˌrɛnsi ˈpɛrs/
konferensi pers,[kon.fəˌrɛn.si ˈpɛrs]
konferensi tingkat tinggi,/kɔnfəˈrɛnsi ˈtɪŋkat ˈtɪŋɡi/
konfeti,/kon.fe.ti/
konfidensiil,/konfidənˈsiil/
konfidensiil,[kon.fi.dənˈsi.ɪl]
konfigurasi,[kɔnfiɡurasi]
konfirmasi,/kɔnfɪrˈmasi/
konfiskasi,[kɔnfɪsˈkasi]
konflik,/ˈkonflik/
konflik,[ˈkon.flɪk̚]
konformasi,/konforˈmasi/
konformasi,[kon.forˈma.si]
konfreria,/konfreˈria/
konfreria,[kon.freˈri.a]
konfrontasi,/konfronˈtasi/
konfrontasi,[kon.fron̪ˈt̪a.si]
kongenital,/konɡeˈnital/
kongenital,[kon.ɡeˈni.t̪al]
kongesti,[kɔnˈɡɛst̪i]
kongkalikong,/koŋkaˈlikoŋ/
kongkalikong,[koŋ.kaˈli.kɔŋ]
kongko,[ˈkɔŋko]
kongkoan,[kɔŋˈkoan]
kongkret,[ˈkɔŋkrɛt̚]
kongkrit,[ˈkɔŋkrɪt̚]
konglomerat,[kɔŋloməˈrat̪̚]
kongregasi,[kɔŋˈre.ɡa.si]
kongregasionalisme,/koŋreɡasionaˈlismə/
kongregasionalisme,[koŋ.re.ɡa.si.o.naˈlis.mə]
kongres,/ˈkɔŋrɛs/
kongres,[ˈkoŋ.rɛs]
kongruen,/kɔn.ˈɡru.ɛn/
kongsi,/ˈkoŋsi/
kongsi,[ˈkoŋ.si]
kongsian,[kɔŋˈsian]
koni,/ˈkoni/
koni,[ˈko.ni]
konifera,[koniˈfɛra]
konjugasi,[kɔnd͡ʒuˈɡasi]
konjungsi,[kɔnˈd͡ʒʊŋsi]
konjungtiva,/kɔnd͡ʒʊŋˈtiva/
konkatedral,/konˈkatədral/
konkatedral,[konˈka.t̪ət̪̚.ral]
konklaf,/ˈkonklaf/
konklaf,[ˈkon.klaf]
konklusi,[kɔnˈklusi]
konkordansi,/kɔnkɔrˈdansi/
konkordat,/konˈkordat/
konkordat,[konˈkor.dat̪̚]
konkret,/ˈkɔnkrɛt/
konkret,[ˈkon.krɛt̪̚]
konkrit,[ˈkɔnkrɪt̚]
konkuisnador,[kɔn.ku.ɪsˈna.dɔr]
konkuren,[kɔnˈkurɛn]
konkurensi,[kɔnkuˈrɛnsi]
konoha,/koˈnoha/
konon,/ˈkonon/
konon,[ˈko.nɔn]
konosemen,/ko.no.ˈsə.mɛn/
konotasi,[konoˈtasi]
konpers,/ˈkɔnpɛrs/
konsekrasi,[kɔnsɛˈkrasi]
konsekuen,[kɔnsəˈkuɛn]
konsekuensi,[kɔnsəkuˈɛnsi]
konselebran,/konseˈlɛbran/
konselebran,[kon.seˈlɛp̚.ran]
konseling,[kɔnsəˈlɪŋ]
konselor,[kɔnsəˈlɔr]
konsensus,[kɔnˈsɛnsʊs]
konsentrasi,/konsenˈtrasi/
konsentrasikan,/konsentraˈsikan/
konsentris,[kɔnˈsɛntrɪs]
konsep,[ˈkɔnsɛp̚]
konseptor,/ˈkonsəptor/
konseptor,[ˈkon.səp̚.t̪ɔr]
konseptual,/konsɛpˈtual/
konseptual,[kon.sɛp̚ˈt̪u.al]
konseptualisasi,[kɔnsɛptualiˈsasi]
konser,[ˈkɔnsɛr]
konservasi,[kɔnsɛrˈvasi]
konservatif,[kɔnsɛrˈvatɪf]
konservatisme,[kɔnsɛrvaˈtɪsmə]
konservator,[kɔnsɛrˈvat̪ɔr]
konservatorium,[kɔnsɛrvatoˈriʊm]
konsesi,[kɔnˈsɛsi]
konsesif,/konˈsesif/
konsesif,[konˈse.sɪf]
konsiderans,/kɔnsidəˈran(s)/
konsiderasi,/kɔnsidəˈrasi/
konsil,[ˈkɔnsɪl]
konsili,[kɔnˈsili]
konsiliasi,/konsiliˈasi/
konsiliasi,[kon.si.liˈa.si]
konsinyasi,[kɔnsiˈɲasi]
konsisten,[kɔnˈsist̪ɛn]
konsistensi,[kɔnsisˈt̪ɛnsi]
konsistori,[kɔn.sɪsˈto.ri]
konsol,/ˈkonsol/
konsol,[ˈkon.sɔl]
konsolidasi,/konsoliˈdasi/
konsolidasi,[kon.so.liˈda.si]
konsom,/ˈkonsom/
konsom,[ˈkon.sɔm]
konsonan,[kɔnˈsonan]
konsorsium,[kɔnsɔrˈsiʊm]
konsortium,[kɔnsɔrˈtiʊm]
konsosiasionalisme,/konsosiasionaˈlismə/
konsosiasionalisme,[kon.so.si.a.si.o.naˈlis.mə]
konspirasi,[kɔnspiˈrasi]
konstan,[ˈkɔnstan]
konstanta,[kɔnˈstanta]
konstanta dielektrik,/kɔns.ˈtan.ta di.e.ˈlek.trɪk/
konstelasi,[kɔnstɛˈlasi]
konstipasi,[kɔnstiˈpasi]
konstituante,[kɔnst̪it̪uˈant̪ə]
konstituen,[kɔnst̪iˈt̪uɛn]
konstitusi,[kɔnˈstitusi]
konstitusional,[kɔnstituˈsional]
konstitusionalisme,/konstitusionaˈlismə/
konstitusionalisme,[kons.t̪i.t̪u.si.o.naˈlis.mə]
konstruk,/ˈkɔn.strʊk̚/
konstruksi,/konsˈtruksi/
konstruksi,[konsˈt̪ruk̚.si]
konstruksional,/konstruksiˈonal/
konstruksional,[kons.t̪ruk̚.siˈo.nal]
konstruktif,/konˈstruk.tif/
konstruktif,[kɔnˈst̪rʊk̚.t̪ɪf]
konstruktivisme,/kon.struk.tiˈvis.mə/
konstruktivisme,[kɔn.st̪rʊk.t̪iˈfɪs.mə]
konsul,/ˈkɔnsʊl/
konsulat,[kɔnˈsulat̚]
konsulen,[kɔnˈsulɛn]
konsuler,/kɔnˈsulɛr/
konsultan,[kɔnˈsʊltan]
konsultasi,[kɔnsʊlˈt̪asi]
konsultatif,/kɔn.sʊl.ˈta.tɪf/
konsumen,[kɔnˈsumɛn]
konsumerisme,/kɔnsumɛrˈɪsmə/
konsumsi,/kɔnˈsum.si/
kontainer,/konˈtai̯nər/
kontainer,[kon̪ˈt̪ai̯.nər]
kontak,/ˈkɔntak/
kontak,[ˈkon̪.t̪ak̚]
kontaminan,[kɔntaˈminan]
kontaminasi,[kɔnt̪amiˈnasi]
kontan,[ˈkɔntan]
konteks,/ˈkontɛks/
konteks,[ˈkon̪.t̪ɛks]
kontemplasi,[kɔntɛmˈplasi]
kontemporer,[kɔntɛmˈporɛr]
konten,[ˈkɔntɛn]
konter,/ˈkɔntər/
konter,[ˈkon̪.t̪ər]
kontes,/ˈkɔntɛs/
kontestan,/kɔnˈtɛstan/
kontestasi,/kɔntɛsˈtasi/
kontinen,[kɔnˈtinɛn]
kontingen,[kɔnˈtiŋɛn]
kontingensi,/kɔn.ti.ˈŋɛn.si/
kontinu,/kɔnˈtinu/
kontinu,/kɔnˈtiɲu/
kontinu,[kɔn̪ˈt̪i.nu]
kontinu,[kɔn̪ˈt̪i.ɲu]
kontinuitas,/kɔntinuˈitas/
kontinum,[kɔnˈt̪inʊm]
kontra,/ˈkɔn.tra/
kontra-,/ˈkɔn.tra/
kontradiksi,[kɔntraˈdiksi]
kontrak,[ˈkɔn.trak]
kontrak berjangka,/ˈkɔntrak bərˈd͡ʒaŋka/
kontrak sosial,/ˈkɔn.trak so.ˈsi.al/
kontraksi,[kɔnˈtrak̚si]
kontraktil,/konˈtraktil/
kontraktil,[kon̪ˈt̪rak̚.t̪ɪl]
kontraktor,/konˈtraktor/
kontraproduktif,/kɔntraproˈduktif/
kontraproduktif,[kɔn̪.t̪ra.proˈduk̚.t̪ɪf]
kontras,[ˈkɔntras]
kontrasepsi,/kontraˈsɛpsi/
kontrasepsi,[kon̪.t̪raˈsɛp̚.si]
kontribusi,[kɔntriˈbusi]
kontributor,/kɔn.tri.ˈbu.tɔr/
kontrol,[ˈkɔn.trɔl]
kontrolir,[kɔnˈtrolɪr]
kontroversi,/kɔntroˈvɛrsi/
kontroversi,[kɔn̪.t̪roˈfɛr.si]
kontroversial,/kɔntrovɛrˈsial/
kontroversial,[kɔn̪.t̪ro.fɛrˈsi.al]
kontur,[ˈkɔntʊr]
konus,/ˈkonʊs/
konveks,[ˈkɔnvɛks]
konveksi,[kɔnˈvɛksi]
konvensi,/konˈvɛnsi/
konvensi,[konˈfen.si]
konvensional,/konvɛnsiˈonal/
konvensional,[kon.fɛn.siˈo.nal]
konvergen,[kɔnˈvɛrɡɛn]
konvergensi,[kɔnvɛrˈɡɛnsi]
konversasi,[kɔnvɛrˈsasi]
konversi,[kɔnˈvɛrsi]
konvertibel,[kɔnvɛrˈtibəl]
konvolusi,/konvoˈlusi/
konvolusi,[kon.foˈlu.si]
konvulsi,[kɔnˈvʊlsi]
konyak,[ˈkoɲaʔ]
konyan,[ˈkoɲan]
kooptasi,/koopˈtasi/
kooptasi,[ko.(ʔ)op̚ˈt̪a.si]
koordinasi,/koʔɔrdiˈnasi/
koordinat,[koʔɔrˈd̪inat̪̚]
koordinator,[koʔɔrd̪iˈnat̪ɔr]
kop,/ˈkop/
kop,[ˈkɔp̚]
kopaska,/koˈpas.ka/
kopaska,[koˈpas.ka]
kopassus,/koˈpa.sus/
kopassus,[koˈpa.sʊs]
kopel,[ˈkopəl]
koper,/ˈkopər/
koper,[ˈko.pər]
koperasi,/kopəˈrasi/
koperasi,[ko.pəˈra.si]
kopi,/ˈkopi/
kopi,[ˈko.pi]
kopi betina,/ˈkopi bəˈtina/
kopi darat,/ˌkopi ˈdarat/
kopi darat,[ˌko.pi ˈda.rat̪̚]
kopi instan,/ˌkɔpi ˈinstan/
kopi instan,[ˌkɔ.pi ˈins.t̪an]
kopi jantan,/ˈkopi ˈd͡ʒantan/
kopi lanang,/ˈkopi ˈlanaŋ/
kopi pahit,/ˌkopi ˈpahit/
kopi pahit,[ˌko.pi ˈpa.hɪt̪̚]
kopi susu,/ˈko.pi ˈsu.su/
kopiah,/koˈpiah/
kopiah,[koˈpi.ah]
kopitiam,/kopiˈtiam/
kopitiam,[ko.piˈt̪i.am]
kopling,/ˈkopliŋ/
kopling,[ˈkop̚.lɪŋ]
kopok,/ˈkopok/
kopok,[ˈko.pɔk̚]
kopra,/ˈko.pra/
kopral,/ˈkɔp.ral/
koprofagia,/koprofaˈɡia/
koprofagia,[kop̚.ro.faˈɡi.a]
kopula,[koˈpula]
kopulasi,[kopuˈlasi]
kopulatif,[kopuˈlatɪf]
kor,/ˈkɔr/
koral,/ˈkoral/
koran,/ˈkoran/
koran,[ˈko.ran]
korban,[ˈkɔrban]
korea,/koˈrea/
korea,[koˈre.a]
korea selatan,/koˌrea səˈlatan/
korea selatan,[koˌre.a səˈla.t̪an]
korea utara,/koˌrea uˈtara/
korea utara,[koˌre.a uˈt̪a.ra]
korek,/ˈkorek/
korek,[ˈko.rɛk̚]
koreksi,[koˈrɛksi]
korektif,/koˈrɛktif/
korektif,[koˈrɛk̚.t̪ɪf]
korektor,[koˈrɛktɔr]
korelasi,[korɛˈlasi]
korelatif,/korəˈlatif/
korelatif,[ko.rəˈla.t̪ɪf]
koreograf,[koreˈoɡraf]
koreografer,[koreoˈɡrafər]
koreografi,[koreoˈɡrafi]
koreografis,[koreoˈɡrafɪs]
koresponden,[korɛsˈpɔndɛn]
korespondensi,/korɛsponˈdɛnsi/
korespondensi,[ko.rɛs.ponˈden.si]
koridor,/koˈridɔr/
koridor,[koˈri.dɔr]
korma,[ˈkɔr.ma]
kormus,/ˈkormus/
kormus,[ˈkor.mʊs]
kornea,/korˈnea/
kornea,[korˈne.a]
kornet,[korˈnɛt]
korok,/ˈkɔrɔk/
korok,[ˈkɔ.rɔk̚]
korona,[koˈrona]
koronavirus,/koronaˈvirus/
koronavirus,[ko.ro.naˈfi.rʊs]
koroner,/koˈro.nɛr/
korosi,[koˈrosi]
korporal,/korˈpo.ral/
korporal,[korˈpo.ral]
korporale,/korpoˈrale/
korporale,[kor.poˈra.le]
korporasi,[kɔrpoˈrasi]
korporat,[kɔrˈporat̚]
korps,/ˈkɔrps/
korps musik,/ˈkɔrps ˈmusɪk̚/
korpus,/ˈkorpus/
korpus,[ˈkor.pʊs]
korsa,/ˈkorsa/
korsa,[ˈkor.sa]
korsase,[kɔrˈsase]
korsase,[kɔrˈsasə]
korsel,[ˈkɔrsɛl]
korsi,[ˈkɔrsi]
korsleting,[kɔrˈslɛtɪŋ]
korsvet,/ˈkorsvɛt/
korsvet,[ˈkors.fɛt̪̚]
kortikal,/korˈtikal/
kortikal,[korˈt̪i.kal]
korting,/ˈkɔrtiŋ/
korting,[ˈkɔr.t̪ɪŋ]
koruna,[koˈruna]
korup,[ˈkorʊp̚]
korupsi,/koˈrupsi/
korupsi,[koˈrup̚.si]
korve,[ˈkɔrve]
kos,/ˈkɔs/
kos,[ˈkɔs]
kosa,/ˈkosa/
kosa,[ˈko.sa]
kosakata,/kosaˈkata/
kosakata,[ko.saˈka.t̪a]
kosen,/ˈkosɛn/
kosen,[ˈko.sɛn]
koskap,[ˈkɔskap̚]
kosmetik,[kɔsˈmɛtɪk̚]
kosmonaut,/kosmoˈnaut/
kosmonaut,[kos.moˈna.ʊt̪̚]
kosong,/ˈkosoŋ/
kosong,[ˈko.sɔŋ]
kosongkan,/koˈsoŋkan/
kosongkan,[koˈsoŋ.kan]
koster,/ˈkostər/
koster,[ˈkos.t̪ər]
koswara,/koˈswara/
koswara,[koˈswa.ra]
kota,/ˈkota/
kota,[ˈko.t̪a]
kota administratif,/ˈkota atminɪsˈtratɪf/
kota cerdas,/ˌko.ta t͡ʃərˈdas/
kota hujan,/ˌkota ˈhud͡ʒan/
kota hujan,[ˌko.t̪a ˈhu.d͡ʒan]
kota madya,[ˈkota ˈmadja]
kota pintar,/ˌko.ta ˈpin.tar/
kota praja,[ˈkota ˈprad͡ʒa]
kota raya,[ˈkota ˈraja]
kotak,/ˈkotaʔ/
kotak,[ˈko.t̪aʔ]
kotak hitam,/ˈkotak ˈhitam/
kotak masuk,/ˌkotak ˈmasuk/
kotak masuk,[ˌko.t̪ak̚ ˈma.sʊk̚]
kotak suara,/ˈkotak̚ ˈsua̯ra/
kotamobagu,/kotamoˈbaɡu/
kotamobagu,[ko.t̪a.moˈba.ɡu]
kotatsu,/koˈtatsu/
kotatsu,[koˈt̪at̪̚.su]
koteng,[ˈkotɛŋ]
koti,/ˈkoti/
koti,[ˈko.t̪i]
kotor,/ˈkotor/
kotor,[ˈko.t̪ɔr]
kotoran,/koˈtoran/
kotoran,[koˈt̪o.ran]
kovarians,/kovaˈrians/
kovarians,[ko.faˈri.ans]
kowe,/ˈkowe/
kowe,[ˈko.we]
koyak,/ˈkojaʔ/
koyak,[ˈko.jaʔ]
koyan,/ˈkojan/
koyan,[ˈko.jan]
koyok,/ˈkɔjɔʔ/
koyok,[ˈkɔ.jɔʔ]
kp,[ˈkape]
kpa,/ka.ˈpe.a/
kpi,/kaˈpɛ.i/
kpi,[kaˈpɛ.i]
kpk,/kaˈpeka/
kpk,[kaˈpe.ka]
kpps,/ka.pe.pe.ɛs/
kppsln,/ka.pe.pe.ɛs.ɛl.ɛn/
kpr,/ka.ˈpe.ɛr/
kps,/kaˈpeɛs/
kpsp,/ka.peˈɛs.pe/
kpsp,[ka.peˈɛs.pe]
kpu,/kaˈpɛ.u/
kpu,[kaˈpɛ.u]
kran,[k(ə)ran]
krans,/ˈkrans/
krat,[ˈkrat̪̚]
kratokrasi,/kratokˈrasi/
kratokrasi,[kra.t̪ok̚ˈra.si]
kreasi,[krɛˈasi]
kreatif,[krɛˈatɪf]
kreativitas,[krɛatiˈvitas]
kredibilitas,[kredibilitas]
kredit,[ˈkrɛ.dɪt̪̚]
kredit pemilikan rumah,/ˈkrɛ.dɪt pə.mi.ˈlɪk.an ˈru.mah/
kreditan,[ˈkred̪it̪an]
kreditor,[krɛˈdit̪ɔr]
kreditur,[krɛˈdit̪ʊr]
kredo,/ˈkre.do/
krem,[ˈkrɛm]
kremasi,[krɛˈmasi]
krematorium,[krɛmatoˈriʊm]
krenten,/ˈkrɛntən/
krenten,[ˈkrɛn̪.t̪ən]
kreolin,[kreˈolɪn]
krep,/ˈkrɛp/
krep,[ˈkrɛp̚]
krepitakulum,/krəpitaˈkulum/
krepitakulum,[krə.pi.t̪aˈku.lʊm]
kres,[ˈkrɛs]
kret kret kret,/ˌkrət ˌkrət ˈkrət/
kret kret kret,[ˌkrət̪̚ ˌkrət̪̚ ˈkrət̪̚]
kretek,/ˈkrɛtɛʔ/
kretek,[ˈkrɛ.t̪ɛʔ]
kri,/kaˈɛr.i/
kri,[kaˈɛr.i]
krib,/ˈkrib/
krib,[ˈkrɪp̚]
krida,/ˈkrida/
krida,[ˈkri.da]
krim,[ˈkrɪm]
krimbat,/ˈkrim.bat/
krimbat,[ˈkrim.bat̪̚]
krimer,/ˈkrimər/
krimer,[ˈkri.mər]
kriminal,/kriˈminal/
kriminal,[kriˈmi.nal]
kriminalitas,[kriminaˈlitas]
kriminil,[kriˈminɪl]
kring,/ˈkriŋ/
kring,[ˈkrɪŋ]
kriofit,[kriˈofɪt̚]
kriogenik,/krioˈɡenik/
kriogenik,[kri.oˈɡe.nɪk̚]
kripto,/kripto/
kriptogam,/krɪpˈtoɡam/
kriptogamik,/krɪptoˈɡamɪk/
kriptografi,[krɪp̚.t̪oˈɡra.fi]
krisan,[ˈkrisan]
krisantemum,[krisanˈtɛmʊm]
krisis,/ˈkrisis/
krisis,[ˈkri.sɪs]
krisis ekonomi,/ˌkrisis ekoˈnomi/
krisis ekonomi,[ˌkri.sɪs e.koˈno.mi]
krisis finansial,/ˌkrisis finanˈsial/
krisis finansial,[ˌkri.sɪs fi.nanˈsi.al]
krisis identitas,/ˌkrisis idɛnˈtitas/
krisis identitas,[ˌkri.sɪs i.dɛn̪ˈt̪i.t̪as]
krisis konstitusional,/ˌkri.sis kons.ti.tu.siˈo.nal/
krisis konstitusional,[ˌkri.sɪs kons.t̪i.t̪u.siˈo.nal]
krisma,[ˈkrɪs.ma]
krismon,/ˈkrismon/
krismon,[ˈkris.mɔn]
krisopras,[krɪˈso.pras]
kristal,[ˈkrɪs.tal]
kristen,/ˈkristən/
kristen,[ˈkris.t̪ən]
kristus,/ˈkristus/
kristus,[ˈkris.t̪ʊs]
kriteria,/kriteˈria/
kriteria,[kri.t̪eˈri.a]
kriterium,/kriteˈrium/
kriterium,[kri.t̪eˈri.ʊm]
kritik,/ˈkritik/
kritik,[ˈkri.t̪ɪk̚]
kritikan,/kriˈti.kan/
kritikus,[kriˈtikʊs]
kritis,[ˈkritɪs]
kritisi,[kriˈtisi]
kriya,[ˈkrija]
krl,/kaˈɛrɛl/
kroisan,/kroˈisan/
kroisan,[kroˈi.san]
kroket,/ˈkrokɛt/
kroket,[ˈkro.kɛt̪̚]
kromatis,/kroˈmatis/
kromatis,[kroˈma.t̪ɪs]
kromatograf,/kro.maˈtoɡ.raf/
kromatograf,[kro.maˈt̪ok̚.raf]
kromatografi,/kro.ma.toɡˈra.fi/
kromatografi,[kro.ma.t̪ok̚ˈra.fi]
kromatografis,/kro.ma.toɡˈra.fis/
kromatografis,[kro.ma.t̪ok̚ˈra.fɪs]
kromatogram,/kro.maˈtoɡ.ram/
kromatogram,[kro.maˈt̪ok̚.ram]
kromo,/ˈkromo/
kromo,/ˈkrɔmɔ/
kromo,[ˈkro.mo]
kromo,[ˈkrɔ.mɔ]
kromofor,/kroˈmofor/
kromofor,[kroˈmo.fɔr]
kromosom,/kroˈmosom/
kromosom,[kroˈmo.sɔm]
kroni,/ˈkroni/
kroni,[ˈkro.ni]
kronis,[ˈkronɪs]
kronisme,/kroˈnismə/
kronisme,[kroˈnis.mə]
kronologi,[kronoˈloɡi]
kronologis,[kronoˈloɡɪs]
krs,/ka.ˈɛr.ɛs/
kru,/ˈkru/
kru,[ˈkru]
kruk,/ˈkruk/
kruk,[ˈkrʊk̚]
kruk as,/ˌkruk ˈas/
kruk as,[ˌkrʊk̚ ˈas]
krul,/ˈkrul/
krul,[ˈkrʊl]
krusial,/kru.si.al/
ksk,/ka.ɛs.ka/
kso,/ka.ˈɛs.o/
ksp,/kaˈɛs.pe/
ksp,[kaˈɛs.pe]
ktd,[kaˈtede]
ktp,/kaˈtɛpɛ/
ktp,[kaˈt̪ɛ.pɛ]
ktsp,/kateˈɛspe/
ktt,/ka.ˈte.te/
ku,/ˈka.u/
ku,/ˈku/
ku,[ˈku]
ku-,/ku/
kuaci,[ˈkua̯t͡ʃi]
kuadran,/ˈkua̯dran/
kuadrat,[kuˈat̚rat]
kuah,[ˈkuah]
kuala lumpur,/ˈkua̯la ˈlʊmpʊr/
kuali,/kuˈali/
kuali,[kuˈa.li]
kualifikasi,/ku.a.li.fi.ˈka.si/
kualitas,/kuaˈlitas/
kualitas,[ku.aˈli.t̪as]
kuantitas,/kuanˈtitas/
kuantitas,[ku.an̪ˈt̪i.t̪as]
kuantitatif,/ku.an.tiˈta.tif/
kuantitatif,[ku.an̪.t̪iˈt̪a.t̪ɪf]
kuantum,/kuˈantʊm/
kuap,/ˈkuap̚/
kuartal,/kuartal/
kuartet,[kwarˈtɛt]
kuartil,/kuˈartil/
kuartil,[kuˈar.t̪ɪl]
kuartir,[ˈkua̯rtɪr]
kuas,/ˈkuas/
kuas,[ˈku.as]
kuasa,/kuˈasa/
kuasa,[kuˈa.sa]
kuasi-,[kua̯si]
kuat,/ˈkuat/
kuat,[ˈku.at̪̚]
kubah,[ˈku.bah]
kubak,/ˈkubaʔ/
kubang,/ˈkubaŋ/
kubang,[ˈku.baŋ]
kubis,[ˈkubɪs]
kubu,/ˈkubu/
kubu,[ˈku.bu]
kubur,/ˈkubur/
kubur,[ˈku.bʊr]
kuburan,[kuˈbʊran]
kubus,[ˈkubʊs]
kucai,/ˈkut͡ʃai̯/
kucai,[ˈku.t͡ʃai̯]
kucing,/ˈkut͡ʃiŋ/
kucing,[ˈku.t͡ʃɪŋ]
kucing angora,/ˈkut͡ʃɪŋ ˈaŋora/
kucing belanda,/ˌkut͡ʃiŋ bəˈlanda/
kucing belanda,[ˌku.t͡ʃɪŋ bəˈlan.da]
kucing garong,/ˈkut͡ʃɪŋ ˈɡarɔŋ/
kucit,/ˈkut͡ʃit/
kucit,[ˈku.t͡ʃɪt̪̚]
kucur,/ˈkut͡ʃur/
kucur,[ˈku.t͡ʃʊr]
kuda,/ˈkuda/
kuda,[ˈku.da]
kuda nil,/ˌkuda ˈnil/
kuda nil,[ˌku.da ˈnɪl]
kuda troya,/ˌku.da ˈtro.ja/
kuda troya,[ˌku.da ˈt̪ro.ja]
kudapan,/kuˈdapan/
kudapan,[kuˈda.pan]
kudeta,/kuˈdeta/
kudeta,[kuˈde.t̪a]
kudu,/ˈkudu/
kudu,[ˈku.du]
kudus,/ˈkudus/
kudus,[ˈku.dʊs]
kue,/ka.ˈu.e/
kue,/ˈkwɛ/
kue,[ˈkwɛ]
kue bandung,/ˌkue ˈbanduŋ/
kue bandung,/ˌkwe ˈbanduŋ/
kue bandung,[ˌku.e ˈban.dʊŋ]
kue bandung,[ˌkwe ˈban.dʊŋ]
kue bingka,/ˌkuə ˈbiŋka/
kue bingka,[ˌku.ə ˈbiŋ.ka]
kue dadar,/ˌkwɛ ˈdadar/
kue dadar,[ˌkwɛ ˈda.dar]
kue pai,[ˈkue̯ ˈpai̯]
kue talam,[ˈkue̯ ˈt̪alam]
kueri,[kuˈɛri]
kuesioner,[kuɛsiˈonɛr]
kufur,[ˈkufur]
kuil,/ˈkuil/
kuil,[ˈku.ɪl]
kuilu,/kuˈi.lu/
kuintal,/ˈkwintal/
kuintil,/kuˈintil/
kuintil,[kuˈin̪.t̪ɪl]
kuis,[ˈkuɪs]
kuisioner,[kuɪsiˈonɛr]
kuitansi,/kui̯ˈtansi/
kujur,/ˈkud͡ʒur/
kujur,[ˈku.d͡ʒʊr]
kuker,[ˈku.kər]
kuki,/ˈkuki/
kuki,[ˈku.ki]
kuku,/ˈkuku/
kuku,[ˈku.ku]
kukuh,/ˈkukuh/
kukuh,[ˈku.kʊh]
kukus,/ˈkukʊs/
kulacino,[kulaˈt͡ʃino]
kulah,/ˈkulah/
kuldesak,/kʊl.dəˈsak̚/
kuli,[ˈku.li]
kuliah,/kuˈliah/
kuliah kerja nyata,/kuˌliah kərˌd͡ʒa ˈɲata/
kuliah kerja nyata,[kuˌli.ah kərˌd͡ʒa ˈɲa.t̪a]
kuliner,[kuˈlinɛr]
kulit,/ˈkulit/
kulit,[ˈku.lɪt̪̚]
kulit ari,/ˌkulit ˈari/
kulit ari,[ˌku.lɪt̪̚ ˈa.ri]
kulit biji,/ˌkulit ˈbid͡ʒi/
kulit biji,[ˌku.lɪt̪̚ ˈbi.d͡ʒi]
kulit dalam,/ˌkulit ˈdalam/
kulit dalam,[ˌku.lɪt̪̚ ˈda.lam]
kulit jeruk,/ˌkulit d͡ʒəˈruk/
kulit jeruk,/ˌkulit d͡ʒəˈruʔ/
kulit jeruk,[ˌku.lɪt̪̚ d͡ʒəˈrʊk̚]
kulit jeruk,[ˌku.lɪt̪̚ d͡ʒəˈrʊʔ]
kulit kacang,/ˌkulit ˈkat͡ʃaŋ/
kulit kacang,[ˌku.lɪt̪̚ ˈka.t͡ʃaŋ]
kulit kerang,/ˌkulit kəˈraŋ/
kulit kerang,[ˌku.lɪt̪̚ kəˈraŋ]
kulit luar,/ˌkulit ˈluar/
kulit luar,[ˌku.lɪt̪̚ ˈlu.ar]
kulit pisang,/ˌkulit ˈpisaŋ/
kulit pisang,[ˌku.lɪt̪̚ ˈpi.saŋ]
kulit telur,/ˌkulit təˈlur/
kulit telur,[ˌku.lɪt̪̚ t̪əˈlʊr]
kulkas,[ˈkʊlkas]
kulot,[ˈkulɔt̚]
kulpa,[ˈkʊlpa]
kultivar,/kʊl.ˈti.var/
kultivasi,/kʊltiˈvasi/
kultur,[ˈkʊltʊr]
kultural,/kulˈtural/
kultural,[kulˈt̪u.ral]
kuluyuk,[kuˈlujʊk]
kumal,/ˈkumal/
kumal,[ˈku.mal]
kuman,[ˈku.man]
kumandang,/kuˈmandaŋ/
kumandang,[kuˈman.daŋ]
kumba,[ˈkʊm.ba]
kumbah,/ˈkumbah/
kumbah,[ˈkum.bah]
kumbakara,[kʊm.baˈka.ra]
kumbang,[kumˈbaŋ]
kumbar,[ˈkum.bar]
kumico,/kuˈmit͡ʃo/
kumico,[kuˈmi.t͡ʃo]
kumparan,/kumˈparan/
kumparan,[kumˈpa.ran]
kumpul,/ˈkumpul/
kumpul,[ˈkum.pʊl]
kumpul kebo,/kumpul kəbo/
kumpulan,/kʊmˈpʊlan/
kumuh,/ˈkumuh/
kumuh,[ˈku.mʊh]
kumulasi,[kumuˈlasi]
kumulatif,/kumuˈlatɪf/
kumulus,[kuˈmulʊs]
kuna,/ˈkuna/
kunci,/ˈkunt͡ʃi/
kunci,[ˈkuɲ.t͡ʃi]
kunci inggris,/ˌkunt͡ʃi ˈiŋɡris/
kunci inggris,[ˌkuɲ.t͡ʃi ˈiŋ.ɡrɪs]
kunci sentral,/ˈkʊnt͡ʃi ˈsɛntral/
kuncitara,[ˈkʊnt͡ʃitara]
kuncup,/ˈkunt͡ʃup/
kuncup,[ˈkuɲ.t͡ʃʊp̚]
kuncup dorman,/ˌkunt͡ʃup ˈdorman/
kuncup dorman,[ˌkuɲ.t͡ʃʊp̚ ˈdor.man]
kuncup eram,/ˌkunt͡ʃup əˈram/
kuncup eram,[ˌkuɲ.t͡ʃʊp̚ əˈram]
kungfu,/ˈkuŋfu/
kungfu,[ˈkuŋ.fu]
kungkang,[ˈkuŋ.kaŋ]
kungkung,/ˈkuŋkuŋ/
kungkung,[ˈkuŋ.kʊŋ]
kungkungan,/kuŋˈkuŋan/
kungkungan,[kuŋˈku.ŋan]
kuning,[ˈkunɪŋ]
kuning bambu,/ˈku.nɪŋ ˈbam.bu/
kuning belerang,/ˈku.nɪŋ bə.ˈle.raŋ/
kuning blewah,/ˈku.nɪŋ ˈble.wah/
kuning telur,/ˌkuniŋ təˈlur/
kuning telur,[ˌku.nɪŋ t̪əˈlʊr]
kuningan,/kuˈniŋan/
kuningan,[kuˈni.ŋan]
kunjung,/ˈkund͡ʒuŋ/
kunjung,[ˈkuɲ.d͡ʒʊŋ]
kunjungan,/kunˈd͡ʒuŋan/
kunjungan,[kuɲˈd͡ʒuŋ.an]
kuno,/ˈkuno/
kuntau,[ˈkʊntau]
kuntit,/ˈkʊntɪt̚/
kunto,/ˈkunto/
kunto,[ˈkun̪.t̪o]
kuntuan,[kʊnˈtuan]
kunyit,/ˈkuɲit/
kunyit,[ˈku.ɲɪt̪̚]
kuota,[kuˈo.ta]
kuotasi,[kuoˈtasi]
kuotum,[kuˈo.tʊm]
kup,/ˈkup/
kup,[ˈkʊp̚]
kupas,/ˈkupas/
kupas,[ˈku.pas]
kupe,[ˈkupe]
kupel,/ˈkupəl/
kupel,[ˈku.pəl]
kuper,/ˈkupər/
kuper,[ˈku.pər]
kuping,/kupɪŋ/
kupir,[ˈkupɪr]
kuplet,[ˈkʊplɛt̪̚]
kupon,[ˈkupɔn]
kupu-kupu,[ˈkupu ˈkupu]
kupu-kupu malam,/ˌkupu ˌkupu ˈmalam/
kupu-kupu malam,[ˌku.pu ˌku.pu ˈma.lam]
kupu-kupu zebra,/ˌkupu ˌkupu ˈzebra/
kupu-kupu zebra,[ˌku.pu ˌku.pu ˈze.bra]
kurang,/ˈkuraŋ/
kurang,[ˈku.raŋ]
kurang kerjaan,/ˌkuraŋ kərˈd͡ʒaan/
kurang kerjaan,[ˌku.raŋ kərˈd͡ʒa.(ʔ)an]
kurang lebih,/ˈku.raŋ lə.ˈbɪh/
kurap,[ˈku.rap]
kuratif,[kuˈratɪf]
kurator,[kuˈratɔr]
kurawa,/kuˈrawa/
kurban,[ˈkʊrban]
kurcaci,/kurˈt͡ʃat͡ʃi/
kurcaci,[kurˈt͡ʃa.t͡ʃi]
kureng,/ˈkurəŋ/
kureng,/ˈkurɛŋ/
kureng,[ˈku.rəŋ]
kureng,[ˈku.rɛŋ]
kuret,/ˈkurɛt/
kuret,[ˈku.rɛt̪̚]
kuretase,/kureˈtase/
kuretase,/kureˈtasə/
kuretase,[ku.reˈt̪a.se]
kuretase,[ku.reˈt̪a.sə]
kuria,[ˈku.ria̯]
kurikulum,/kuriˈkulʊm/
kurir,/ˈkurir/
kurir,[ˈku.rɪr]
kurkuma,[kʊrˈku.ma]
kurleb,/ˈkʊrləp/
kurma,[ˈkʊr.ma]
kurs,[ˈkʊrs]
kurs kripto,/ˈkʊrs ˈkrɪp̚to/
kursi,/ˈkorsi/
kursi,/ˈkursi/
kursi,[ˈkor.si]
kursi,[ˈkur.si]
kursi berlengan,/ˈkʊrsi bərləˈŋan/
kursi bersandaran,/ˈkʊrsi bərsanˈdaran/
kursi roda,/ˌkursi ˈroda/
kursi roda,[ˌkur.si ˈro.da]
kursi telur,/ˈkʊrsi təˈlʊr/
kursif,[ˈkʊrsɪf]
kursus,[ˈkursus]
kurtase,[kʊrˈtasə]
kurun,/ˈku.rʊn/
kurung,/ˈkuruŋ/
kurung,[ˈku.rʊŋ]
kurus,/ˈkurus/
kurus,[ˈku.rʊs]
kurva,[ˈkʊrva]
kurva epidemi,/ˈkʊrva ɛpidəˈmi/
kusa,/ˈkusa/
kusa,[ˈku.sa]
kusala,[kuˈsala]
kusir,[ˈkusɪr]
kusta,/kʊsta/
kustar,/ˈkʊstar/
kustodian,/kustoˈdian/
kustodian,[kus.t̪oˈdi.an]
kustono,/kusˈtono/
kustono,[kusˈt̪o.no]
kusuma,/kusuma/
kusumo,/kuˈsumo/
kusumo,[kuˈsu.mo]
kuswandono,/kuswanˈdono/
kuswandono,[kus.wanˈdo.no]
kusworo,/kuˈsworo/
kusworo,[kuˈswo.ro]
kusyadi,/kuˈʃadi/
kusyadi,[kuˈʃa.di]
kutaneus,/kutaˈnɛus/
kutaneus,[ku.t̪aˈnɛ.ʊs]
kutang,/ku.taŋ/
kuteks,/ˈkutɛk/
kuteks,/ˈkutɛks/
kuteks,[ˈku.t̪ɛks]
kuteks,[ˈku.t̪ɛk̚]
kuti,/ˈkuti/
kuti,[ˈku.t̪i]
kutikula,/kutiˈkula/
kutip,/ˈkutip/
kutip,[ˈku.t̪ɪp̚]
kutlet,/ˈkutlet/
kutlet,[ˈkut̪̚.lɛt̪̚]
kutu,/ˈkutu/
kutu,[ˈku.t̪u]
kutu buku,/kutu ˈbuku/
kutu busuk,/ˌkutu ˈbusuk/
kutu busuk,[ˌku.t̪u ˈbu.sʊk̚]
kutub,/ˈkutub/
kutub,[ˈku.t̪ʊp̚]
kutuk,/ˈkutuk/
kutuk,/ˈkutuʔ/
kutuk,[ˈku.t̪ʊk̚]
kutuk,[ˈku.t̪ʊʔ]
kutukan,/kuˈtu.kan/
kutuki,/kuˈtuki/
kutuki,[kuˈt̪u.ki]
kuwe,/ˈkuwe/
kuwe,[ˈku.we]
kuwu,/ˈkuwu/
kuwu,[ˈku.wu]
kuy,/ˈkuj/
kuy,[ˈkui̯]
kuyup,[ˈkujʊp̚]
kwartir,[ˈkwartɪr]
kwasiorkor,/kwasiˈɔrkɔr/
kwek kwek,/ˌkwek ˈkwek/
kwek kwek,[ˌkwɛk̚ ˈkwɛk̚]
kwetiau,/kwəˈtiau̯/
kwetiau,[kwəˈt̪i.au̯]
ky,/ˈkaje/
l,/l/
l,/ɛl/
laal,/ˈlaal/
laal,[ˈla.(ʔ)al]
laba,[ˈlaba]
laba-laba,/ˌlaba ˈlaba/
laba-laba,[ˌla.ba ˈla.ba]
labah,/labah/
label,[ˈlabɛl]
labia,/laˈbia/
labia,[laˈbi.a]
labial,/laˈbial/
labial,[laˈbi.al]
labil,[ˈlabɪl]
labirin,[ˌlabiˈrɪn]
laboratorium,/laboratoˈrium/
laboratorium,[la.bo.ra.t̪oˈri.ʊm]
labu siam,/ˌlabu ˈsiam/
labu siam,[ˌla.bu ˈsi.am]
labu ukur,/la.bu u.kʊr/
labuh,/ˈlabuh/
labuh,[ˈla.bʊh]
labur,[ˈlabʊr]
laci,/ˈlat͡ʃi/
laci,[ˈla.t͡ʃi]
lacur,[ˈlat͡ʃʊr]
lada,/ˈlada/
lada,[ˈla.da]
laden,/ˈladən/
laden,[ˈla.dən]
lading,/ˈla.diŋ/
lading,[ˈla.dɪŋ]
ladk,/ɛl.a.de.ka/
lafal,[ˈlafal]
lafaz,[ˈlafaz]
laga,[ˈlaɡa]
lagi,[ˈlaɡi]
lagi pula,/ˌlaɡi ˈpula/
lagi pula,[ˌla.ɡi ˈpu.la]
lagu,/ˈlaɡu/
lagu,[ˈla.ɡu]
lagu lama,/ˌlaɡu ˈlama/
lagu lama,[ˌla.ɡu ˈla.ma]
lahad,/ˈlahad/
lahad,[ˈla.hat̪̚]
lahan,[ˈlahan]
lahan yasan,/ˈlahan ˈjasan/
lahap,/ˈlahap/
lahap,[ˈla.hap̚]
laher,/la.hər/
lahir,/ˈlahir/
lahir,[ˈla.hɪr]
lai,/ˈlai̯/
lai,[ˈlai̯]
lain,/lain/
lainkan,/laˈinkan/
lainkan,[laˈin.kan]
lainnya,/laˈinɲa/
lainnya,[laˈin.ɲa]
laisisme,/lai̯ˈsismə/
laisisme,[lai̯ˈsis.mə]
lajak,/ˈlad͡ʒak̚/
laju,/ˈlad͡ʒu/
lajur,/ˈlad͡ʒur/
lajur,[ˈla.d͡ʒʊr]
lak,/ˈlak/
lak,[ˈlak̚]
lakademu,/lakaˈdemu/
lakademu,[la.kaˈde.mu]
lakalantas,/lakaˈlantas/
lakalantas,[la.kaˈlan̪.t̪as]
lakban,[ˈlak̚.ban]
laki,/ˈlaki/
laki-laki,/ˌlaki ˈlaki/
laki-laki,[ˌla.ki ˈla.ki]
lakmus,[ˈlak.mʊs]
laknat,/ˈlaknat̚/
lakon,/ˈlakon/
lakon,[ˈla.kɔn]
lakor,/ˈlakor/
lakor,[ˈla.kɔr]
laksa,/ˈlaksa/
laksa,[ˈlak̚.sa]
laksamana,/laksaˈmana/
laksamana,[lak̚.saˈma.na]
laksana,/laksana/
laksmana,/laks.ma.na/
laku,/ˈlaku/
laku keras,/ˌla.ku kəˈras/
laku keras,[ˌla.ku kəˈras]
lakuan,/laˈkuan/
lakukan,/laˈkukan/
lakukan,[laˈku.kan]
lala,/ˈlala/
lala,[ˈla.la]
lalai,/ˈlalai̯/
lalapan,/laˈlapan/
lalapan,[laˈla.pan]
lalat,/ˈla.lat̚/
laler,/ˈla.lər/
lali,/ˈlali/
lalin,/ˈlalin/
lalu,/ˈla.lu/
lalu lintas,/ˌlalu ˈlintas/
lalu lintas,[ˌla.lu ˈlin̪.t̪as]
laluan,/laˈlu.an/
lalui,/laˈlu.i/
lalulah,/laˈlulah/
lalulah,[laˈlu.lah]
lama,/ˈlama/
lama,[ˈla.ma]
laman,/la.man/
lambai,/ˈlambai̯/
lambai,[ˈlam.bai̯]
lambang,[ˈlambaŋ]
lambat,/ˈlambat/
lambat,[ˈlam.bat̪̚]
lambat laun,/ˌlam.bat ˈla.un/
lambat laun,[ˌlam.bat̪̚ ˈla.ʊn]
lambat-lambat,/ˌlambat ˈlambat/
lambat-lambat,[ˌlam.bat̪̚ ˈlam.bat̪̚]
lambat-lambatkan,/ˌlambat lamˈbatkan/
lambat-lambatkan,[ˌlam.bat̪̚ lamˈbat̪̚.kan]
lambatkan,/lamˈbatkan/
lambatkan,[lamˈbat̪̚.kan]
lambung,/ˈlam.bʊŋ/
lamin,/ˈlamin/
lamin,[ˈla.mɪn]
lamina,/laˈmina/
lamina,[laˈmi.na]
laminasi,/lamiˈnasi/
laminasi,[la.miˈna.si]
lamis,/ˈlamis/
lamis,[ˈla.mɪs]
lampak,/ˈlampak̚/
lampau,/ˈlampau̯/
lampau,[ˈlam.pau̯]
lampias,/lamˈpias/
lampias,[lamˈpi.as]
lampion,[lamˈpiɔn]
lampiran,[lamˈpɪran]
lampu,/ˈlampu/
lampu,[ˈlam.pu]
lampu corong,/ˌlampu ˈt͡ʃoroŋ/
lampu corong,[ˌlam.pu ˈt͡ʃo.rɔŋ]
lampu jalan,/ˌlampu ˈd͡ʒalan/
lampu jalan,[ˌlam.pu ˈd͡ʒa.lan]
lampu lalu lintas,/ˌlampu ˌlalu ˈlintas/
lampu lalu lintas,[ˌlam.pu ˌla.lu ˈlin̪.t̪as]
lamun,/ˈlamun/
lamun,[ˈla.mʊn]
lan,/ˈlan/
lan,[ˈlan]
lanang,/ˈlanaŋ/
lanang,[ˈla.naŋ]
lanbau,[ˈlanbau̯]
lanca,/ˈlant͡ʃa/
lanca,[ˈlaɲ.t͡ʃa]
lancang,[ˈlant͡ʃaŋ]
lancar,[ˈlan.t͡ʃar]
lancia,/lan.t͡ʃia̯/
landak,/ˈlan.daʔ/
landak laut,/lan.daʔ ˈla.ʊt̚/
landak mini,/lan.daʔ ˈmi.ni/
landak semut,/lan.daʔ səˈmʊt̚/
landak susu,/lan.daʔ ˈsu.su/
landas,/ˈlandas/
landas,[ˈlan.das]
landasan,/lan.da.san/
landasan,/lan.das.an/
landasan pacu,/lan.ˈdas.an ˈpa.t͡ʃu/
landasan udara,/lanˌda.san uˈda.ra/
landasan udara,[lanˌda.san uˈda.ra]
lang,/ˈlaŋ/
lang,[ˈlaŋ]
langau,/ˈlaŋau̯/
langau,[ˈla.ŋau̯]
langca,/laŋ.t͡ʃa/
langcia,/laŋ.t͡ʃia̯/
langgan,/ˈlaŋ.ɡan/
langgan,[ˈlaŋ.ɡan]
langgar,[ˈlaŋ.ɡar]
langgeng,/ˈlaŋ.ɡəŋ/
langir,/ˈlaŋir/
langir,[ˈla.ŋɪr]
langit,/ˈlaŋit/
langit,[ˈla.ŋɪt̪̚]
langit-langit,/ˈlä.ŋɪt̪̚ ˈlä.ŋɪt̪̚/
langka,/ˈlaŋka/
langka,[ˈlaŋ.ka]
langkah,/ˈlaŋkah/
langkah,[ˈlaŋ.kah]
langkah tegap,/ˈlaŋkah təˈɡap̚/
langkan,/ˈlaŋkan/
langkan,[ˈlaŋ.kan]
langsam,/ˈlaŋsam/
langsam,[ˈlaŋ.sam]
langsat,/ˈlaŋsat/
langsat,[ˈlaŋ.sat̪̚]
langsing,/ˈlaŋsiŋ/
langsing,[ˈlaŋ.sɪŋ]
langsir,/ˈlaŋsir/
langsir,[ˈlaŋ.sɪr]
langsung,/ˈlaŋsuŋ/
langsung,[ˈlaŋ.sʊŋ]
lanhir,[ˈlan.hɪr]
laniar,/laˈniar/
laniar,[laˈni.ar]
lanjar,/ˈland͡ʒar/
lanji,/ˈland͡ʒi/
lanji,[ˈlaɲ.d͡ʒi]
lanjut,/ˈland͡ʒut/
lanjut,[ˈlaɲ.d͡ʒʊt̪̚]
lanjutan,/lanˈd͡ʒu.tan/
lanjutan,[laɲˈd͡ʒu.t̪an]
lanjutkan,/lanˈd͡ʒutkan/
lanjutkan,[laɲˈd͡ʒut̪̚.kan]
lanny jaya,/ˈlani ˈdʒaja/
lansia,/lanˈsia/
lansia,[lanˈsi.a]
lansir,[ˈlan.sɪr]
lanskap,[ˈlan.skap̚]
lantai,/ˈlantai̯/
lantai,[ˈlan̪.t̪ai̯]
lantak,/ˈlantak/
lantak,[ˈlan̪.t̪ak̚]
lantama,/lanˈtama/
lantamal,/lanˈtamal/
lantamil,/lanˈtamɪl/
lantang,/ˈlantaŋ/
lantang,[ˈlan̪.t̪aŋ]
lantar,/ˈlan.tar/
lantaran,/lanˈtaran/
lantaran,[lan̪ˈt̪a.ran]
lantarkan,/lanˈtar.kan/
lantas,/ˈlantas/
lantik,/ˈlantik/
lantik,[ˈlan̪.t̪ɪk̚]
lanud,/ˈlanud/
lanud,[ˈla.nʊt̪̚]
laos,/ˈlaɔs/
laos,[ˈla.ɔs]
lap,/ˈlap/
lap,[ˈlap̚]
lapah,[ˈla.pah]
lapang,/lapaŋ/
lapangan,/laˈpaŋan/
lapangan terbang,/laˈpaŋan tərˈbaŋ/
lapar,/ˈlapar/
lapar,[ˈla.par]
laparotomi,/laparoˈtomi/
laparotomi,[la.pa.roˈt̪o.mi]
lapas,/ˈlapas/
laper,/ˈla.pər/
lapis,/ˈla.pɪs/
lapisan,/laˈpi.san/
lapo,/ˈlapo/
lapor,[ˈlapɔr]
laporan,[laˈpɔran]
laporan keuangan,/laˈpɔran kəˈuaŋan/
laptop,/ˈlaptop/
laptop,/ˈleptop/
laptop,[ˈlap̚.t̪ɔp̚]
laptop,[ˈlep̚.t̪ɔp̚]
lapuk,/ˈla.puk/
lapuk,[ˈla.pʊk̚]
larang,/ˈlaraŋ/
larang,[ˈla.raŋ]
larangan,/laˈraŋan/
larangan,[laˈra.ŋan]
laras,/ˈla.ras/
lari,/ˈla.ri/
lari cepat,/ˈlari t͡ʃəˈpat/
lari-lari,/la.riˈlari/
lari-larian,/la.ri.laˈri.an/
larian,/laˈri.an/
lariin,/laˈri.ʔɪn/
larikan,/laˈrikan/
larikan,[laˈri.kan]
larikan diri,/la.ri.kan ˈdi.ri/
larikan nyawa,/la.ri.kan ˈɲa.wa/
larikan untung,/la.ri.kan ˈun.tʊŋ/
laring,[ˈlarɪŋ]
larutan,/laˈrutan/
larutan,[laˈru.t̪an]
las,[ˈlas]
lasanya,/laˈsaɲa/
lasanya,[laˈsa.ɲa]
lasik,/la.sik/
laskar,/lasˈkar/
lata,[ˈlata]
latah,/ˈlatah/
latah,[ˈla.t̪ah]
latah,[ˈlat̪ah]
latar,[ˈlatar]
latar belakang,[ˈlatar bəˈlakaŋ]
lateks,/ˈla.tɛks/
laten,/ˈlatɛn/
laten,[ˈla.t̪ɛn]
lateral,/la.tə.ˈral/
latih,/ˈlatɪh/
latihan,/laˈtihan/
latihan,[laˈt̪i.han]
latihan jabatan,/laˌti.han d͡ʒaˈba.tan/
latihan jabatan,[laˌt̪i.haɲ d͡ʒaˈba.t̪an]
latihan keahlian,/laˌti.han kə.ahˈli.an/
latihan keahlian,[laˌt̪i.han kə.ahˈli.an]
latihan prajabatan,/laˌti.han pra.d͡ʒaˈba.tan/
latihan prajabatan,[laˌt̪i.han pra.d͡ʒaˈba.t̪an]
latpur,/ˈlat̚pʊr/
latuh,[ˈlatʊh]
lauh,/ˈlaʊh/
lauk,/ˈlauk/
lauk,[ˈla.ʊk̚]
laut,/ˈlaut/
laut,[ˈla.ʊt̪̚]
laut jepang,/ˌlaut d͡ʒəˈpaŋ/
laut jepang,[ˌla.ʊt̪̚ d͡ʒəˈpaŋ]
laut merah,/la.ʊt̚ ˈme.rah/
laut teberau,/la.ʊt̚ tə.bəˈrau̯/
lautan,/laˈutan/
lautan,[laˈu.t̪an]
lautan pasifik,/laˌutan paˈsifik/
lautan pasifik,[laˌu.t̪an paˈsi.fɪk̚]
lautan selatan,/laˌutan səˈlatan/
lautan selatan,[laˌu.t̪an səˈla.t̪an]
lava,/ˈla.va/
lavabo,/laˈvabo/
lavabo,[laˈfa.bo]
lavase,[laˈvasə]
lawa,/la.wa/
lawak,/ˈlawaʔ/
lawak,[ˈla.waʔ]
lawak-lawak,/lawaʔˈlawaʔ/
lawak-lawak,[la.waʔˈla.waʔ]
lawakan,/laˈwa.kan/
lawan,/ˈlawan/
lawan,[ˈla.wan]
lawang,/ˈlawaŋ/
lawang,[ˈla.waŋ]
lawar,/ˈlawar/
lawar,[ˈla.war]
lawas,/ˈlawas/
lawas,[ˈla.was]
layan,/ˈlajan/
layan,[ˈla.jan]
layanan,/laˈjanan/
layanan,[laˈja.nan]
layang,/ˈlajaŋ/
layang,[ˈla.jaŋ]
layang-layang,/ˌlajaŋ ˈlajaŋ/
layang-layang,[ˌla.jaŋ ˈla.jaŋ]
layangan,/laˈjaŋan/
layangan,[laˈja.ŋan]
layar,/ˈlajar/
layar,[ˈla.jar]
layu,/ˈla.ju/
layukan,/laˈjukan/
layukan,[laˈju.kan]
layung,/ˈla.juŋ/
layung,[ˈla.jʊŋ]
lazuardi,/lazuardi/
lebah,/ləˈbah/
lebah,[ləˈbah]
lebai,/ləˈbai̯/
lebai,[ləˈbai̯]
lebam,/lə.ˈbam/
lebam,/ˈle.bam/
lebanon,[liˈbanɔn]
lebanon,[lɛˈbanɔn]
lebar,/ˈlebar/
lebar,[ˈle.bar]
lebaran,/ləˈbaran/
lebaran,[ləˈba.ran]
lebih,/ləˈbih/
lebih,[ləˈbɪh]
lebih-lebihkan,/lə.bɪh.ləˈbɪh.kan/
lebuh,/ləˈbuh/
lebuh,[ləˈbʊh]
lebuh raya,/ləˌbuh ˈraja/
lebuh raya,[ləˌbʊh ˈra.ja]
lebur,/ləˈbur/
lebur,[ləˈbʊr]
lecek,/ˈlet͡ʃɛʔ/
lecek,/ˈlət͡ʃəʔ/
lecek,[ˈle.t͡ʃɛʔ]
lecek,[ˈlə.t͡ʃəʔ]
leci,/ˈlet͡ʃi/
leci,[ˈle.t͡ʃi]
ledak,/ləˈdak/
ledak,[ləˈdak̚]
ledakan,/ləˈdakan/
ledakan,[ləˈda.kan]
leding,[ˈlədɪŋ]
leding,[ˈlɛdəŋ]
leding,[ˈlɛdɪŋ]
legal,/ˈlɛɡal/
legal,[ˈlɛ.ɡal]
legalisasi,/lɛɡaliˈsasi/
legalitas,/lɛɡaˈlitas/
legalitas,[lɛ.ɡaˈli.t̪as]
legasi,[lɛˈɡasi]
legenda,/ləˈɡɛnda/
legenda,[ləˈɡen.da]
legendaris,/ləɡɛnˈdaris/
legendaris,[lə.ɡɛnˈda.rɪs]
leger,/ˈleɡər/
leger,/ˈleɡɛr/
leger,/ˈlɛɡɛr/
leger,[ˈle.ɡər]
leger,[ˈle.ɡɛr]
leger,[ˈlɛ.ɡɛr]
leges,/ˈleɡəs/
leges,[ˈle.ɡəs]
leginah,/ləˈɡinah/
leginah,[ləˈɡi.nah]
legio,/leˈɡio/
legio,[leˈɡi.o]
legislasi,[lɛɡɪsˈlasi]
legislatif,[lɛɡɪsˈlatɪf]
legislator,[lɛɡɪsˈlatɔr]
legitimasi,[lɛɡitiˈmasi]
legium,/ləˈɡium/
legium,[ləˈɡi.ʊm]
legiun,/leˈɡi.un/
legiun,[leˈɡi.ʊn]
legiyah,/ləˈɡijah/
legiyah,[ləˈɡi.jah]
legundi,/ləˈɡundi/
legundi,[ləˈɡun.di]
leher,/ˈleher/
leher,[ˈle.hɛr]
leka,/ləˈka/
leka,[ləˈka]
lekas,/ləˈkas/
lekatkan,/ləˈkatkan/
lekatkan,[ləˈkat̪̚.kan]
lekong,/le.koŋ/
leksionarium,/lɛksionaˈrium/
leksionarium,[lɛk̚.si.o.naˈri.ʊm]
lektor,/lɛk.tor/
lektris,/ˈlɛktris/
lektris,[ˈlɛk̚.t̪rɪs]
lektur,[ˈlɛktʊr]
lekum,[ləˈkʊm]
lelang,/ˈlɛlaŋ/
lelang,[ˈlɛ.laŋ]
lelangit,/lə.ˈlä.ŋɪt̪̚/
lelatu,[ləˈlat̪u]
lele,/ˈlele/
lele,[ˈle.le]
leleh,/ˈlɛ.lɛh/
leleh salju,/lɛ.lɛh ˈsal.d͡ʒu/
lelehan,/lɛˈlɛ.han/
lelehan salju,/lɛ.lɛ.han ˈsal.d͡ʒu/
lelehkan,/lɛˈlɛh.kan/
leluasa,/ləluˈasa/
leluasa,[lə.luˈa.sa]
leluhur,/ləˈluhur/
leluhur,[ləˈlu.hʊr]
lem,/ˈlɛm/
lem,[ˈlem]
lemah,/ləmah/
lemak,[ləˈmaʔ]
lemak jenuh,/ləˈmaʔ d͡ʒəˈnʊh/
lemak trans,/ləˌmak ˈtrans/
lemak trans,[ləˌmak̚ ˈt̪rans]
lemang,/ləˈmaŋ/
lemang,[ləˈmaŋ]
lemari,/ləˈmari/
lemari,[ləˈma.ri]
lemari es,/ləˌmari ˈɛs/
lemari es,[ləˌma.ri ˈɛs]
lemari pendingin,/ləˈmari pənˈdiŋɪn/
lemas,/ləˈmas/
lemas,[ləˈmas]
lembaga,[ləmˈbaɡa]
lembaga pemasyarakatan,[ləmˈbaɡa pəmaʃaraˈkatan]
lembaga pemikir,/ləmˌbaɡa pəˈmikir/
lembaga pemikir,[ləmˌba.ɡa pəˈmi.kɪr]
lembah,/ləmˈbah/
lembah,[ləmˈbah]
lembap,/ləmˈbap/
lembap,[ləmˈbap̚]
lembar,/ləmˈbar/
lembar,[ləmˈbar]
lembaran,/ləmˈbaran/
lembaran,[ləmˈba.ran]
lembaran negara,[ləmˈbaran nəˈɡara]
lembayung,/ləmˈbajuŋ/
lembayung,[ləmˈba.jʊŋ]
lembing,/ləm.ˈbɪŋ/
lembu,[ləmˈbu]
lembut,/ləmˈbut/
lembut,[ləmˈbʊt̪̚]
lemot,[ləˈmɔt̪̚]
lempar,/ˈlɛm.par/
lempeng,[ləmˈpəŋ]
lempeng,[ləmˈpɛŋ]
lempeng,[ˈlɛmpɛŋ]
lempeng darah,/ˈlɛmpɛŋ ˈdarah/
lemper,/ˈləmpər/
lempir,/ləmˈpɪr/
lempira,/lemˈpira/
lempung,[ləmˈpʊŋ]
lenca,/lənˈt͡ʃa/
lenca,[ləɲˈt͡ʃa]
lencang,/lənˈt͡ʃaŋ/
lencang depan,/lənˌt͡ʃaŋ dəˈpan/
lencang depan,[ləɲˌt͡ʃaŋ dəˈpan]
lencang kanan,/lənˈt͡ʃaŋ ˈkanan/
lenceng,/lənˈt͡ʃəŋ/
lenceng,/ˈlɛnt͡ʃɛŋ/
lendir,/lənˈdir/
lendir,[lənˈdɪr]
lendut,/lənˈdʊt̚/
lendutan,/lənˈdu.tan/
lenga,/ləˈŋa/
lenga,[ləˈŋa]
lengah,/ˈlɛŋah/
lengan,/ləˈŋan/
lengan,[ləˈŋan]
lengan baju,/ləˌŋan ˈbad͡ʒu/
lengan baju,[ləˌŋan ˈba.d͡ʒu]
lenggang,/ˈlɛŋɡaŋ/
lenggang,[ˈleŋ.ɡaŋ]
lengkap,/ləŋˈkap/
lengkap,[ləŋˈkap̚]
lengkeng,/ˈleŋkeŋ/
lengkeng,[ˈleŋ.kɛŋ]
lengket,/ˈlɛŋkɛt̚/
lengkuas,/ləŋˈkuas/
lengkuas,[ləŋˈku.as]
lengkung,/ləŋˈkuŋ/
lengkung,[ləŋˈkuŋ]
lengser,/ˈleŋser/
lengser,[ˈleŋ.sɛr]
lenjer,/lənˈd͡ʒər/
lensa,/lɛnsa/
lenso,/ˈlenso/
lenso,[ˈlen.so]
lentera,/lənˈtɛ.ra/
lentera,[lən̪ˈt̪ɛ.ra]
lenting,/lənˈtiŋ/
lenting,[lən̪ˈt̪iŋ]
lento,/lə̂ˈnto/
lento,/ˈlɛn.to/
lento,[lə̂ˈn̪t̪o]
lento,[ˈlen̪.t̪o]
lenyap,[ləˈɲap̚]
lepa,[ˈlɛpa]
lepak,/ləˈpak/
lepak,[ləˈpak̚]
lepas,/ləˈpas/
lepas,[ləˈpas]
lepasan,/ləˈpasan/
lepau,/ləˈpau̯/
lepra,/lɛpra/
lepu,/ləˈpu/
lepu,[ləˈpu]
lerai,[ˈlərai̯]
leraian,/lə.ˈrai̯.an/
lereng,/ˈlɛ.rɛŋ/
les,/ˈləs/
les,/ˈlɛs/
les,[ˈləs]
les,[ˈlɛs]
lesbiola,/lesbiˈola/
lesbiola,[les.biˈo.la]
lesi,/ləˈsi/
lesi,/ˈlesi/
lesi,[ləˈsi]
lesi,[ˈle.si]
lestari,/ləs.ˈta.ri/
letak,/ləˈtaʔ/
letak,/ˈletak/
letak,[ləˈt̪aʔ]
letak,[ˈle.t̪ak̚]
letakkan,/ləˈtakan/
letakkan,[ləˈt̪a.kan]
letal,[ˈlɛtal]
letargi,[leˈt̪arɡi]
leter,[ˈlɛtər]
letjen,/ˈlət.d͡ʒən/
letjen,[ˈlət̪̚.d͡ʒən]
letjend,/lətˈd͡ʒənd/
letjend,[lət̪̚ˈd͡ʒən̪t̪̚]
letnan,[ˈlɛt̪̚nan]
letnan jenderal,/ˌlɛtnan ˈd͡ʒəndəral/
letnan jenderal,[ˌlɛt̪̚.naɲ ˈd͡ʒən.də.ral]
letnan kolonel,/ˌlɛtnan koˈlonɛl/
letnan kolonel,[ˌlɛt̪̚.nan koˈlo.nɛl]
letnan komandan,/ˌlɛt.nan koˈman.dan/
letnan komandan,[ˌlɛt̪̚.nan koˈman.dan]
letupan,/ləˈtupan/
letupan,[ləˈt̪u.pan]
lev,/ˈlep̚/
level,[ˈlɛvəl]
lever,/ˈlevər/
lever,[ˈle.fər]
levo-,[levo]
lewat,/ˈlewat/
lewat,[ˈle.wat̪̚]
lewati,/leˈwa.ti/
lewatkan,/leˈwat̚.kan/
lewiatan,/lewiˈatan/
lewiatan,[le.wiˈa.t̪an]
lezat,[ləˈzat̪̚]
lgbt,/ˈɛldʒibiti/
lgbt,/ˈɛlɡebete/
liabilitas,/li.a.bi.ˈli.tas/
liana,/ˈlia̯na/
liang,[ˈlia̯ŋ]
liar,/ˈliar/
liar,[ˈli.ar]
liat,/ˈliat/
liat,[ˈli.at̪̚]
liat-liat,/li.at̚ˈli.at̚/
libanon,[liˈbanɔn]
liberal,/ˈlibəral/
liberal,[ˈli.bə.ral]
liberalis,[libəˈralɪs]
liberalisasi,[libəraliˈsasi]
liberalisme,/libəraˈlismə/
liberalisme,[li.bə.raˈlis.mə]
libertarian,/libərtaˈrian/
libertarian,[li.bər.t̪aˈri.an]
libertarianisme,/libərtariaˈnismə/
libertarianisme,[li.bər.t̪a.ri.aˈnis.mə]
libertarisme,/libərtaˈrismə/
libertarisme,[li.bər.t̪aˈris.mə]
libur,[ˈlibʊr]
liburan,/liˈburan/
liburan,[liˈbu.ran]
lid,[ˈlɪt]
lidah,/ˈlidah/
lidah,[ˈli.dah]
lien,/ˈliɛn/
lien,[ˈli.ɛn]
lift,[ˈlɪf]
liga,/ˈliɡa/
liga,[ˈli.ɡa]
ligamen,/liˈɡamɛn/
ligan,/ˈli.ɡan/
ligasi,/liˈɡasi/
ligasi,[liˈɡa.si]
lihai,/ˈlihai̯/
lihat,/ˈlihat/
lihat,[ˈli.hat̪̚]
lihat dengar,/li.hat̚ dəˈŋar/
lihat-lihat,/li.hat̚ˈli.hat̚/
lihati,/liˈhati/
lihati,[liˈha.t̪i]
lihatkan,/liˈhatkan/
lihatkan,[liˈhat̪̚.kan]
likuid,[liˈkuʷɪt̚]
likuida,[likuˈɪd̪a]
likuidasi,[likuʷiˈdasi]
likuidator,[likuiˈd̪at̪ɔr]
likuiditas,[likuiˈd̪it̪as]
lila,/ˈli.la/
lila,/ˈlila/
lila,[ˈli.la]
lilin,[ˈlilɪn]
lilin lebah,/ˌli.lin ləˈbah/
lilin lebah,[ˌli.lɪn ləˈbah]
lima,/ˈlima/
lima,[ˈli.ma]
lima ribu,/lima ribu/
liman,/ˈli.man/
limas,/ˈlimas/
limas,[ˈli.mas]
limau,[ˈlimau̯]
limbah,/ˈlim.bah/
limfa,/ˈlimfa/
limfa,[ˈlim.fa]
limit,/ˈlimɪt̚/
limitasi,/limiˈtasi/
limitasi,[li.miˈt̪a.si]
limitatif,/limiˈtatif/
limitatif,[li.miˈt̪a.t̪ɪf]
limonade,/li.moˈna.də/
limonade,[li.moˈna.də]
limosin,[liˈmosɪn]
limpa,[ˈlɪmpa]
limpah,/ˈlimpah/
limpah,[ˈlim.pah]
limpas,/ˈlimpas/
limpas,[ˈlim.pas]
limpasan,/limˈpasan/
limpasan,[limˈpa.san]
limun,/ˈlimun/
limun,[ˈli.mʊn]
limusin,[liˈmusɪn]
lin,[ˈlɪn]
linang,/ˈlinaŋ/
linang,[ˈli.naŋ]
lincah,/ˈlint͡ʃah/
lincah,[ˈliɲ.t͡ʃah]
lindu,[ˈlin.du]
lindung,/ˈlinduŋ/
lindung,[ˈlin.dʊŋ]
lindungan,/linˈduŋan/
lindungan,[linˈduŋ.an]
linear,/liˈnɛar/
linen,[ˈlinən]
lingga,[ˈlɪŋ.ɡa]
linggis,/ˈliŋɡis/
linggis,[ˈliŋ.ɡɪs]
lingkar,[ˈlɪŋkar]
lingkaran,[lɪŋˈkaran]
lingkungan,/liŋˈkuŋan/
lingkungan,[liŋˈku.ŋan]
lingkungan binaan,/lɪŋˈkʊŋan biˈnaan/
lingkungan terbangun,/lɪŋˈkʊŋan tərˈbaŋʊn/
lingkungan tertata,/lɪŋˈkʊŋan tərˈtata/
lingkup,/ˈliŋkup/
lingkup,[ˈliŋ.kʊp̚]
lingo,/ˈliŋo/
lingo,[ˈli.ŋo]
linguis,/liˈŋ(ɡ)uis/
linguis,/ˈliŋ(ɡ)wis/
linguistik,/liŋ(ɡ)uˈistik/
linguistik,/liŋˈ(ɡ)wistik/
linguistik terapan,/liŋ(ɡ)wistik təˈrapan/
lini,[ˈlini]
linier,/liˈniɛr/
linoleum,/linoˈleum/
linoleum,[li.noˈle.ʊm]
lintah,/ˈlintah/
lintah,[ˈlin̪.t̪ah]
lintah darat,[ˈlɪntah ˈdarat̚]
lintang,/ˈlintaŋ/
lintang,[ˈlin̪.t̪aŋ]
lintas,/ˈlintas/
lintas,[ˈlin̪.t̪as]
lintas negara,/ˌlintas nəˈɡara/
lintas negara,[ˌlin̪.t̪as nəˈɡa.ra]
lintasan,/lɪn.ˈtas.an/
liong,[ˈliɔŋ]
lipan,[ˈlipan]
lipas,[ˈlipas]
lipat,/ˈlipat/
lipat,[ˈli.pat̪̚]
lipida,/liˈpida/
lipida,[liˈpi.da]
lipstik,[lip.ˈstɪk]
lipsus,/ˈlip.sus/
lipsus,[ˈlip̚.sʊs]
lipur,/li.pʊr/
lirih,[ˈlirɪh]
lis,[ˈlɪs]
lisan,/li.san/
lisensi,[liˈsɛnsi]
lisensi puitis,/liˈsɛnsi ˈpui̯tɪs/
lisosom,/liˈsosom/
lisosom,[liˈso.sɔm]
listrik,[ˈlɪstrɪk̚]
listrik statis,[ˈlɪstrɪk ˈstatɪs]
listring,/ˈlistriŋ/
listring,[ˈlis.t̪rɪŋ]
litani,/liˈtani/
litani,[liˈt̪a.ni]
litbang,/ˈlit.baŋ/
litbang,[ˈlit̪̚.baŋ]
litbangjirap,/lɪt.baŋ.ˈd͡ʒi.rap/
liter,[ˈlitər]
literal,/litəˈral/
literal,[li.t̪əˈral]
literasi,/litəˈrasi/
literasi informasi,/li.təˌra.si(ʔ)ɪn.fɔrˈma.si/
literati,/litəˈrati/
literati,[li.t̪əˈra.t̪i]
literatur,[li.təˈra.tʊr]
litigasi,/li.ti.ˈɡa.si/
liturgi,[liˈtʊr.ɡi]
liturgis,/li.ˈtʊr.ɡɪs/
liur,[ˈliʊr]
liwa,[ˈliwa]
liwat,/ˈliwat/
liwat,[ˈli.wat̪̚]
liyan,/ˈlijan/
liyus,/li.jus/
lkpp,/ɛl.ka.ˈpe.pe/
loak,/ˈloaʔ/
loak,[ˈlo.aʔ]
loba,/ˈloba/
loba,[ˈlo.ba]
lobak,/ˈlobak/
lobak,[ˈlo.bak̚]
lobang,/ˈlobaŋ/
lobi,[ˈlobi]
lobster,/ˈlobstər/
lobster,[ˈlobs.t̪ər]
logam,/ˈloɡam/
logam,[ˈlo.ɡam]
logaritma,/loɡaˈritma/
logaritma,[lo.ɡaˈrit̪̚.ma]
logaritmik,/loɡaˈritmik/
logaritmik,[lo.ɡaˈrit̪̚.mɪk̚]
logat,/ˈloɡat/
logat,[ˈlo.ɡat̪̚]
logika,[loˈɡika]
logis,/ˈloɡis/
logis,[ˈlo.ɡɪs]
logistik,[loˈɡɪstɪk]
logo,[ˈloɡo]
loh,/ˈlɔh/
lohor,/ˈlohor/
lohor,[ˈlo.hɔr]
loji,/ˈlod͡ʒi/
loji,[ˈlo.d͡ʒi]
lok,/ˈlok/
lok,[ˈlɔk̚]
loka,/ˈloka/
loka,[ˈlo.ka]
loka-,[loka]
lokakarya,/lo.ka.ˈkar.ja/
lokal,/ˈlokal/
lokal,[ˈlo.kal]
lokalisasi,/lokaliˈsasi/
lokalisasi,[lo.ka.liˈsa.si]
lokalisasikan,/lokalisaˈsikan/
lokalisasikan,[lo.ka.li.saˈsi.kan]
lokalisir,/lokaˈlisir/
lokalisir,[lo.kaˈli.sɪr]
lokalkan,/loˈkalkan/
lokalkan,[loˈkal.kan]
lokapasar,/lokaˈpasar/
lokasi,[loˈkasi]
lokastiti,[lo.kasˈti.ti]
lokatikranta,[lokatiˈkranta]
lokatraya,[lo.kaˈtra.ja]
lokawigna,[lo.kaˈwɪɡ.na]
lokawiruda,[lo.ka.wiˈru.da]
loker,/ˈlokər/
loker,/ˈlokɛr/
loker,[ˈlo.kər]
loker,[ˈlo.kɛr]
loket,/abonəmɛn/
loki,/ˈloki/
loki,[ˈlo.ki]
lokio,/loˈkio/
lokio,[loˈki.o]
lokit,/ˈlokit/
lokit,[ˈlo.kɪt̪̚]
lokomotif,/lokoˈmotif/
lokomotif,[lo.koˈmo.t̪ɪf]
loksek,[ˈlɔk̚sɛk̚]
loksun,[ˈlɔk̚sʊn]
loktong,/ˈloktoŋ/
loktong,[ˈlok̚.t̪ɔŋ]
lokus,[ˈlokʊs]
loloi,/ˈloloi̯/
loloi,[ˈlo.loi̯]
lomba,/ˈlɔm.ba/
lombok,/ˈlombok/
lombok,[ˈlom.bɔk̚]
lombok merah,/ˌlomboʔ ˈmerah/
lombok merah,[ˌlom.bɔʔ ˈme.rah]
lombong,/ˈlɔm.bɔŋ/
lombong,[ˈlom.bɔŋ]
lompat,/ˈlompat/
lompat,[ˈlom.pat̪̚]
lompat indah,/ˌlɔmpat ˈindah/
lompat indah,[ˌlɔm.pat̪̚ ˈin.dah]
lompatan,/lɔmˈpa.tan/
lompati,/lomˈpati/
lompati,[lomˈpa.t̪i]
lompatkan,/lɔmˈpatkan/
lompatkan,[lɔmˈpat̪̚.kan]
loncat,/ˈlont͡ʃat/
loncat,[ˈloɲ.t͡ʃat̪̚]
loncat indah,/ˌlɔnt͡ʃat ˈindah/
loncat indah,[ˌlɔɲ.t͡ʃat̪̚ ˈin.dah]
lonceng,[ˈlɔnt͡ʃɛŋ]
lonceng pintu,/ˌlont͡ʃeŋ ˈpintu/
lonceng pintu,[ˌloɲ.t͡ʃɛŋ ˈpin̪.t̪u]
loncong,/ˈlɔɲ.t͡ʃɔŋ/
long,[ˈlɔŋ]
longsor,/ˈloŋsor/
longsor,[ˈloŋ.sɔr]
lonjong,/ˈlɔɲ.d͡ʒɔŋ/
lontar,[ˈlɔnt̪ar]
lonte,[ˈlɔn.te]
lontong,[lɔntɔŋ]
lop,[ˈlɔp̚]
lopa,/ˈlopa/
lopa,[ˈlo.pa]
lopa-lopa,/ˌlopa ˈlopa/
lopa-lopa,[ˌlo.pa ˈlo.pa]
loper,/ˈlopər/
loper,[ˈlo.pər]
lor,/ˈlor/
lor,[ˈlɔr]
los,[ˈlɔs]
los bundar,/ˌlos ˈbun.dar/
los bundar,[ˌlɔs ˈbun.dar]
losin,/ˈlosin/
losin,[ˈlo.sɪn]
losion,/loˈsiɔn/
losmen,/ˈlosmɛn/
losmen,[ˈlos.mɛn]
lot,[ˈlɔt]
loteng,/ˈlotɛŋ/
loteng,[ˈlo.t̪ɛŋ]
lotre,/ˈlɔ.trɛ/
lotus,[ˈlotʊs]
louisa,/ˈluisa/
lowong,/ˈlɔwɔŋ/
lowong,[ˈlɔ.wɔŋ]
lowongan,/loˈwoŋan/
lowongan,[loˈwo.ŋan]
loyal,/ˈlo.jal/
loyang,/ˈlojaŋ/
loyang,[ˈlo.jaŋ]
lp,/ˈɛlpe/
lpk,/ɛl.pe.ka/
lpmp,/ɛlpeˈɛmpe/
lppdk,/ɛl.pe.pe.de.ka/
lpsdk,/ɛl.pe.ɛs.de.ka/
lsm,/ɛl.ˈɛs.ɛm/
lu,/ˈlu/
lu,[ˈlu]
luah,/ˈluah/
luah,[ˈlu.ah]
luak,/ˈluak̚/
luang,/ˈluaŋ/
luap,/ˈluap̚/
luar,/ˈluar/
luar,[ˈlu.ar]
luar biasa,/ˌlu.ar biˈa.sa/
luar biasa,[ˌlu.ar biˈa.sa]
luar negeri,[ˈluar nəɡəˈri]
luaran,/luˈaran/
luaran,[luˈa.ran]
luas,/luas/
luban,[ˈluban]
lubang,/ˈlubaŋ/
lubang hitam,/ˈlubaŋ ˈhitam/
lubuk,/ˈlubuʔ/
lubuk,[ˈlu.bʊʔ]
lubuk baja,/ˌlubuk ˈbad͡ʒa/
lubuk baja,[ˌlu.bʊk̚ ˈba.d͡ʒa]
lucu,/lu.t͡ʃu/
lucu,[lut͡ʃu]
lucut,/ˈlut͡ʃut/
lucut,[ˈlu.t͡ʃʊt̪̚]
lucutkan,/luˈt͡ʃutkan/
lucutkan,[luˈt͡ʃut̪̚.kan]
ludah,/ˈludah/
ludah,[ˈlu.dah]
lues,/lu.es/
lugas,/ˈluɡas/
lugas,[ˈlu.ɡas]
lugri,/ˌlu ˈɡri/
lugri,[ˌlu ˈɡri]
luka,/ˈluka/
luka,[ˈlu.ka]
luka bakar,/ˌlu.ka ˈba.kar/
luka bakar,[ˌlu.ka ˈba.kar]
luka baring,/ˌluka ˈbariŋ/
luka baring,[ˌlu.ka ˈba.rɪŋ]
lukas,/ˈlukas/
lukas,[ˈlu.kas]
lukis,/ˈlukis/
lukis,[ˈlu.kɪs]
lukis-melukis,/ˌlukis məˈlukis/
lukis-melukis,[ˌlu.kɪs məˈlu.kɪs]
lukisan,/luˈkisan/
lukisan,[luˈki.san]
lukiskan,/luˈkiskan/
lukiskan,[luˈkis.kan]
lukmanto,/lukˈmanto/
lukmanto,[luk̚ˈman̪.t̪o]
lukminto,/lukˈminto/
lukminto,[luk̚ˈmin̪.t̪o]
luksemburg,/ˈluksəmburɡ/
luksemburg,[ˈluk̚.səm.burk̚]
lulur,/ˈlulur/
lulur,[ˈlu.lʊr]
lulus,/ˈlulus/
lulus,[ˈlu.lʊs]
lulusan,/luˈlʊsan/
lumayan,/luˈmajan/
lumayan,[luˈma.jan]
lumba-lumba,/ˈlʊm.ba ˈlʊm.ba/
lumbung,/ˈlum.buŋ/
lumbung,[ˈlum.bʊŋ]
luminair,/lumiˈnair/
luminair,[lu.miˈna.ɪr]
lumpia,/lumˈpia/
lumpia,[lumˈpi.a]
lumpuh,/ˈlumpuh/
lumpuh,[ˈlum.pʊh]
lumpur,/ˈlumpur/
lumpur,[ˈlum.pʊr]
lumut,/ˈlumʊt̚/
lumut kerak,/ˈlumʊt̚ kəˈrak̚/
lunak,/ˈlunak/
lunak,[ˈlu.nak̚]
luncur,/lʊnt͡ʃʊr/
lung,[ˈlʊŋ]
lungsin,/ˈluŋ.sin/
lungsin,[ˈluŋ.sɪn]
lungsur,/ˈluŋsur/
lungsur,[ˈluŋ.sʊr]
luntang,[ˈlun.t̪aŋ]
luntang-lantung,/ˌluntaŋ ˈlantuŋ/
luntang-lantung,[ˌlun̪.t̪aŋ ˈlan̪.t̪ʊŋ]
luntur,/ˈlʊn.tʊr/
lunturi,/lʊnˈtu.ri/
lunturkan,/lʊnˈtʊr.kan/
lunula,/luˈnula/
lunula,[luˈnu.la]
lup,/ˈlup/
lup,[ˈlʊp̚]
lupa,/ˈlupa/
lupa,[ˈlu.pa]
lupakan,/luˈpakan/
lupakan,[luˈpa.kan]
lurah,/ˈlu.rah/
luring,/ˈluriŋ/
luring,[ˈlu.rɪŋ]
lurus,/lu.rus/
lusa,/ˈlusa/
lusa,[ˈlu.sa]
lusin,/ˈlusin/
lusin,[ˈlu.sɪn]
lutheranisme,/luthəraˈnismə/
lutheranisme,[lut̪̚.hə.raˈnis.mə]
lutut,/ˈlutut/
lutut,[ˈlu.t̪ʊt̪̚]
luwes,/ˈluwəs/
luwes,[ˈlu.wəs]
lwbp,/ɛl.weˈbe.pe/
lwbp,[ɛl.weˈbe.pe]
m,/m/
m,/ɛm/
maaf,/ˈmaaf/
maaf,[ˈma.(ʔ)af]
maafkan,/maˈafkan/
maafkan,[maˈaf.kan]
maba,/ˈmaba/
maba,[ˈma.ba]
mabar,/ˈmabar/
mabar,[ˈma.bar]
mabbim,/ˈma.bim/
mabbim,[ˈma.bɪm]
mabes,/ˈmabəs/
mabes,[ˈma.bəs]
mabuk,/ˈmabuk/
mabuk,[ˈma.bʊk̚]
macam,/ˈmat͡ʃam/
macam,[ˈma.t͡ʃam]
macan,[ˈmat͡ʃan]
macang,/ˈmat͡ʃaŋ/
macang,[ˈma.t͡ʃaŋ]
macet,/ˈmat͡ʃət/
macet,[ˈma.t͡ʃət̪̚]
machiavelianisme,/mat͡ʃhiavelianˈismə/
machiavelianisme,[ma.t͡ʃhi.a.fe.li.anˈis.mə]
mada,[ˈmada]
madah,[ˈmadah]
madam,/ˈma.dam/
madani,/maˈdani/
madani,[maˈda.ni]
madar,[ˈmadar]
madesu,/ˈmadəsu/
madesu,[ˈma.də.su]
madiyono,/madiˈjono/
madiyono,[ma.diˈjo.no]
madrasah,/madˈrasah/
madrasah,[mat̪̚ˈra.sah]
madrasah aliah,/madˌrasah aˈliah/
madrasah aliah,[madˌra.sah aˈli.ah]
madrasah sanawiah,/maˈdrasah sanaˈwiah/
madu,[ˈmadu]
madukara,/maduˈkara/
madukara,[ma.duˈka.ra]
madura,/maˈdura/
madura,[maˈdu.ra]
madya,/ˈmad.ja/
madya,[ˈmat̪̚.ja]
maestro,/maˈɛstro/
maestro,[maˈɛs.t̪ro]
mag,/ˈmah/
mag,/ˈmax/
magang,/ˈma.ɡaŋ/
magasin,[maˈɡasɪn]
magatama,/maɡaˈtama/
magatama,[ma.ɡaˈt̪a.ma]
mager,/ˈmaɡər/
magersari,/ma.ɡərˈsa.ri/
magersari,[ma.ɡərˈsa.ri]
magfirah,/maʔˈfirah/
magi,[ˈmaɡi]
magis,/ˈma.ɡɪs/
magister,/maˈɡistər/
magister,[maˈɡis.t̪ər]
magister terapan,/maˌɡistər təˈrapan/
magister terapan,[maˌɡis.t̪ər t̪əˈra.pan]
magisterium,/maɡistəˈrium/
magisterium,[ma.ɡis.t̪əˈri.ʊm]
magistrat,[maˈɡɪst̪rat̪̚]
magnet,/ˈmaɡnɛt/
magnet,[ˈmak̚.nɛt̪̚]
magnetik,/maɡˈnetik/
magnetik,[mak̚ˈne.t̪ɪk̚]
magnetis,/maɡˈnetis/
magnetis,[mak̚ˈne.t̪ɪs]
magnetograf,/maɡneˈtoɡraf/
magnetograf,[mak̚.neˈt̪o.ɡraf]
magnetometer,/maɡnetoˈmetər/
magnetometer,[mak̚.ne.t̪oˈme.t̪ər]
magnitudo,/makniˈtudo/
maha,/ˈmaha/
maha,[ˈma.ha]
maha-,/ma.ha/
mahadata,[mahadata]
mahaduta,/mahaˈduta/
mahaduta,[ma.haˈdu.t̪a]
mahaguru,/mahaˈɡuru/
mahaguru,[ma.haˈɡu.ru]
mahakarya,/mahaˈkarja/
mahakarya,[ma.haˈkar.ja]
mahakuasa,/mahakuasa/
mahal,/ˈmahal/
mahal,[ˈma.hal]
mahar,[ˈma.har]
maharaja,[mahaˈrad͡ʒa]
maharani,/mahaˈrani/
maharani,[ma.haˈra.ni]
mahardika,[maharˈdika]
mahasantri,/mahaˈsantri/
mahasantri,[ma.haˈsan̪.t̪ri]
mahasewa,/ma.haˈse.wa/
mahasewa,[ma.haˈse.wa]
mahasiswa,/mahaˈsiswa/
mahasiswa,[ma.haˈsis.wa]
mahir,/ˈma.hir/
mahir,[ˈma.hɪr]
mahkamah,/mahˈkamah/
mahkamah,[mahˈka.mah]
mahkamah militer,/mahˈkamah miˈlitɛr/
mahkota,/mahˈkota/
mahkota,[mahˈko.t̪a]
mahkota bunga,/mahˈkota ˈbuŋa/
mahligai,[mahˈli.ɡai̯]
maho,[ˈmaho]
mahoni,/maˈhoni/
mahoni,[maˈho.ni]
mahram,/ˈmahram/
mahu,/ˈmahu/
mahu,[ˈma.hu]
main,/ˈmain/
main,[ˈma.ɪn]
mainan,/maˈinan/
mainan,[maˈi.nan]
mainkan,/ma.in.kan/
maizena,/mai̯ˈzena/
maizena,[mai̯ˈze.na]
maja,/ˈmad͡ʒa/
majalah,/maˈd͡ʒalah/
majalah,[maˈd͡ʒa.lah]
majalengka,/mad͡ʒaˈleŋka/
majalengka,[ma.d͡ʒaˈleŋ.ka]
majas,/ˈmad͡ʒas/
majas,[ˈma.d͡ʒas]
majelis,/maˈd͡ʒəlɪs/
majemuk,/mad͡ʒəˈmuʔ/
majemuk,[ma.d͡ʒəˈmʊʔ]
majenun,/maˈd͡ʒənʊn/
majikan,/maˈd͡ʒikan/
majikan,[maˈd͡ʒi.kan]
maju,/ˈmad͡ʒu/
maju,[ˈma.d͡ʒu]
majusi,/maˈd͡ʒusi/
mak,[ˈpaʔ]
mak tua,/ˌmak ˈtua/
mak tua,[ˌmak̚ ˈt̪u.a]
maka,/ˈmaka/
maka,[ˈma.ka]
makakawin,[makaˈkawɪn]
makalah,/ma.ˈka.lah/
makam,/ˈmakam/
makam,[ˈma.kam]
makan,/ˈmakan/
makan,[ˈma.kan]
makan ampun,/ma.kan ˈam.pʊn/
makan angin,/ma.kan ˈa.ŋɪn/
makan malam,/ma.kan ˈma.lam/
makan-makan,/ˌmakan ˈmakan/
makan-makan,[ˌma.kan ˈma.kan]
makan-makanan,/ˌmakan maˈkanan/
makan-makanan,[ˌma.kan maˈka.nan]
makanan,/maˈkanan/
makanan,[maˈka.nan]
makanan laut,/maˌka.nan ˈla.ut/
makanan laut,[maˌka.nan ˈla.ʊt̪̚]
makanan ringan,/maˌkanan ˈriŋan/
makanan ringan,[maˌka.nan ˈri.ŋan]
makanan sampah,/ma.ka.nan ˈsam.pah/
makani,/maˈkani/
makani,[maˈka.ni]
makanin,/maˈka.nɪn/
makankan,/maˈkankan/
makankan,[maˈkan.kan]
makanlah,/ma.kanˈlah/
makanoneng,/makaˈnonəŋ/
makanoneng,[ma.kaˈno.nəŋ]
makar,/ˈmakar/
makara,/maˈkara/
makara,[maˈka.ra]
makaron,[maˈka.rɔn]
makaroni,/ma.ka.ˈro.ni/
makarun,[maˈka.rʊn]
makasih,/ma.ka.sɪh/
makassar,/maˈkasar/
makelar,[ma.kəˈlar]
maket,[ˈmakɛt]
makhluk,/ˈmaxluk/
makhluk,[ˈmax.lʊk̚]
makhluk hidup,/ˈmaxlʊk̚ ˈhidʊp̚/
maki,/ˈmaki/
maki,[ˈma.ki]
makisu,/maˈkisu/
makisu,[maˈki.su]
makjuj,/ˈmaʔd͡ʒud͡ʒ/
makjuj,[ˈmaʔ.d͡ʒʊd͡ʒ]
maklon,/ˈmaklon/
maklon,[ˈmak̚.lɔn]
maklum,/ˈmaʔlum/
maklum,[ˈmaʔ.lʊm]
maklumat,/maʔˈlumat̚/
maklun,/ˈmaklun/
maklun,[ˈmak̚.lʊn]
makmal,[ˈmaʔmal]
makmum,/ˈmaʔmʊm/
makmur,/ˈmak.mur/
makmur,[ˈmak̚.mʊr]
makna,/ˈmakna/
makna,/ˈmaʔna/
makro,/ˈmakro/
makro,[ˈmak̚.ro]
makro-,[makro]
makroekonomi,/makroəkoˈnomi/
makroekonomi,[mak̚.ro.ə.koˈno.mi]
makrofag,/makˈrofaɡ/
makrofag,[mak̚ˈro.fak̚]
makrokosmos,/mak.ro.ˈkɔs.mɔs/
maksi,[ˈmak̚si]
maksimal,/makˈsimal/
maksimal,[mak̚ˈsi.mal]
maksud,/ˈmaksud/
maksud,[ˈmak̚.sʊt̪̚]
maktab,/ˈmaktab/
maktab,[ˈmak̚.t̪ap̚]
maktub,/ˈmaktub/
maktub,[ˈmak̚.t̪ʊp̚]
makula,/maˈkula/
makula,[maˈku.la]
mal,[ˈmal]
mala,[mala]
mala-,[mala]
maladewa,[malaˈdewa]
malaformasi,/malaforˈmasi/
malaformasi,[ma.la.forˈma.si]
malaikat,/maˈlai̯kat/
malaikat,[maˈlai̯.kat̪̚]
malaikat agung,/malaˌikat ˈaɡuŋ/
malaikat agung,[ma.laˌi.kat̪̚ ˈa.ɡʊŋ]
malaikatkan,/malai̯ˈkatkan/
malaikatkan,[ma.lai̯ˈkat̪̚.kan]
malaise,/maˈlai̯sə/
malaise,[maˈlai̯.sə]
malaka,/ma.ˈla.ka/
malam,/ˈmalam/
malam,[ˈma.lam]
malam kudus,/ˌma.lam ˈku.dus/
malam kudus,[ˌma.lam ˈku.dʊs]
malam pertama,/ˈma.lam pər.ˈta.ma/
malang,/ˈma.laŋ/
malang,/ˈmalaŋ/
malang,[ˈma.laŋ]
malanutritisi,/malanutriˈtisi/
malanutritisi,[ma.la.nut̪̚.riˈt̪i.si]
malapetaka,/malapəˈtaka/
malapetaka,[ma.la.pəˈt̪a.ka]
malaria,[maˈlaria̯]
malas,/ˈmalas/
malat,/ˈmalat̚/
malaydesh,/maˈlai̯dɛʃ/
malaysia,/maˈlajsia/
malaysia,[maˈlai̯.si.a]
maleakhi,/malɛˈaxi/
maleakhi,[ma.lɛˈa.xi]
malem,/ma.ləm/
maleo,/maˈleo/
maleo,[maˈle.o]
malformasi,/malforˈmasi/
malformasi,[mal.forˈma.si]
malik,/ˈma.lɪʔ/
maling,/ˈmaliŋ/
maling,[ˈma.lɪŋ]
malingsia,/mälɪŋ.sia/
malingsial,/mälɪŋ.sial/
maljum,/ˈmal.d͡ʒum/
maljum,[ˈmal.d͡ʒʊm]
malming,/ˈmalmiŋ/
malming,[ˈmal.mɪŋ]
malon,/ˈma.lɔn/
malu,/ˈmalu/
malu,[ˈma.lu]
malu-malu,/ˌmalu ˈmalu/
malu-malu,[ˌma.lu ˈma.lu]
malwer,/ˈmalwɛr/
malwer,[ˈmal.wɛr]
mama,/ˈmama/
mama,[ˈma.ma]
mamalia,/mamaˈlia/
mamalia,[ma.maˈli.a]
mambruk,/ˈmambruk/
mambruk,[ˈmam.brʊk̚]
mamilari,/mamiˈlari/
mamilari,[ma.miˈla.ri]
mampu,/mampu/
mampus,/ˈmampus/
mampus,[ˈmam.pʊs]
man,[ˈman]
mana,/ˈmana/
mana,[ˈma.na]
manajemen,[manad͡ʒəˈmɛn]
manajemen data,[manad͡ʒəˈmɛn ˈdata]
manajer,/ma.ˈna.d͡ʒər/
manakala,/manaˈkala/
manakala,[ma.naˈka.la]
manca-,/mant͡ʃa/
manca-,[maɲ.t͡ʃa]
mancakrida,/mant͡ʃaˈkrida/
mancakrida,[maɲ.t͡ʃaˈkri.da]
mancanegara,/mant͡ʃanəˈɡara/
mancanegara,[maɲ.t͡ʃa.nəˈɡa.ra]
mandala,/manˈdala/
mandala,[manˈda.la]
mandalika,[mand̪aˈlika]
mandam,[ˈmandam]
mandar,/ˈmandar/
mandar,[ˈman.dar]
mandarin,[manˈdarɪn]
mandat,/ˈmandat/
mandat,[ˈman.dat̪̚]
mandati,/manˈdati/
mandati,[manˈda.t̪i]
mandi,/ˈmandi/
mandi,[ˈman.di]
mandiri,/manˈdiri/
mandiri,[manˈdi.ri]
mandor,[ˈman.dɔr]
mandraguna,/man.dra.ˈɡu.na/
mandu,/ˈmʌn.dʊ/
maneken,[manəˈkɛn]
manen,/ˈmanɛn/
manen,[ˈma.nɛn]
manfaat,[män.fä.ʔät̚]
manfaat takaful,/manˌfaat taˈkaful/
manfaat takaful,[manˌfa.(ʔ)at̪̚ t̪aˈka.fʊl]
manfaatkan,/manfaˈʔatkan/
manfaatkan,[man.faˈʔat̪̚.kan]
manga,/ˈma.ŋa/
manga,/ˈman.ɡa/
manga yonkoma,/ma.ŋa jɔn.kɔ.ma/
manga yonkoma,/man.ɡa jɔn.kɔ.ma/
mangaka,/manˈɡa.ka/
mangaka,/maˈŋa.ka/
manggar,/ˈmaŋɡar/
manggar,[ˈmaŋ.ɡar]
manggil,/ˈmaŋɡil/
manggil,[ˈmaŋ.ɡɪl]
manggis,/ˈmaŋ.ɡis/
manggis,[ˈmaŋ.ɡɪs]
manggut,/ˈmaŋɡut/
manggut,[ˈmaŋ.ɡʊt̪̚]
manggut-manggut,/ˌmaŋɡut ˈmaŋɡut/
manggut-manggut,[ˌmaŋ.ɡʊt̪̚ ˈmaŋ.ɡʊt̪̚]
mangkasar,/maŋˈkasar/
mangkat,/ˈmaŋkat̚/
mangkok,/ˈmaŋkok/
mangkok,[ˈmaŋ.kɔk̚]
mangkuk,/ˈmaŋkuk/
mangkuk,[ˈmaŋ.kʊk̚]
mangrove,/maŋˈrovə/
mangrove,[maŋˈro.fə]
mangsa,/ˈmaŋ.sa/
mangun,/ˈmaŋun/
mangun,[ˈma.ŋʊn]
mangut,/ˈmaŋʊt/
mangut,[ˈmaŋʊt̪̚]
manhaj,/ˈmanhad͡ʒ/
manhaj,[ˈman.had͡ʒ]
manhua,/manˈhua/
manhua,[manˈhu.a]
manhwa,/ˈmanhwa/
manhwa,[ˈmanh.wa]
mani,[ˈmani]
manifes,[maˈnifɛs]
manifestasi,/manifɛsˈtasi/
manifestasi,[ma.ni.fɛsˈt̪a.si]
manifesto,/maniˈfɛstɔ/
manifesto,[ma.niˈfɛs.t̪ɔ]
manik,[ˈmanɪk]
manikam,[ˈma.ni.kam]
manila,/maˈnila/
manila,[maˈni.la]
manipulasi,/manipuˈlasi/
manipulasi,[ma.ni.puˈla.si]
manipulasiin,/ma.ni.pu.laˈsi.ʔɪn/
manipulasikan,/ma.ni.pu.laˈsi.kan/
manipulator,/ma.ni.puˈla.tɔr/
manis,/ˈmanis/
manis,[ˈma.nɪs]
manisan,/maˈni.san/
manja,/ˈmand͡ʒa/
manja,[ˈmaɲ.d͡ʒa]
manjalang,/maɲˈd͡ʒa.laŋ/
manjanik,/maɲˈd͡ʒa.nɪʔ/
manjusri,/manˈd͡ʒusri/
manjusri,[maɲˈd͡ʒus.ri]
manova,/maˈno.va/
manova,[maˈno.fa]
manset,/ˈman.sɛt̚/
manset lengan,/man.sɛt̚ ləˈŋan/
mansur,/ˈman.sur/
mansur,[ˈman.sʊr]
mantan,/ˈmantan/
mantap,/ˈmantap̚/
mantel,/ˈman.təl/
manten,[ˈmant̪ɛn]
manti,/ˈmanti/
mantila,/manˈtila/
mantila,[man̪ˈt̪i.la]
mantra,/ˈmantra/
mantra,[ˈman̪.t̪ra]
mantri,/ˈmantri/
mantri,[ˈman̪.t̪ri]
mantri hutan,/ˌmantri ˈhutan/
mantri hutan,[ˌman̪.t̪ri ˈhu.t̪an]
mantri kesehatan,/ˌmantri kəseˈhatan/
mantri kesehatan,[ˌman̪.t̪ri kə.seˈha.t̪an]
mantri pajak,/ˌmantri ˈpad͡ʒak/
mantri pajak,[ˌman̪.t̪ri ˈpa.d͡ʒak̚]
mantri pengairan,/ˌmantri pəŋaˈiran/
mantri pengairan,[ˌman̪.t̪ri pə.ŋaˈi.ran]
mantri ukur,/ˌmantri ˈukur/
mantri ukur,[ˌman̪.t̪ri ˈu.kʊr]
mantu,/ˈmantu/
mantu,[ˈman̪.t̪u]
mantul,/ˈmantʊl/
manual,[maˈnu.al]
manufaktur,/ma.nu.ˈfak.tʊr/
manuk,/ˈmanuʔ/
manuk,[ˈma.nʊʔ]
manunggal,[maˈnʊŋɡal]
manusia,[maˈnusia̯]
manusiakan,/manusiˈakan/
manusiakan,[ma.nu.siˈa.kan]
manuskrip,[maˈnuskrɪp̚]
manuver,/ma.ˈnu.vər/
manyun,/ˈmaɲun/
manyun,[ˈma.ɲʊn]
manyung,/ˈmaɲuŋ/
manyung,[ˈma.ɲʊŋ]
maoisme,/maˈwismə/
maoisme,[maˈwis.mə]
map,/ˈmap/
map,[ˈmap̚]
mapel,/ma.pəl/
mara,[ˈma.ra]
marah,/ˈmarah/
marah,[ˈma.rah]
marak,/ˈmarak/
marak,[ˈma.rak̚]
marcapada,[mart͡ʃaˈpada]
mardiyanto,/mardiˈjanto/
mardiyanto,[mar.diˈjan̪.t̪o]
mardomu,/marˈdomu/
mardomu,[marˈdo.mu]
mare,/ˈmarə/
mare,[ˈma.rə]
maret,/ˈmarət/
maret,[ˈma.rət̪̚]
marga,/ˈmarɡa/
marga,[ˈmar.ɡa]
margarin,/marˈɡarɪn/
margasatwa,/mar.ɡa.ˈsat.wa/
margin,/ˈmar.ɡɪn/
marhaban,/marˈhaban/
marhabanan,/marhaˈbanan/
marhaen,[marˈhaen]
marhaenis,[marhaˈenɪs]
marhaenisme,[marhaenˈɪsmə]
mari,/ˈmari/
mari,[ˈma.ri]
maria,/ma.ˈri.a/
maria,/maˈria/
maria,[maˈri.a]
marinade,/mariˈnadə/
marinade,[ma.riˈna.də]
marinasi,[ma.ri.na.si]
marinir,[maˈrinɪr]
maritim,/maˈritim/
maritim,[maˈri.t̪ɪm]
mariyuana,/ma.ri.juˈa.na/
markah,[ˈmar.kah]
markas,/ˈmar.kas/
markas besar,/ˌmarkas bəˈsar/
markas besar,[ˌmar.kas bəˈsar]
markonis,[marˈko.nɪs]
markus,/ˈmarkus/
markus,[ˈmar.kʊs]
marmelade,[marməˈlad̪ə]
marmer,/ˈmarmər/
maroko,/ma.ˈro.ko/
mars,/ˈmars/
mars,[ˈmars]
marsekal,[marsəˈkal]
marsepen,/ˈmar.sə̂.pɛn/
marsepen,[ˈmar.sə̂.pɛn]
marsose,[marˈso.se]
marsudirini,/mar.su.diˈri.ni/
marsudirini,[mar.su.diˈri.ni]
martabak,[marˈtabak̚]
martabak bandung,/marˌtabak ˈbanduŋ/
martabak bandung,[marˌt̪a.bak̚ ˈban.dʊŋ]
martabak bangka,/marˌtabak ˈbaŋka/
martabak bangka,[marˌt̪a.bak̚ ˈbaŋ.ka]
martabat,/marˈtabat/
martabat,[marˈt̪a.bat̪̚]
martadinata,/martadiˈnata/
martadinata,[mar.t̪a.diˈna.t̪a]
martil,[ˈmartɪl]
martir,[ˈmar.tɪr]
marun,/ˈmarun/
marun,[ˈma.rʊn]
marus,[ˈmarʊs]
maryam,/ˈmar.jam/
mas,/ˈmas/
mas,[ˈmas]
masa,[ˈmasa]
masa keemasan,/ˌmasa kəəˈmasan/
masa keemasan,[ˌma.sa kə.(ʔ)əˈma.san]
masa kejayaan,/ˌmasa kəd͡ʒaˈjaan/
masa kejayaan,[ˌma.sa kə.d͡ʒaˈja.(ʔ)an]
masa tenggang,/ˈmasa təŋˈɡaŋ/
masak,/ˈmasaʔ/
masak,[ˈma.saʔ]
masakan,/maˈsak̚an/
masalah,/masˈʔalah/
masalah,/maˈsalah/
masalah,[masˈʔa.lah]
masalah,[maˈsa.lah]
masam,/ˈmasam/
masehi,/maˈsehi/
masehi,[maˈse.hi]
masif,/ˈmasif/
masif,[ˈma.sɪf]
masifkan,/maˈsifkan/
masifkan,[maˈsif.kan]
masih,/ˈmasih/
masih,[ˈma.sɪh]
masin,[maˈsɪn]
masing-masing,/ma.siŋ ˈma.siŋ/
masinis,[maˈsi.nɪs]
masjid,/məsˈd͡ʒid/
masjid,/ˈmasd͡ʒid/
masjid,[məsˈd͡ʒɪt̪̚]
masjid,[ˈmas.d͡ʒɪt̪̚]
maskapai,[masˈkapai̯]
maskara,[masˈka.ra]
masker,/maskər/
masker bedah,/mas.kər.bə.dah/
masokhis,/maˈsokis/
masokhis,/maˈsoxis/
masokhis,[maˈso.kɪs]
masokhis,[maˈso.xɪs]
masokhisme,/masoˈkismə/
masokhisme,/masoˈxismə/
masokhisme,[ma.soˈkis.mə]
masokhisme,[ma.soˈxis.mə]
masokisme,/ma.soˈkis.mə/
masokisme,[ma.soˈkis.mə]
massa,[ˈma(s).sa]
massa jenis,/ˈmassa d͡ʒəˈnɪs/
massal,/ˈmasal/
massal,[ˈma.sal]
mastautin,/masˈtau̯tɪn/
master,/ˈmastər/
master,[ˈmas.t̪ər]
masturbasi,/mastʊrˈbasi/
masuk,/ˈmasuk/
masuk,/ˈmasuʔ/
masuk,[ˈma.sʊk̚]
masuk,[ˈma.sʊʔ]
masukan,/maˈsukan/
masukan,[maˈsu.kan]
masuklah,/maˈsuʔlah/
masuklah,[maˈsuʔ.lah]
masyarakat,/maʃaˈrakat/
masyarakat,[ma.ʃaˈra.kat̪̚]
mata,/ˈmata/
mata,[ˈma.t̪a]
mata air,[ˈmata ˈʔaɪr]
mata bor,[mata bɔr]
mata ikan,/ma.ta ˈi.kan/
mata pisau,/ˈmata ˈpisau/
mata uang,/ˌmata ˈuaŋ/
mata uang,[ˌma.t̪a ˈu.aŋ]
mata uang kripto,/ˌmata ˌuaŋ ˈkripto/
mata uang kripto,/ˌmata ˌʔuaŋ ˈkripto/
mata uang kripto,[ˌma.t̪a ˌu.aŋ ˈkrip̚.t̪o]
mata uang kripto,[ˌma.t̪a ˌʔu.aŋ ˈkrip̚.t̪o]
mata-mata,/ˌmata ˈmata/
mata-mata,[ˌma.t̪a ˈma.t̪a]
mata-mataan,/ma.ta.maˈta.ʔan/
matahari,/mataˈhari/
matahari,[ma.t̪aˈha.ri]
matang,/ˈmataŋ/
matang,[ˈma.t̪aŋ]
matematika,[mateˈmatika]
matematika murni,[matemaˈtika ˈmʊrni]
matematika terapan,[matemaˈtika təˈrapan]
matematikawan,/matəmatiˈkawan/
matematikawan,[ma.t̪ə.ma.t̪iˈka.wan]
materai,/ma.tə.rai/
materi,/maˈteri/
material,/mateˈrial/
material,[ma.t̪eˈri.al]
materialis,/materiˈalis/
materialis,[ma.t̪e.riˈa.lɪs]
materialisasi,/materialiˈsasi/
materialisasi,[ma.t̪e.ri.a.liˈsa.si]
materialisme,/materiaˈlismə/
materialisme,[ma.t̪e.ri.aˈlis.mə]
materialisme dialektis,/materiaˌlismə diaˈlɛktis/
materialisme dialektis,[ma.t̪e.ri.aˌlis.mə di.aˈlɛk̚.t̪ɪs]
materialistis,/materiaˈlistis/
materialistis,[ma.t̪e.ri.aˈlis.t̪ɪs]
materiel,/mateˈri(ə)l/
materiil,[mateˈriɪl]
maternal,[matərˈnal]
mati,/ˈmati/
mati,[ˈma.t̪i]
mati pucuk,/ˌma.ti ˈpu.t͡ʃuk/
mati pucuk,[ˌma.t̪i ˈpu.t͡ʃʊk̚]
mati-matian,/ˌmati maˈtian/
mati-matian,[ˌma.t̪i maˈt̪i.an]
matikan,/maˈtikan/
matikan,[maˈt̪i.kan]
matius,/maˈtius/
matius,[maˈt̪i.ʊs]
matkul,/mat.kʊl/
matpel,/mat.pəl/
matra,[ˈmat̚ra]
matras,/ˈmatras/
matras,[ˈmat̪̚.ras]
matrioska,/matriˈoska/
matrioska,[ma.t̪riˈos.ka]
matros,[ˈmat̚.rɔs]
matsuri,/matˈsuri/
matsuri,[mat̪̚ˈsu.ri]
mau,/ˈmau̯/
mau,[ˈmau̯]
mau tak mau,/mau̯ ˈtaʔ mau̯/
mau tidak mau,/mau̯ tiˈdaʔ mau̯/
mau-mau,/ˌmau̯ ˈmau̯/
mau-mau,[ˌmau̯ ˈmau̯]
maui,/maˈui/
maui,[maˈu.i]
maukan,/maˈukan/
maukan,[maˈu.kan]
maulana,/mauˈlana/
maulana,[ma.uˈla.na]
maulid,/ˈmau̯lid/
maulid,[ˈmau̯.lɪt̪̚]
maut,/ˈmaut/
maut,[ˈma.ʊt̪̚]
mawadah,/maˈwadah/
mawadah,[maˈwa.dah]
mawar,/ˈmawar/
mawar,[ˈma.war]
mawas,/ˈma.was/
mawas,[ˈma.was]
maxwin,/ˈmekswin/
maxwin,[ˈmeks.wɪn]
maya,/ˈmaja/
maya,[ˈma.ja]
mayam,[majam]
mayat,/ˈmajat/
mayat,[ˈma.jat̪̚]
mayit,/ˈmajit/
mayit,[ˈma.jɪt̪̚]
mayones,/maˈjo.nɛs/
mayones,[maˈjo.nɛs]
mayor,/ˈmajor/
mayor,[ˈma.jɔr]
mayoritas,[majoˈrit̪as]
mayoritas diam,/majoˈritas ˈdiam/
mazbah,/ˈmazbah/
mazhab,/ˈmazhab/
mazhab,[ˈmaz.hap̚]
mazmur,/ˈmaz.mur/
mazmur,[ˈmaz.mʊr]
mbah google,/mbah.ɡu.ɡəl/
mbak,/mbaʔ/
mbo,/ɛm.ˈbe.o/
mbojo,/ˈmbojo/
me-,/mə/
mebel,/ˈmebəl/
mebel,[ˈme.bəl]
mecin,/ˈmɛt͡ʃin/
mecin,[ˈmɛ.t͡ʃɪn]
medali,[məˈdali]
medali emas,/mə.ˈda.li ə.ˈmas/
medali perak,/mə.ˈda.li ˈpe.rak/
medali perunggu,/mə.ˈda.li pə.ˈrʊŋ.ɡu/
medan,/ˈmɛdan/
media,[ˈmedia̯]
median,[meˈdian]
medikasi,[mɛd̪iˈkasi]
medis,[ˈmɛdis]
meditasi,[mɛd̪iˈt̪asi]
mediterania,/mɛ.di.tə.raˈni.a/
mediterania,[mɛ.di.t̪ə.raˈni.a]
medium,[meˈdiʊm]
medsos,/mədˈsos/
medsos,[mət̪̚ˈsɔs]
mega,/ˈmeɡa/
mega,[ˈme.ɡa]
mega-,[mɛɡa]
megafon,/meˈɡa.fɔn/
mei,/ˈmei̯/
mei,[ˈmei̯]
meiosis,/meiˈosis/
meiosis,[me.iˈo.sɪs]
meja,/ˈmed͡ʒa/
meja,[ˈme.d͡ʒa]
meja hijau,[ˈmɛd͡ʒa ˈhid͡ʒau̯]
mejikom,/meˈd͡ʒi.kom/
mejikom,[meˈd͡ʒi.kɔm]
mejikuhibiniu,/med͡ʒikuhibiˈniu/
mejikuhibiniu,[me.d͡ʒi.ku.hi.biˈni.u]
meka,[ˈmɛka]
mekanik,[mɛˈkanɪk]
mekanika,[mɛkaˈnika]
mekanika fluida,/meˌka.ni.ka fluˈi.da/
mekanika fluida,[meˌka.ni.ka fluˈi.da]
mekanis,[mɛˈkanɪs]
mekanisme,[mɛkaˈnɪsmə]
mekar,/məˈkar/
mekar,[məˈkar]
meki,/ˈmɛ.ki/
melabur,[məˈlabʊr]
meladeni,/məˈladəni/
meladeni,[məˈla.də.ni]
melainkan,/məlaˈinkan/
melainkan,[mə.laˈin.kan]
melaksanakan,[məlaksaˈnakan]
melalui,/mə.laˈlu.i/
melambai,/məˈlambai̯/
melambai,[məˈlam.bai̯]
melambat,/məˈlambat/
melambat,[məˈlam.bat̪̚]
melambat-lambatkan,/məˌlambat lamˈbatkan/
melambat-lambatkan,[məˌlam.bat̪̚ lamˈbat̪̚.kan]
melambatkan,/məlamˈbatkan/
melambatkan,[mə.lamˈbat̪̚.kan]
melambung,/məˈlambuŋ/
melambung,[məˈlam.bʊŋ]
melangkah,/məˈlaŋkah/
melangkah,[məˈlaŋ.kah]
melanjutkan,/məlanˈd͡ʒutkan/
melanjutkan,[mə.laɲˈd͡ʒut̪̚.kan]
melansir,/mə.ˈlan.sɪr/
melantarkan,/mə.lanˈtar.kan/
melantik,/məˈlantik/
melantik,[məˈlan̪.t̪ɪk̚]
melarikan,/mə.laˈri.kan/
melarikan diri,/mə.la.ri.kan ˈdi.ri/
melarikan nyawa,/mə.la.ri.kan ˈɲa.wa/
melarikan untung,/mə.la.ri.kan ˈun.tʊŋ/
melati,/məˈlati/
melati,[məˈla.t̪i]
melawak,/məˈlawaʔ/
melawak,[məˈla.waʔ]
melawak-lawak,/məˌlawaʔ ˈlawaʔ/
melawak-lawak,[məˌla.waʔ ˈla.waʔ]
melawan hukum,/məˈlawan ˈhukʊm/
melawas,/məˈlawas/
melawas,[məˈla.was]
melayang,/məˈlajaŋ/
melayang,[məˈla.jaŋ]
melayu,/məˈla.ju/
melayu,/məˈlaju/
melayu,[məˈla.ju]
melayukan,/məlaˈjukan/
melayukan,[mə.laˈju.kan]
melecek,/məˈlet͡ʃɛʔ/
melecek,[məˈle.t͡ʃɛʔ]
melek,/məˈlɛk/
melek,[məˈlɛk̚]
melekas,/mələˈkas/
melekaskan,/mələkaskan/
meleleh,/məˈlɛ.lɛh/
meleleh-leleh,/mə.lɛ.lɛhˈlɛ.lɛh/
melendut,/mə.lənˈdʊt̚/
melengser,/məˈleŋser/
melengser,[məˈleŋ.sɛr]
melepak,/ˈmələpak/
melepak,[ˈmə.lə.pak̚]
melepas,/ˈmələpas/
melepas,[ˈmə.lə.pas]
melepaskan,/mələˈpaskan/
melepaskan,[mə.ləˈpas.kan]
melepek,/ˈmələpək/
melepek,[ˈmə.lə.pək̚]
meletak,/ˈmələtak/
meletak,[ˈmə.lə.t̪ak̚]
meletakkan,/mələˈtakan/
meletakkan,[mə.ləˈt̪a.kan]
meletus,/mələtus/
melewati,/mə.leˈwa.ti/
melewatkan,/mə.leˈwat̚.kan/
melibat,/məˈlibat/
melibat,[məˈli.bat̪̚]
meliburkan,[məliˈbʊrkan]
melihat,/məˈlihat/
melihat,[məˈli.hat̪̚]
melihati,/mə.liˈha.ti/
melindungi,/məlinˈduŋi/
melindungi,[mə.linˈdu.ŋi]
melinggis,/məˈliŋ.ɡɪs/
melintang,/məˈlintaŋ/
melintang,[məˈlin̪.t̪aŋ]
mellotron,/meˈlotron/
mellotron,[meˈlot̪̚.rɔn]
meloka,/məˈloka/
meloka,[məˈlo.ka]
melokalisasi,/məlokaliˈsasi/
melokalisasi,[mə.lo.ka.liˈsa.si]
melokalisasikan,/məlokalisaˈsikan/
melokalisasikan,[mə.lo.ka.li.saˈsi.kan]
melokalisir,/məlokaˈlisir/
melokalisir,[mə.lo.kaˈli.sɪr]
melokalkan,/məloˈkalkan/
melokalkan,[mə.loˈkal.kan]
melompat,/məˈlɔm.pat̚/
melompat-lompat,/mə.lɔm.pat̚.lɔm.pat̚/
melompati,/mə.lɔmˈpa.ti/
melompatkan,/mə.lɔmˈpat̚.kan/
melon,/məˈlon/
melon,[məˈlon]
melonjong,/məˈlɔɲ.d͡ʒɔŋ/
melucutkan,/məluˈt͡ʃutkan/
melucutkan,[mə.luˈt͡ʃut̪̚.kan]
melukai,/məˈlukai̯/
melukai,[məˈlu.kai̯]
melukis,/məˈlukis/
melukis,[məˈlu.kɪs]
melukiskan,/məluˈkiskan/
melukiskan,[mə.luˈkis.kan]
melukut,[məˈlu.kʊt̚]
melulu,/məˈlu.lu/
melulu,[məˈlu.lu]
melulur,/məˈlulur/
melulur,[məˈlu.lʊr]
melumpuhkan,/məlumˈpuhkan/
melumpuhkan,[mə.lumˈpuh.kan]
meluncurkan,/məlunˈt͡ʃurkan/
meluncurkan,[mə.luɲˈt͡ʃur.kan]
meluntur,/məˈlʊn.tʊr/
melupakan,/mə.luˈpa.kan/
melutut,/məˈlutut/
melutut,[məˈlu.t̪ʊt̪̚]
mem-,/məm/
memaafkan,/məmaˈafkan/
memaafkan,[mə.maˈaf.kan]
memadu,/məˈmadu/
memadu,[məˈma.du]
memagari,/məmaˈɡari/
memagari,[mə.maˈɡa.ri]
memahami,/mə.maˈha.mi/
memakai,/məˈmakai̯/
memakai,[məˈma.kai̯]
memakan,/məˈmakan/
memakan,[məˈma.kan]
memakani,/məmaˈkani/
memakani,[mə.maˈka.ni]
memakankan,/məmaˈkankan/
memakankan,[mə.maˈkan.kan]
memaki,/məˈmaki/
memaki,[məˈma.ki]
memalaikatkan,/mə.ma.lai̯ˈkat̚.kan/
memalukan,/məmaˈlukan/
memalukan,[mə.maˈlu.kan]
memandai,/məˈman.dai̯/
memandai-mandai,/mə.man.dai̯ˈman.dai̯/
memandang,/məˈmandaŋ/
memandang,[məˈman.daŋ]
memandangi,/məmanˈdaŋi/
memandangi,[mə.manˈda.ŋi]
memandati,/məmanˈdati/
memandati,[mə.manˈda.t̪i]
memandu,/məˈmandu/
memandu,[məˈman.du]
memanen,/məˈma.nɛn/
memaneni,/məˈma.nɛ.ni/
memanfaatkan,/məmanfaˈatkan/
memanfaatkan,[mə.man.faˈat̪̚.kan]
memang,/ˈmemaŋ/
memang,[ˈme.maŋ]
memanggang,/məˈmaŋɡaŋ/
memanggang,[məˈmaŋ.ɡaŋ]
memanggil,/məˈmaŋɡil/
memanggil,[məˈmaŋ.ɡɪl]
memanggil-manggil,/məˌmaŋɡil ˈmaŋɡil/
memanggil-manggil,[məˌmaŋ.ɡɪl ˈmaŋ.ɡɪl]
memanggilkan,/məmaŋˈɡilkan/
memanggilkan,[mə.maŋˈɡil.kan]
memangku,/məˈmaŋku/
memanipulasi,/mə.ma.ni.puˈla.si/
memanipulasikan,/məmanipulaˈsikan/
memanipulasikan,[mə.ma.ni.pu.laˈsi.kan]
memanjakan,/məmanˈd͡ʒakan/
memanjakan,[mə.maɲˈd͡ʒa.kan]
memanjang,/məˈmand͡ʒaŋ/
memanjang,[məˈmaɲ.d͡ʒaŋ]
memanjat,/məˈmaɲ.d͡ʒat̚/
memanjati,/mə.maɲˈd͡ʒa.ti/
memanjatkan,/mə.maɲˈd͡ʒat̚.kan/
memantau,/məˈmantau̯/
memanusiakan,/məmanusiˈakan/
memanusiakan,[mə.ma.nu.siˈa.kan]
memapak,/məˈmapak/
memapak,[məˈma.pak̚]
memapan,/məˈma.pan/
memapan,[məˈma.pan]
memapar,[məˈmapar]
memaparkan,[məmaˈparkan]
memasak,/məˈmasak/
memasak,[məˈma.sak̚]
memasang,/məmasaŋ/
memasangkan,/məmaˈsaŋkan/
memasangkan,[mə.maˈsaŋ.kan]
memasanglah,/məmaˈsaŋlah/
memasanglah,[mə.maˈsaŋ.lah]
memasifkan,/məmaˈsifkan/
memasifkan,[mə.maˈsif.kan]
memaster,/məˈmastər/
memaster,[məˈmas.t̪ər]
mematahkan,/məmaˈtahkan/
mematikan,/məmaˈtikan/
mematikan,[mə.maˈt̪i.kan]
mematuhi,/mə.maˈtu.hi/
memau-mau,/mə.mau̯ˈmau̯/
memaui,/məmaˈui/
memaui,[mə.maˈu.i]
memaukan,/məˈmau̯.kan/
membaca,/məmˈbat͡ʃa/
membaca,[məmˈba.t͡ʃa]
membaca-baca,/məmˌbat͡ʃa ˈbat͡ʃa/
membaca-baca,[məmˌba.t͡ʃa ˈba.t͡ʃa]
membacai,/məmbaˈt͡ʃai/
membacai,[məm.baˈt͡ʃa.i]
membacakan,/məmbaˈt͡ʃakan/
membacakan,[məm.baˈt͡ʃa.kan]
membadut,/məmˈba.dʊt̚/
membagi,/məmˈbaɡi/
membagi,[məmˈba.ɡi]
membagi-bagi,/məmˌbaɡi ˈbaɡi/
membagi-bagi,[məmˌba.ɡi ˈba.ɡi]
membagikan,/məmbaˈɡikan/
membagikan,[məm.baˈɡi.kan]
membaguskan,/məmbaˈɡuskan/
membaguskan,[məm.baˈɡus.kan]
membahas,/məmˈbahas/
membahas,[məmˈba.has]
membaik,/məmˈba.ik/
membakar,/məm.ba.kar/
membalap,/məmˈbalap/
membalap,[məmˈba.lap̚]
membalapkan,/məmbaˈlapkan/
membalapkan,[məm.baˈlap̚.kan]
membandarkan,/məmbanˈdarkan/
membandarkan,[məm.banˈdar.kan]
membangun,/məmˈba.ŋun/
membangun,[məmˈbä.ŋʊn]
membanguni,/məm.baˈŋu.ni/
membangunkan,/məm.baˈŋun.kan/
membantah,/məm.ban.tah/
membanting,/məmˈbantiŋ/
membanting,[məmˈban̪.t̪ɪŋ]
membantingkan,/məmbanˈtiŋkan/
membantingkan,[məm.ban̪ˈt̪iŋ.kan]
membantu,[məmˈbant̪u]
membanyak,/məmˈba.ɲak/
membanyak,[məmˈba.ɲak̚]
membasahi,/məmbaˈsahi/
membasahi,[məm.baˈsa.hi]
membasuh,/məmˈbasuh/
membasuh,[məmˈba.sʊh]
membata,/məmˈba.ta/
membata,[məmˈba.t̪a]
membatas,/məmˈba.tas/
membatas,[məmˈba.t̪as]
membatasi,/məm.baˈta.si/
membatasi,[məm.baˈt̪a.si]
membatik,/məmˈbatiʔ/
membatik,[məmˈba.t̪ɪʔ]
membawa,/məmˈbawa/
membawa,[məmˈba.wa]
membayang,/məmˈbajaŋ/
membayang,[məmˈba.jaŋ]
membayang-bayangi,/məmˌbajaŋ baˈjaŋi/
membayang-bayangi,[məmˌba.jaŋ baˈja.ŋi]
membayang-bayangkan,/məmˌbajaŋ baˈjaŋkan/
membayang-bayangkan,[məmˌba.jaŋ baˈjaŋ.kan]
membayangi,/məmbaˈjaŋi/
membayangi,[məm.baˈja.ŋi]
membayangkan,/məmbaˈjaŋkan/
membayangkan,[məm.baˈjaŋ.kan]
membayar,/məmˈbajar/
membayar,[məmˈba.jar]
membedakan,/məmbeˈdakan/
membedakan,[məm.beˈda.kan]
membedaki,/məmbəˈdaki/
membedaki,[məm.bəˈda.ki]
membelanjai,/məm.bə.laɲˈd͡ʒai̯/
membelenggu,/məm.bə.ləŋˈɡu/
membeli,/ˈməmbəli/
membeli,[ˈməm.bə.li]
membelu-belai,/ˌməmbəlu bəˈlai̯/
membelu-belai,[ˌməm.bə.lu bəˈlai̯]
membenahi,/məmbəˈnahi/
membenahi,[məm.bəˈna.hi]
membenang,/ˈməm.bə.naŋ/
membenang,[ˈməm.bə.naŋ]
membengkak,/məmbəŋˈkaʔ/
membengkak,[məm.bəŋˈkaʔ]
memberantakkan,/məm.bə.ran.tak.kan/
memberat,/ˈməmbərat/
memberat,[ˈməm.bə.rat̪̚]
membereskan,/məmbɛˈrɛskan/
membereskan,[məm.bɛˈrɛs.kan]
memberhasilkan,/məmbərhaˈsilkan/
memberhasilkan,[məm.bər.haˈsil.kan]
memberhentikan,/məmbərhənˈtikan/
memberi tahu,/məm.bə.ri ˈta.(h)u/
memberikan,/məm.bəˈri.kan/
memberitahu,/məm.bə.riˈta.(h)u/
memberitahukan,/məm.bə.ri.taˈ(h)u.kan/
memberkahi,/məmbərˈkahi/
memberkahi,[məm.bərˈka.hi]
memberkati,/məmbərˈkati/
memberkati,[məm.bərˈka.t̪i]
membersihkan,/məmbərˈsihkan/
membersihkan,[məm.bərˈsih.kan]
membertahukan,/məm.bər.taˈ(h)u.kan/
membesar,/məmbəˈsar/
membesar,[məm.bəˈsar]
membesar-besar,/məm.bə.sar.bəˈsar/
membeton,/məmbəˈton/
membeton,[məm.bəˈt̪on]
membiasakan,/məm.bi.aˈsa.kan/
membilah,/məmˈbi.lah/
membilah,[məmˈbi.lah]
membilang,/məmˈbilaŋ/
membilang,[məmˈbi.laŋ]
membisukan,/məmbiˈsukan/
membisukan,[məm.biˈsu.kan]
membobok,/məmˈbobok/
membobok,/məmˈboboʔ/
membobok,[məmˈbo.bɔk̚]
membobok,[məmˈbo.bɔʔ]
membocori,/məmboˈt͡ʃori/
membocori,[məm.boˈt͡ʃo.ri]
membocorkan,/məmboˈt͡ʃorkan/
membocorkan,[məm.boˈt͡ʃor.kan]
memboikot,/məmˈbɔi̯.kɔt̚/
membongmeh,/məŋ.ˈbɔŋ.meh/
memborgol,/məmˈbɔr.ɡɔl/
membran,[ˈmɛm.bran]
membranofon,/mɛmbraˈnofɔn/
membuai,/məmˈbuai̯/
membuai,[məmˈbu.ai̯]
membuang,/məmˈbu.aŋ/
membuang-buang,/məm.bu.aŋˈbu.aŋ/
membuangkan,/məm.buˈaŋ.kan/
membuat,/məmˈbuat/
membuat,[məmˈbu.at̪̚]
membuatkan,/məmbuˈatkan/
membubarkan,/məmbuˈbarkan/
membubarkan,[məm.buˈbar.kan]
membubuh,/məmˈbubuh/
membubuh,[məmˈbu.bʊh]
membubuhkan,/məmbuˈbuhkan/
membubuhkan,[məm.buˈbuh.kan]
membujuk,/məmˈbu.d͡ʒʊʔ/
membujuki,/məm.buˈd͡ʒu.ki/
membuka,/məmˈbu.ka/
membukai,/məm.buˈkai̯/
membukakan,/məm.buˈka.kan/
membulat,/məmˈbu.lat/
membulat,[məmˈbu.lat̪̚]
membulu,/məmˈbu.lu/
membulu,[məmˈbu.lu]
membunuh,/məmˈbunuh/
membunuh,[məmˈbu.nʊh]
memburu,/məmˈburu/
membutir,/məmˈbu.tir/
membutir,[məmˈbu.t̪ɪr]
meme,/ˈmim/
meme,/ˈmɛmɛ/
memegang,/məməˈɡaŋ/
memegang,[mə.məˈɡaŋ]
memek,/ˈmɛ.mɛk/
memelan,/mə.məˈlan/
memencar,/ˈmə.mən.t͡ʃar/
memencar,[ˈmə.məɲ.t͡ʃar]
memencar-mencar,/ˌməmənt͡ʃar mənˈt͡ʃar/
memencar-mencar,[ˌmə.məɲ.t͡ʃar məɲˈt͡ʃar]
memengaruhi,/məməŋaˈruhi/
memengaruhi,[mə.mə.ŋaˈru.hi]
memenggal,/mə.məŋˈɡal/
memenuhi,/məməˈnuhi/
memenuhi,[mə.məˈnu.hi]
memerban,/mə.mər.ban/
memercayai,/məmərt͡ʃaˈjai/
memercayai,[mə.mər.t͡ʃaˈja.i]
memercayakan,/məmərt͡ʃaˈjakan/
memercayakan,[mə.mər.t͡ʃaˈja.kan]
memercikkan,/məmərˈt͡ʃikan/
memercikkan,[mə.mərˈt͡ʃi.kan]
memeriksa,[məməˈrɪk̚sa]
memerintah,/məməˈrintah/
memerintah,[mə.məˈrin̪.t̪ah]
memerkosa,/mə.mərˈkɔ.sa/
memetieskan,/mə.mə.ti.ɛs.kan/
memetik,/məməˈtiʔ/
memetik,[mə.məˈt̪ɪʔ]
memfermentasikan,/məmfermentaˈsikan/
memfitnah,/məmˈfitnah/
memfitnah,[məmˈfit̪̚.nah]
memfoto,/məmˈfoto/
memfoto,[məmˈfo.t̪o]
memfotokopi,[memfotoˈkopi]
memicu,/məˈmit͡ʃu/
memicu,[məˈmi.t͡ʃu]
memilah,/məˈmilah/
memilah,[məˈmi.lah]
memilih,/mə.mi.lih/
memiliki,/mə.miˈli.ki/
memimpin,/məˈmɪmpɪn/
memimpinkan,/mə.mimˈpin.kan/
memimpinkan,[mə.mimˈpin.kan]
meminang,/məˈminaŋ/
meminang,[məˈmi.naŋ]
memindai,/mə.min.dai̯/
meminjam,/məˈmind͡ʒam/
meminjam,[məˈmiɲ.d͡ʒam]
meminta,/məˈminta/
meminta,[məˈmin̪.t̪a]
meminta-minta,/məˌminta ˈminta/
meminta-minta,[məˌmin̪.t̪a ˈmin̪.t̪a]
memintai,/məminˈtai/
memintai,[mə.min̪ˈt̪a.i]
memintakan,/məminˈtakan/
memintakan,[mə.min̪ˈt̪a.kan]
memintal,/məˈmin.tal/
meminum,/məˈminum/
meminum,[məˈmi.nʊm]
meminum-minum,/məˌminum ˈminum/
meminum-minum,[məˌmi.nʊm ˈmi.nʊm]
meminumi,/məmiˈnumi/
meminumi,[mə.miˈnu.mi]
memodernkan,/mə.mo.dɛrn.kan/
memodifikasi,[məmodifiˈkasi]
memola,/məˈmola/
memonitor,/məmoˈnitor/
memonitor,[mə.moˈni.t̪ɔr]
memori,[mɛˈmori]
memotong,/məˈmotoŋ/
memotong,[məˈmo.t̪ɔŋ]
memotong-motong,/məˌmɔtɔŋ ˈmɔtɔŋ/
memotong-motong,[məˌmɔ.t̪ɔŋ ˈmɔ.t̪ɔŋ]
mempaparkan,[məmpaˈparkan]
mempelajari,[məmpəlaˈd͡ʒari]
mempelam,/ˈməmpəlam/
mempelam,[ˈməm.pə.lam]
mempengaruhi,/məm.pə.ŋa.ruh.i/
mempengaruhi,[məŋpəˈŋaruhi]
memper-,/məmpər/
memper- -kan,/məm.pər- -kan/
memperbagus,/məmpərˈbaɡus/
memperbagus,[məm.pərˈba.ɡʊs]
memperbaiki,/məm.pərˈbai̯.ki/
memperbedakan,/məmpərbeˈdakan/
memperbedakan,[məm.pər.beˈda.kan]
memperbincangkan,/məmpərbinˈt͡ʃaŋkan/
memperbincangkan,[məm.pər.biɲˈt͡ʃaŋ.kan]
memperbuat,/məmpərˈbuat/
memperbuat,[məm.pərˈbu.at̪̚]
memperburuk,/məmpərˈburʊk̚/
mempercayai,/məmpərt͡ʃaˈjai/
mempercayai,[məm.pər.t͡ʃaˈja.i]
mempercayakan,/məmpərt͡ʃaˈjakan/
mempercayakan,[məm.pər.t͡ʃaˈja.kan]
memperingin,/məm.pəˈri.ŋɪn/
memperjalankan,/məm.pər.dʒaˈlan.kan/
memperjanjikan,/məmpərd͡ʒanˈd͡ʒikan/
memperjanjikan,[məm.pər.d͡ʒaɲˈd͡ʒi.kan]
memperjuangkan,/məmpərd͡ʒuˈaŋkan/
memperjuangkan,[məm.pər.d͡ʒuˈaŋ.kan]
memperkeruh,/məmpərkəˈrʊh/
memperketat,/məmpərkətat/
memperkirakan,/məmpərkiˈrakan/
memperkirakan,[məm.pər.kiˈra.kan]
memperkokoh,/məmpərˈkokɔh/
memperkosa,/məm.pərˈkɔ.sa/
memperlain,/məmpərˈlain/
memperlain,[məm.pərˈla.ɪn]
memperlainkan,/məmpərlaˈinkan/
memperlainkan,[məm.pər.laˈin.kan]
memperlakukan,/məmpərlaˈkukan/
memperlakukan,[məm.pər.laˈku.kan]
memperlambat,/məmpərˈlambat/
memperlambat,[məm.pərˈlam.bat̪̚]
memperoleh,/məm.pəˈrɔ.lɛh/
memperpanjang,[məmpərpand͡ʒaŋ]
memperpendek,/məmpərˈpendek/
memperpendek,[məm.pərˈpen.dɛk̚]
mempersalahkan,/məmpərsaˈlahkan/
mempersalahkan,[məm.pər.saˈlah.kan]
mempersembahkan,/məmpərsəmˈbahkan/
mempersembahkan,[məm.pər.səmˈbah.kan]
mempersetan,/məmpərˈsetan/
mempersetan,[məm.pərˈse.t̪an]
mempersetankan,/məmpərseˈtankan/
mempersetankan,[məm.pər.seˈt̪an.kan]
mempersilakan,/məmpərsiˈlakan/
mempersilakan,[məm.pər.siˈla.kan]
mempertuan,/məmpərˈtuan/
mempertuan,[məm.pərˈt̪u.an]
mempertuturkan,/məm.pər.tuˈtʊr.kan/
memperuncing,/məm.pəˈruɲ.t͡ʃɪŋ/
memprakirakan,[məmprakiˈrakan]
memproduksi,/məmproˈduksi/
memproduksi,[məm.proˈduk̚.si]
memproklamasikan,/məmproklamaˈsikan/
memproses,[məmˈprosɛs]
mempunyai,/məmpuˈɲai/
mempunyai,[məm.puˈɲa.i]
memuaskan,/məmuˈaskan/
memuaskan,[mə.muˈas.kan]
memuat,[məˈmuat̚]
memukul,/mə.mu.kʊl/
memukulkan,/məmuˈkulkan/
memukulkan,[mə.muˈkul.kan]
memulai,/muˈlai/
memulai,/ˈmulai̯/
memulai,[muˈla.i]
memulai,[ˈmu.lai̯]
memulasara,/məmulaˈsara/
memulasara,[mə.mu.laˈsa.ra]
memulaukan,/məmuˈlau̯kan/
memulaukan,[mə.muˈlau̯.kan]
memunculkan,/mə.mun.t͡ʃʊl.kan/
memupuri,/məmuˈpuri/
memupuri,[mə.muˈpu.ri]
memusuhi,/məmuˈsuhi/
memusuhi,[mə.muˈsu.hi]
memutakhirkan,/məmutaxirkan/
memutuskan,[məmuˈtʊskan]
men-,/mən/
menabelkan,/mənabəlkan/
menabung,/məˈnabuŋ/
menabung,[məˈna.bʊŋ]
menabur,/məˈnabur/
menabur,[məˈna.bʊr]
menaburkan,/mənaˈburkan/
menaburkan,[mə.naˈbur.kan]
menafsirkan,/mə.nafˈsir.kan/
menagih,/məˈnaɡih/
menagih,[məˈna.ɡɪh]
menahan,/məˈnahan/
menahan,[məˈna.han]
menahui,/mə.naˈhu.i/
menaji,/məˈnad͡ʒi/
menaji,[məˈna.d͡ʒi]
menak,/ˈmenak/
menak,[ˈme.nak̚]
menakar,/məˈnakar/
menakluk,/məˈnakluk/
menakluk,/məˈnaʔluk/
menakluk,[məˈnak̚.lʊk̚]
menakluk,[məˈnaʔ.lʊk̚]
menamatkan,/mənaˈmatkan/
menamatkan,[mə.naˈmat̪̚.kan]
menambah,/mənambah/
menambahkan,/mənamˈbahkan/
menambahkan,[mə.namˈbah.kan]
menambang,[məˈnambaŋ]
menampar,/məˈnampar/
menampar,[məˈnam.par]
menampilkan,/mənampilkan/
menanah,/məˈna.nah/
menandai,/məˈnandai̯/
menandai,[məˈnan.dai̯]
menandingi,/mənanˈdiŋi/
menandingi,[mə.nanˈdi.ŋi]
menang,/məˈnaŋ/
menang,[məˈnaŋ]
menangis,/məˈna.ŋis/
menangis,[məˈna.ŋɪs]
menangkap,/məˈnaŋkap̚/
menangos,/məˈnaŋos/
menangos,[məˈna.ŋɔs]
menantang,/məˈnantaŋ/
menantang,[məˈnan̪.t̪aŋ]
menantu,/məˈnantu/
menantu,[məˈnan̪.t̪u]
menanya,/məˈnaɲa/
menanya,[məˈna.ɲa]
menara,/məˈnara/
menara,[məˈna.ra]
menara air,/məˌnara ˈair/
menara air,[məˌna.ra ˈa.ɪr]
menara api,/məˌnara ˈapi/
menara api,[məˌna.ra ˈa.pi]
menari,/məˈnari/
menari,[məˈna.ri]
menarik,/məˈnarik/
menarik,[məˈna.rɪk̚]
menarikan,/mənaˈrikan/
menarikan,[mə.naˈri.kan]
menata,/məˈnata/
menata,[məˈna.t̪a]
menatap,/məˈnatap/
menatap,[məˈna.t̪ap̚]
menatapi,/mə.naˈta.pi/
menawar,/məˈnawar/
menawar,[məˈna.war]
menawarkan,/mənaˈwarkan/
menawarkan,[mə.naˈwar.kan]
menayangkan,/mənajaŋkan/
mencabik,/mənˈt͡ʃabik/
mencabik,/mənˈt͡ʃabiʔ/
mencabik,[məɲˈt͡ʃa.bɪk̚]
mencabik,[məɲˈt͡ʃa.bɪʔ]
mencabut,/mənˈt͡ʃabut/
mencabut,[məɲˈt͡ʃa.bʊt̪̚]
mencacap,/mənˈt͡ʃat͡ʃap/
mencacap,[məɲˈt͡ʃa.t͡ʃap̚]
mencacat,/mən.t͡ʃa.t͡ʃat/
mencaci,/mənˈt͡ʃat͡ʃi/
mencaci,[məɲˈt͡ʃa.t͡ʃi]
mencairkan,/mənt͡ʃaˈirkan/
mencairkan,[məɲ.t͡ʃaˈir.kan]
mencakup,/mənˈt͡ʃakup/
mencakup,[məɲˈt͡ʃa.kʊp̚]
mencambuk,/mənˈt͡ʃambuk/
mencambuk,[məɲˈt͡ʃam.bʊk̚]
mencampur,/məɲˈt͡ʃam.pʊr/
mencampurkan,/məɲ.t͡ʃamˈpʊr.kan/
mencangkok,/mənˈt͡ʃaŋkok/
mencangkok,/mənˈt͡ʃaŋkoʔ/
mencangkok,[məɲˈt͡ʃaŋ.kɔk̚]
mencangkok,[məɲˈt͡ʃaŋ.kɔʔ]
mencangkuk,/mənˈt͡ʃaŋkuk/
mencangkuk,/mənˈt͡ʃaŋkuʔ/
mencangkuk,[məɲˈt͡ʃaŋ.kʊk̚]
mencangkuk,[məɲˈt͡ʃaŋ.kʊʔ]
mencapai,[mənˈt͡ʃapai̯]
mencatat,/məɲˈt͡ʃatat/
mencatat,[məɲˈt͡ʃa.t̪at̪̚]
mencegah,[məɲt͡ʃəˈɡah]
mencekoki,/məɲ.t͡ʃə.ko.ki/
mencekoki,/məɲ.t͡ʃə.koʔ.i/
mencekokkan,/mən.t͡ʃə.koʔ.kan/
mencela,/məŋt͡ʃəla/
mencelupkan,/mənt͡ʃəˈlupkan/
mencelupkan,[məɲ.t͡ʃəˈlup̚.kan]
mencemeti,/mənt͡ʃəməˈti/
mencemeti,[məɲ.t͡ʃə.məˈt̪i]
mencerai-beraikan,/mən.t͡ʃə.rai̯.bə.rai̯.kan/
menceritakan,/mənt͡ʃəriˈtakan/
menceritakan,[məɲ.t͡ʃə.riˈt̪a.kan]
mencetak,/mənˈt͡ʃetak/
mencetak,[məɲˈt͡ʃe.t̪ak̚]
mencinta,/mənˈt͡ʃinta/
mencinta,[məɲˈt͡ʃin̪.t̪a]
mencintai,/mənt͡ʃinˈtai/
mencintai,[məɲ.t͡ʃin̪ˈt̪a.i]
mencit,/mənˈt͡ʃit/
mencit,[məɲˈt͡ʃɪt̪̚]
mencita,/mənˈt͡ʃita/
mencita,[məɲˈt͡ʃi.t̪a]
mencium,/məɲt͡ʃium/
mencocok,/mənˈt͡ʃot͡ʃok/
mencocok,[məɲˈt͡ʃo.t͡ʃɔk̚]
mencolok,/mənˈt͡ʃɔlɔk/
mencolok,/mənˈt͡ʃɔlɔʔ/
mencolok,[məɲˈt͡ʃɔ.lɔk̚]
mencolok,[məɲˈt͡ʃɔ.lɔʔ]
mencoloki,/mənt͡ʃoˈloki/
mencoloki,[məɲ.t͡ʃoˈlo.ki]
mencuci,[mənˈt͡ʃut͡ʃi]
mencukur,/məɲˈt͡ʃu.kʊr/
menculik,/mənˈt͡ʃulik/
menculik,[məɲˈt͡ʃu.lɪk̚]
mencuri,/mənˈt͡ʃuri/
mencuri,[məɲˈt͡ʃu.ri]
mencuri-curi,/mənˌt͡ʃuri ˈt͡ʃuri/
mencuri-curi,[məɲˌt͡ʃu.ri ˈt͡ʃu.ri]
mendada,[mən.ˈdä.dä]
mendadak,/mənˈdadak/
mendadak,[mənˈda.dak̚]
mendaftar,/mənˈdaftar/
mendaftar,[mənˈdaf.t̪ar]
mendaftarkan,/məndafˈtarkan/
mendaftarkan,[mən.dafˈt̪ar.kan]
mendahului,/məndaˈhului̯/
mendahului,[mən.daˈhu.lui̯]
mendalam,/mənˈda.lam/
mendam,/mən.ˈdam/
mendapat,/mənˈdapat/
mendapat,[mənˈda.pat̪̚]
mendapatkan,/məndaˈpatkan/
mendapatkan,[mən.daˈpat̪̚.kan]
mendarahi,/məndaˈrahi/
mendarahi,[mən.daˈra.hi]
mendarat,/mənˈdarat/
mendarat,[mənˈda.rat̪̚]
mendasar,/mənˈdasar/
mendatangi,/mən.daˈta.ŋi/
mendatangi,[mən.daˈt̪a.ŋi]
mendatar,/mənˈdatar/
mendatar,[mənˈda.t̪ar]
mendaun,/mənˈda.un/
mendaun,[mənˈda.ʊn]
mendayung,/mənˈdajuŋ/
mendayung,[mənˈda.jʊŋ]
mendedikasikan,[mənd̪ed̪ikaˈsikan]
mendekam,/mən.dəˈkam/
mendekonstruksi,/mən.de.konˈstruk.si/
mendekonstruksi,[mən.dɛ.kɔnˈst̪rʊk.si]
mendengar,/ˈməndəŋar/
mendengar,[ˈmən.də.ŋar]
mendengari,/mən.dəˈŋa.ri/
mendengarkan,/mən.dəˈŋar.kan/
mendersip,/mən.dər.sip/
menderu,/ˈməndəru/
menderu,[ˈmən.də.ru]
mendestruksikan,/mən.des.truk.si.kan/
mendestruksikan,[mən.dɛs.t̪rʊk̚ˈsi.kän]
mendiagnosis,/məndiaɡˈnosis/
mendiagnosis,[mən.di.ak̚ˈno.sɪs]
mendiamkan,/məndiamkan/
mending,[məndiŋ]
mendira,[mənˈd̪ira]
mendiskusikan,/məndiskuˈsikan/
mendiskusikan,[mən.dis.kuˈsi.kan]
mendoa,/məndoa/
mendobrak,/məndobrak/
mendomestikasi,/məndɔmɛstiˈkasi/
mendomestikasi,[mən.dɔ.mɛs.t̪iˈka.si]
mendominasi,/məndomiˈnasi/
mendongkol,/mənˈdoŋkol/
mendongkol,[mənˈdoŋ.kɔl]
menduga,/mənˈduɡa/
menduga,[mənˈdu.ɡa]
mendukung,/mənˈdukuŋ/
mendukung,[mənˈdu.kʊŋ]
mendung,/mənduŋ/
mendunia,/mənduˈnia/
mendunia,[mən.duˈni.a]
mendura,/mənˈdura/
mendura,[mənˈdu.ra]
menebah,/ˈmənəbah/
menebah,[ˈmə.nə.bah]
menebahkan,/mənəˈbahkan/
menebahkan,[mə.nəˈbah.kan]
menebak,/ˈmənəbak/
menebak,[ˈmə.nə.bak̚]
menebeng,/məˈnɛbɛŋ/ [məˈnɛ.bɛŋ]
menegak,/mənəˈɡaʔ/
menegak,[mə.nəˈɡaʔ]
menegur,/ˈmənəɡur/
menegur,[ˈmə.nə.ɡʊr]
menekan,/mə.nəˈkan/
menel,/ˈmenel/
menelaah,/mə.nə.la.ʔah/
menelan,/ˈmənəlan/
menelan,[ˈmə.nə.lan]
menelefon,/məneˈlefɔn/
menelefon,[mə.neˈle.fɔn]
menelentangkan,/mənələnˈtaŋkan/
menelentangkan,[mə.nə.lən̪ˈt̪aŋ.kan]
menelepon,/məneˈlepɔn/
menelepon,/məˈnɛlpɔn/
menelfon,/məˈnɛlfɔn/
menelfon,[məˈnɛl.fɔn]
menelpon,/məˈnɛlpɔn/
menelpon,[məˈnɛl.pɔn]
menemukan,/mənəˈmukan/
menendang,/mənənˈdaŋ/
menengah,/mə.nə.ˈŋah/
menepak-nepakkan,/ˌmənəpak nəˈpakan/
menepak-nepakkan,[ˌmə.nə.pak̚ nəˈpa.kan]
menepik,/mə.nəˈpɪʔ/
menepikan,/mə.nəˈpi.kan/
meneriaki,/mə.nə.riˈa.ki/
meneriakkan,/mə.nə.riˈaʔ.kan/
menerima,/mənəˈrima/
menerima,[mə.nəˈri.ma]
menerjemahkan,/mənərd͡ʒəˈmahkan/
menerjemahkan,[mə.nər.d͡ʒəˈmah.kan]
menerobos,/mənəˈrobos/
menerobos,[mə.nəˈro.bɔs]
menertawai,/mənərtaˈwai/
menertawai,[mə.nər.t̪aˈwa.i]
menerus,/ˈmənərus/
menerus,[ˈmə.nə.rʊs]
meneruskan,/mənəˈruskan/
meneruskan,[mə.nəˈrus.kan]
menetes,/mɛˈnɛtɛs/
menetes,[mɛˈnɛ.t̪ɛs]
menetesi,/mɛnɛˈtɛsi/
menetesi,[mɛ.nɛˈt̪ɛ.si]
meneteskan,/mɛnɛˈtɛskan/
meneteskan,[mɛ.nɛˈt̪ɛs.kan]
meng,/ˈmɛŋ/
meng,[ˈmeŋ]
meng-,/məŋ/
meng- -i,/məŋ- -i/
meng- -kan,/məŋ- -kan/
mengaba-aba,/mə.ŋa.baˈ(ʔ)a.ba/
mengabadi,/məŋ.a.ba.di/
mengabaikan,/məŋaˈbai̯kan/
mengabaikan,[mə.ŋaˈbai̯.kan]
mengaben,/mə.ŋa.bɛn/
mengablasi,/məŋabˈlasi/
mengablasi,[mə.ŋap̚ˈla.si]
mengabolisi,/məŋaboˈlisi/
mengabolisi,[mə.ŋa.boˈli.si]
mengabolisikan,/məŋaboliˈsikan/
mengabolisikan,[mə.ŋa.bo.liˈsi.kan]
mengabsen,/məˈŋabsen/
mengabsen,[məˈŋap̚.sɛn]
mengabsorpsi,/məŋabˈsɔrpsi/
mengabsorpsi,[mə.ŋap̚ˈsɔrp̚.si]
mengabstrakkan,[məŋapˈstrakkan]
mengabuburit,/məŋabuˈburit/
mengabuburit,[mə.ŋa.buˈbu.rɪt̪̚]
mengabung,/məˈŋabuŋ/
mengabung,[məˈŋa.bʊŋ]
mengabung-ngabung,/məˌŋabuŋ ˈŋabuŋ/
mengabung-ngabung,[məˌŋa.bʊŋ ˈŋa.bʊŋ]
mengacau,[məŋˈat͡ʃau̯]
mengacau,[məˈŋat͡ʃau̯]
mengadakan,/məŋaˈdakan/
mengadakan,[mə.ŋaˈda.kan]
mengadangi,/məŋaˈdaŋi/
mengadangi,[mə.ŋaˈda.ŋi]
mengadaptasi,/məŋadapˈtasi/
mengadaptasi,[mə.ŋa.dap̚ˈt̪a.si]
mengadaptasikan,/məŋadaptaˈsikan/
mengadaptasikan,[mə.ŋa.dap̚.t̪aˈsi.kan]
mengadu,/məˈŋadu/
mengadu,[məˈŋa.du]
mengafirkan,/məŋaˈfirkan/
mengafirkan,[mə.ŋaˈfir.kan]
mengagih,/məˈŋaɡih/
mengagih,[məˈŋa.ɡɪh]
mengairi,[məŋˈaʔɪri]
mengajak,/məˈŋad͡ʒaʔ/
mengajak,[məˈŋa.d͡ʒaʔ]
mengajar,[məŋˈad͡ʒar]
mengaji,/məˈŋad͡ʒi/
mengaji,[məˈŋa.d͡ʒi]
mengajukan,/məŋaˈd͡ʒukan/
mengajukan,[mə.ŋaˈd͡ʒu.kan]
mengakali,/məŋaˈkali/
mengakali,[mə.ŋaˈka.li]
mengakalkan,/məŋaˈkalkan/
mengakalkan,[mə.ŋaˈkal.kan]
mengaktifkan,/məŋakˈtifkan/
mengaktifkan,[mə.ŋak̚ˈt̪if.kan]
mengaku,[məŋˈaku]
mengakui,[məŋˈakui]
mengalah,/məˈŋa.lah/
mengalahkan,/məŋaˈlahkan/
mengalir,/məˈŋalir/
mengalir,[məˈŋa.lɪr]
mengalungi,/mə.ŋaˈlu.ŋi/
mengalungkan,/mə.ŋaˈluŋ.kan/
mengamankan,/məŋaˈmankan/
mengamankan,[mə.ŋaˈman.kan]
mengamati,/mə.ŋaˈma.ti/
mengambang,/məˈŋambaŋ/
mengambang,[məˈŋam.baŋ]
mengambil,/məˈŋambil/
mengambil,[məˈŋam.bɪl]
mengambinghitamkan,/məŋambiŋhiˈtamkan/
mengambinghitamkan,[mə.ŋam.biŋ.hiˈt̪am.kan]
mengamortisasi,/məŋamɔrtiˈsasi/
mengamortisasi,[mə.ŋa.mɔr.t̪iˈsa.si]
mengampelas,/məˈŋam.p(ə).las/
mengampelasi,/mə.ŋamˈp(ə).la.si/
menganalisis,/məŋanaˈlisis/
menganalisis,[mə.ŋa.naˈli.sɪs]
menganan,/məˈŋanan/
menganan,[məˈŋa.nan]
mengandaikan,/məŋanˈdai̯kan/
mengandaikan,[mə.ŋanˈdai̯.kan]
mengandalkan,/məŋanˈdalkan/
mengandalkan,[mə.ŋanˈdal.kan]
mengandung,/məˈŋanduŋ/
mengandung,[məˈŋan.dʊŋ]
menganehkan,/məŋaˈnehkan/
menganehkan,[mə.ŋaˈneh.kan]
menganggap,/məˈŋaŋɡap/
menganggap,[məˈŋaŋ.ɡap̚]
mengangkat,[məŋˈaŋkat̚]
menganiaya,/məŋaniaja/
menganiayai,/məŋaniajai/
menganjung,/məˈŋand͡ʒuŋ/
menganjung,[məˈŋaɲ.d͡ʒʊŋ]
mengantar,/məˈŋantar/
mengantar,[məˈŋan̪.t̪ar]
mengantepi,/məŋantəˈpi/
mengantepi,[mə.ŋan̪.t̪əˈpi]
mengantuk,/məˈŋantuk/
mengantuk,[məˈŋan̪.t̪ʊk̚]
mengapa,/məˈŋapa/
mengapa,[məˈŋa.pa]
mengarah,/məˈŋarah/
mengarah,[məˈŋa.rah]
mengarak,/məˈŋarak/
mengarak,[məˈŋa.rak̚]
mengartikan,/mə.ŋarˈti.kan/
mengaryakan,/məŋaˈrjakan/
mengaryakan,[mə.ŋaˈrja.kan]
mengasap,/məˈŋasap/
mengasap,[məˈŋa.sap̚]
mengasapi,/məŋaˈsapi/
mengasapi,[mə.ŋaˈsa.pi]
mengasih,/məˈŋasih/
mengasih,[məˈŋa.sɪh]
mengasih tahu,/mə.ŋa.sɪh ˈta.(h)u/
mengasihtahu,/mə.ŋa.sɪhˈta.(h)u/
mengasingkan,[məŋaˈsɪŋkan]
mengata,/məˈŋa.ta/
mengata,[məˈŋa.t̪a]
mengatakan,/mə.ŋaˈta.kan/
mengatasi,/məŋaˈtasi/
mengatasi,[məŋ.aˈt̪as.i]
mengatur,/məˈŋatur/
mengatur,[məˈŋa.t̪ʊr]
mengaturkan,/məŋaˈturkan/
mengaturkan,[mə.ŋaˈt̪ur.kan]
mengaum,/məŋˈaum/
mengaum,[məŋˈa.ʊm]
mengaum-aum,/məˌŋaum ˈaum/
mengaum-aum,[məˌŋa.ʊm ˈa.ʊm]
mengawasi,/məŋaˈwasi/
mengawasi,[mə.ŋaˈwa.si]
mengawaskan,/məŋaˈwaskan/
mengawaskan,[mə.ŋaˈwas.kan]
mengawinkan,/məŋaˈwinkan/
mengawinkan,[mə.ŋaˈwin.kan]
mengayau,/məˈŋajau̯/
mengayau,[məˈŋa.jau̯]
mengayuh,/məˈŋa.jʊh/
mengayuhkan,/mə.ŋaˈjʊh.kan/
mengebaskan,/məŋəˈbaskan/
mengebaskan,[mə.ŋəˈbas.kan]
mengecam,/mə.ŋə.ˈt͡ʃam/
mengedarkan,/məŋeˈdarkan/
mengedarkan,[mə.ŋeˈdar.kan]
mengedep,[məŋəˈdɛp]
mengegas,[məŋəˈɡas]
mengeja,[məŋˈɛd͡ʒa]
mengeksploitasi,/məŋɛksploi̯ˈtasi/
mengeksploitasi,[mə.ŋɛks.ploi̯ˈt̪a.si]
mengeksploitasikan,/məŋɛksploi̯taˈsikan/
mengeksploitasikan,[mə.ŋɛks.ploi̯.t̪aˈsi.kan]
mengelap,/məŋəˈlap/
mengelap,[mə.ŋəˈlap̚]
mengelu-elukan,/ˌməŋəlu əˈlukan/
mengelu-elukan,[ˌmə.ŋə.lu əˈlu.kan]
mengeluarkan,/məŋəluˈarkan/
mengeluarkan,[mə.ŋə.luˈar.kan]
mengelukan,/məŋəˈlukan/
mengelukan,[mə.ŋəˈlu.kan]
mengelupas,/məŋəˈlupas/
mengelupas,[mə.ŋəˈlu.pas]
mengemasi,/məɲəmasi/
mengemban,/məŋəmˈban/
mengempas,/ˈməŋəmpas/
mengempas,[ˈmə.ŋəm.pas]
mengempas-empaskan,/ˌməŋəmpas əmˈpaskan/
mengempas-empaskan,[ˌmə.ŋəm.pas əmˈpas.kan]
mengempaskan,/məŋəmˈpaskan/
mengempaskan,[mə.ŋəmˈpas.kan]
mengemudi,/məŋəˈmudi/
mengemudi,[mə.ŋəˈmu.di]
mengenai,/mə.ŋəˈnai̯/
mengencingi,/mə.ŋen.ciŋ.i/
mengendalikan,/mə.ŋən.da.li.kan/
mengental,/mə.ŋənˈtal/
mengeprek,[məˈŋə.prɛk̚]
mengeram,/ˈməŋəram/
mengeram,[ˈmə.ŋə.ram]
mengeram,[ˈməŋ.ə.ram]
mengeringkan,[məŋkəˈrɪŋkan]
mengerti,/ˈməŋərti/
mengerti,[ˈmə.ŋər.t̪i]
mengertikan,/mə.ŋərˈti.kan/
mengerubungi,/məŋəruˈbuŋi/
mengerubungi,[mə.ŋə.ruˈbu.ŋi]
mengetahui,/məŋəˈtahui̯/
mengetahui,[mə.ŋəˈt̪a.hui̯]
mengetatkan,/məŋətat̚kan/
mengetik,[məŋəˈtɪk̚]
mengetip,/mə.ŋəˈtɪp̚/
menggabus,/məŋˈɡa.bʊs/
menggagai,/məŋˈɡa.ɡai̯/
menggaib,/məŋˈɡa.ɪp̚/
menggali,/məŋ.ɡa.li/
mengganda,/məŋˈɡanda/
mengganda,[məŋˈɡan.da]
mengganggang,/məŋˈɡaŋɡaŋ/
mengganggang,[məŋˈɡaŋ.ɡaŋ]
menggari,/məŋˈɡa.ri/
menggarisbawahi,/məŋ.ɡa.ris.ba.wah.i/
menggarisi,/məŋ.ɡa.ris.i/
menggaruk,/məŋˈɡaruk/
menggaruk,[məŋˈɡa.rʊk̚]
menggayuh,/məŋˈɡa.jʊh/
menggayuhkan,/məŋ.ɡaˈjʊh.kan/
menggeletak,/məŋˈɡələtak/
menggeletak,[məŋˈɡə.lə.t̪ak̚]
menggempita,/məŋɡəmˈpita/
menggempita,[məŋ.ɡəmˈpi.t̪a]
menggenang,/ˈməŋ.ɡə.naŋ/
menggenang,[ˈməŋ.ɡə.naŋ]
menggenggam,/ˈməŋɡəŋɡam/
menggenggam,[ˈməŋ.ɡəŋ.ɡam]
menggerendeng,/məŋˈɡərəndəŋ/
menggerendeng,[məŋˈɡə.rən.dəŋ]
menggerincing,/məŋɡəˈrint͡ʃiŋ/
menggerincing,[məŋ.ɡəˈriɲ.t͡ʃɪŋ]
menggigit,/məŋˈɡiɡit/
menggigit,[məŋˈɡi.ɡɪt̪̚]
menggodam,/məŋˈɡodam/
menggodam,[məŋˈɡo.dam]
menggonggong,/məŋˈɡoŋɡoŋ/
menggonggong,[məŋˈɡoŋ.ɡɔŋ]
menggugat,/məŋˈɡuɡat/
menggugat,[məŋˈɡu.ɡat̪̚]
menggugupkan,/məŋ.ɡuˈɡʊp.kan/
menggunakan,/məŋɡuˈnakan/
menggunakan,[məŋ.ɡuˈna.kan]
menggundul,/məŋˈɡun.dʊl/
menggunduli,/məŋ.ɡʊnˈdu.li/
menggundulkan,/məŋ.ɡʊnˈdʊl.kan/
menghadap,/məŋˈhadap/
menghadap,[məŋˈha.dap̚]
menghadiri,/məŋ.ha.dir.i/
menghadirkan,/məŋ.ha.dir.kan/
menghafal,/məŋˈhafal/
menghafal,[məŋˈha.fal]
menghafalkan,/məŋhaˈfalkan/
menghafalkan,[məŋ.haˈfal.kan]
menghamili,/məŋhaˈmili/
menghamili,[məŋ.haˈmi.li]
menghamilkan,/məŋhaˈmilkan/
menghamilkan,[məŋ.haˈmil.kan]
menghampiri,/məŋhamˈpiri/
menghampiri,[məŋ.hamˈpi.ri]
menghantar,/məŋˈhantar/
menghantar,[məŋˈhan̪.t̪ar]
menghantarkan,/məŋhanˈtarkan/
menghantarkan,[məŋ.han̪ˈt̪ar.kan]
menghapus,/məŋˈhapus/
menghapus,[məŋˈha.pʊs]
menghargai,/məŋharˈɡai/
menghasilkan,/məŋhaˈsilkan/
menghasilkan,[məŋ.haˈsil.kan]
menghela,/ˈməŋhəla/
menghela,[ˈməŋ.hə.la]
menghelakan,[məŋheˈlakan]
menghemat,/məŋˈhemat/
menghemat,[məŋˈhe.mat̪̚]
menghendaki,/məŋhənˈdaki/
menghendaki,[məŋ.hənˈda.ki]
menghias,/məŋˈhias/
menghias,[məŋˈhi.as]
menghiasi,/məŋhiˈasi/
menghiasi,[məŋ.hiˈa.si]
menghidupkan,/məŋ.hiˈdup.kan/
menghidupkan,[məŋ.hiˈdup̚.kan]
menghina,/məŋˈhina/
menghina,[məŋˈhi.na]
menghitamkan,/məŋhiˈtamkan/
menghitamkan,[məŋ.hiˈt̪am.kan]
menghitung,/məŋˈhituŋ/
menghitung,[məŋˈhi.t̪ʊŋ]
menghukum,/məŋ.hu.kʊm/
mengiaskan,/məŋiˈaskan/
mengiaskan,[mə.ŋiˈas.kan]
mengibliskan,/mə.ŋiˈblɪs.kan/
mengidentifikasi,[məŋidɛntifiˈkasi]
mengigal,/məˈŋiɡal/
mengigal,[məˈŋi.ɡal]
mengilai,/məˈŋilai̯/
mengilai,[məˈŋi.lai̯]
mengiler,/məŋ.i.lər/
mengimak,/məˈŋimak/
mengimak,[məˈŋi.mak̚]
mengimbuh,/məˈŋimbuh/
mengimbuh,[məˈŋim.bʊh]
menginai,/məˈŋinai̯/
menginai,[məˈŋi.nai̯]
menginaikan,/məŋinaˈikan/
menginaikan,[mə.ŋi.naˈi.kan]
mengindonesiakan,/məŋindonesiˈakan/
mengindonesiakan,[mə.ŋin.do.ne.siˈa.kan]
menginformasikan,[məŋɪnfɔrmaˈsikan]
mengingat,/məˈŋiŋat/
mengingat,[məˈŋi.ŋat̪̚]
mengingini,/mə.ŋiˈŋi.ni/
menginginkan,/mə.ŋiˈŋin.kan/
menginjeksi,/məŋinˈd͡ʒeksi/
menginjeksi,[mə.ŋiɲˈd͡ʒek̚.si]
menginstruksi,/mə.ŋinˈstruk.si/
menginstruksikan,/məŋinstrukˈsikan/
menginstruksikan,[mə.ŋins.t̪ruk̚ˈsi.kan]
menginterpretasikan,/mə.ŋɪn.tər.prə.taˈsi.kan/
mengirik,/mə.ˈŋi.rɪʔ/
mengirik,/məŋ.ˈi.rɪʔ/
mengirim,/məˈŋirim/
mengirim,[məˈŋi.rɪm]
mengiring,/məˈŋiriŋ/
mengiring,[məˈŋi.rɪŋ]
mengiringkan,/məŋiˈriŋkan/
mengiringkan,[mə.ŋiˈriŋ.kan]
mengirit,/məˈŋirit/
mengirit,[məˈŋi.rɪt̪̚]
mengisap,/məˈŋisap/
mengisap,[məˈŋi.sap̚]
mengkafirkan,/məŋkaˈfirkan/
mengkafirkan,[məŋ.kaˈfir.kan]
mengkaji,/məŋˈkad͡ʒi/
mengkaji,[məŋˈka.d͡ʒi]
mengkar,/məŋ.ˈkar/
mengkasar,/məŋˈkasar/
mengkhitan,/məŋˈxitan/
mengkhitan,[məŋˈxi.t̪an]
mengkonsumsi,[məŋkɔnˈsʊmsi]
mengkrisis,/məŋˈkrisis/
mengkrisis,[məŋˈkri.sɪs]
mengkritik,/məŋˈkritik/
mengkritik,[məŋˈkri.t̪ɪk̚]
mengkudu,/məŋˈkudu/
mengkudu,[məŋˈku.du]
mengomputerisasi,[məŋɔmputərˈisasi]
mengondusifkan,/məŋonduˈsifkan/
mengondusifkan,[mə.ŋon.duˈsif.kan]
mengonsekrasi,/məŋonsəkˈrasi/
mengonsekrasi,[mə.ŋon.sək̚ˈra.si]
mengonsentrasikan,/məŋonsentraˈsikan/
mengonstruksi,/mə.ŋon.struk.si/
mengonstruksi,[mə.ŋɔnˈst̪rʊk.si]
mengonsumsi,[məŋɔnˈsʊmsi]
mengontrol,/məˈŋontrol/
mengontrol,[məˈŋon̪.t̪rɔl]
mengoperasi,[məŋopəˈrasi]
mengoperasikan,[məŋopəraˈsikan]
mengoplos,/məŋ.op.los/
mengoposisi,[məŋopoˈsisi]
mengorder,/məˈŋɔrdər/
mengorder,[məˈŋɔr.dər]
mengoreksi,/məŋoˈrɛksi/
mengoreksi,[mə.ŋoˈrɛk̚.si]
mengosongkan,/məŋoˈsoŋkan/
mengosongkan,[mə.ŋoˈsoŋ.kan]
mengotak-atik,/məˌŋotak ˈatik/
mengotak-atik,[məˌŋo.t̪ak̚ ˈa.t̪ɪk̚]
mengotaki,/məŋoˈtaki/
mengotaki,[mə.ŋoˈt̪a.ki]
mengotot,/məˈŋotot/
mengotot,[məˈŋo.t̪ɔt̪̚]
mengsukseskan,/məŋsukˈsɛskan/
mengsukseskan,[məŋ.suk̚ˈsɛs.kan]
menguangkan,[məŋuˈa̯ŋkan]
menguat,/məˈŋuat/
menguat,[məˈŋu.at̪̚]
mengubah,/məŋˈʔubah/
mengubah,/məˈŋubah/
mengulang,/məˈŋulaŋ/
mengulang,[məˈŋu.laŋ]
mengumbah,/məˈŋumbah/
mengumbah,[məˈŋum.bah]
mengumbar,/məˈŋumbar/
mengumbar,[məˈŋum.bar]
mengumpamakan,/məŋumpamakan/
mengunci,/məˈŋunt͡ʃi/
mengunci,[məˈŋuɲ.t͡ʃi]
mengundang,/məˈŋundaŋ/
mengundang,[məˈŋun.daŋ]
mengundangkan,/məŋunˈdaŋkan/
mengundangkan,[məŋ.unˈdaŋ.kan]
mengungkung,/məˈŋuŋkuŋ/
mengungkung,[məˈŋuŋ.kʊŋ]
mengunjukkan,/məŋunˈd͡ʒukan/
mengunjukkan,[mə.ŋuɲˈd͡ʒu.kan]
menguntum,/məˈŋuntum/
menguntum,[məˈŋun̪.t̪ʊm]
mengurangi,/məŋuˈraŋi/
mengurangi,[mə.ŋuˈra.ŋi]
mengurapi,/məŋuˈrapi/
mengurapi,[mə.ŋuˈra.pi]
menguret,/məˈŋurɛt/
menguret,[məˈŋu.rɛt̪̚]
mengurup,/məˈŋurup/
mengurup,[məˈŋu.rʊp̚]
mengurutkan,/mə.ŋuˈrut.kan/
mengurutkan,[mə.ŋuˈrut̪̚.kan]
mengusik,/məˈŋusik/
mengusik,[məˈŋu.sɪk̚]
mengusung,/məˈŋusuŋ/
mengusung,[məˈŋu.sʊŋ]
mengutak-atik,/məˌŋutak ˈatik/
mengutak-atik,[məˌŋu.t̪ak̚ ˈa.t̪ɪk̚]
meniduri,/məniˈduri/
meniduri,[mə.niˈdu.ri]
menidurkan,/məniˈdurkan/
menidurkan,[mə.niˈdur.kan]
menikah,/məˈnikah/
menikah,[məˈni.kah]
menilai,/mənilai/
menimbal,/məˈnimbal/
menimbal,[məˈnim.bal]
menimbang,/məˈnimbaŋ/
menimbang,[məˈnim.baŋ]
menimpali,/mənimˈpali/
menimpali,[mə.nimˈpa.li]
menindak,/məˈnindak/
menindak,[məˈnin.dak̚]
meninggal,/məˈniŋɡal/
meninggal,[məˈniŋ.ɡal]
meninggali,/məˈniŋ.ɡaˈli/
menir,[məˈnɪr]
menit,/məˈnɪt/
menitahkan,/məniˈtahkan/
menitip,/məˈnitip/
menitip,[məˈni.t̪ɪp̚]
meniup,/məˈniup/
meniup,[məˈni.ʊp̚]
menjadi,/mənˈd͡ʒa.di/
menjadi,[məɲˈd͡ʒa.di]
menjadi-jadi,/məɲ.d͡ʒa.diˈd͡ʒa.di/
menjaga,/mənˈd͡ʒaɡa/
menjaga,[məɲˈd͡ʒa.ɡa]
menjalang,/məɲˈdʒa.laŋ/
menjalani,/məɲ.dʒaˈla.ni/
menjalankan,/məɲ.dʒaˈlan.kan/
menjalin,/mənˈd͡ʒalin/
menjalin,[məɲˈd͡ʒa.lɪn]
menjambak,/mənˈd͡ʒambaʔ/
menjambak,[məɲˈd͡ʒam.baʔ]
menjanjikan,/məɲ.d͡ʒaɲˈd͡ʒi.kan/
menjarah,/mənˈd͡ʒarah/
menjarah,[məɲˈd͡ʒa.rah]
menjari,/mənˈd͡ʒa.ri/
menjari,[məɲˈd͡ʒa.ri]
menjaring,/mənˈd͡ʒa.riŋ/
menjaring,[məɲˈd͡ʒa.rɪŋ]
menjarum,/mənˈd͡ʒa.rum/
menjarum,[məɲˈd͡ʒa.rʊm]
menjawab,/mənˈd͡ʒawab/
menjawab,[məɲˈd͡ʒa.wap̚]
menjejal,/mənd͡ʒəˈd͡ʒal/
menjejal,[məɲ.d͡ʒəˈd͡ʒal]
menjelajah,/mənd͡ʒəˈlad͡ʒah/
menjelajah,[məɲ.d͡ʒəˈla.d͡ʒah]
menjelaskan,/mənd͡ʒəˈlaskan/
menjelma,/ˈmənd͡ʒəlma/
menjelma,[ˈməɲ.d͡ʒəl.ma]
menjengkelkan,/mənd͡ʒɛŋˈkɛlkan/
menjengkelkan,[məɲ.d͡ʒɛŋˈkɛl.kan]
menjerit,/məɲ.d͡ʒəˈrɪt̚/
menjerit-jerit,/məɲ.d͡ʒə.rɪt̚.d͡ʒəˈrɪt̚/
menjijikkan,/məɲ.d͡ʒiˈd͡ʒɪʔ.kan/
menjual,[mənˈd͡ʒual]
menjuali,[mənˈd͡ʒuali]
menjunjung,/məɲˈd͡ʒuɲd͡ʒuŋ/
menjunjungkan,/məɲd͡ʒuɲˈd͡ʒuŋkan/
menko,/mənˈko/
menko,[mənˈko]
menlu,/mənˈlu/
menlu,[mənˈlu]
menonaktifkan,/mənonakˈtifkan/
menonaktifkan,[mə.no.nak̚ˈt̪if.kan]
menonggak,/məˈnɔŋɡak/
menonggak,[məˈnoŋ.ɡak̚]
menongkrong,/məˈnɔŋkrɔŋ/
menongkrong,[məˈnoŋ.krɔŋ]
menongkrongi,/mənɔŋˈkroŋi/
menongkrongi,[mə.nɔŋˈkro.ŋi]
menopause,/menoˈpau̯sə/
menopause,[me.noˈpau̯.sə]
menorah,/meˈnorah/
menorah,[meˈno.rah]
menormalkan,/mə.nɔrˈmal.kan/
menstruasi,/mɛnstruˈasi/
menstruasi,[mɛns.t̪ruˈa.si]
mensukseskan,/mənsukˈsɛskan/
mensukseskan,[mən.suk̚ˈsɛs.kan]
mensyukuri,/məɲʃuˈkuri/
mentah,/mənˈtah/
mentah,[mən̪ˈt̪ah]
mentah-mentah,/mənˌtah mənˈtah/
mentah-mentah,[mən̪ˌt̪ah mən̪ˈt̪ah]
mental,[mənˈtal]
mental,[ˈmɛntal]
mentalitas,/məntaˈlitas/
mentalitas,[mən̪.t̪aˈli.t̪as]
mentari,/mənˈtari/
mentari,[mən̪ˈt̪a.ri]
mentega,/mənˈtɛɡa/
mentega,[mən̪ˈt̪ɛ.ɡa]
menteri,/məntəˈri/
menteri,/mənˈtri/
menteri,[mən̪.t̪əˈri]
menteri,[mən̪ˈt̪ri]
menteri koordinator,[məntəˈri koɔrdiˈnatɔr]
menteri muda,[məntəˈri ˈmuda]
menteri negara,[məntəˈri nəˈɡara]
menteri pertama,[məntəˈri pərˈtama]
menterjemahkan,/məntərd͡ʒəˈmahkan/
menterjemahkan,[mən̪.t̪ər.d͡ʒəˈmah.kan]
mentok,/mənˈtok/
mentok,/ˈmentok/
mentok,[mən̪ˈt̪ɔk̚]
mentok,[ˈmen̪.t̪ɔk̚]
mentol,/ˈmɛn.tɔl/
mentor,/ˈmɛntor/
mentor,[ˈmen̪.t̪ɔr]
mentransplantasi,/məntransplanˈtasi/
mentransplantasi,[mən̪.t̪rans.plan̪ˈt̪a.si]
mentransplantasikan,/məntransplantaˈsikan/
mentransplantasikan,[mən̪.t̪rans.plan̪.t̪aˈsi.kan]
menu,/məˈnu/
menu,/ˈmenu/
menu,[məˈnu]
menu,[ˈme.nu]
menua,/məˈnua/
menua,[məˈnu.a]
menuju,/məˈnud͡ʒu/
menuju,[məˈnu.d͡ʒu]
menukar,/məˈnukar/
menukar,[məˈnu.kar]
menular,/məˈnular/
menular,[məˈnu.lar]
menulis,/məˈnulis/
menulis,[məˈnu.lɪs]
menuliskan,/mənuˈliskan/
menuliskan,[mə.nuˈlis.kan]
menumpang,/məˈnumpaŋ/
menumpang,[məˈnum.paŋ]
menunaikan,[mənuˈnai̯kan]
menunggak,/məˈnuŋɡak/
menunggak,[məˈnuŋ.ɡak̚]
menunggu,/məˈnuŋɡu/
menunggu,[məˈnuŋ.ɡu]
menunggui,/mənuŋˈɡui/
menunggui,[mə.nuŋˈɡu.i]
menunggukan,/mənuŋˈɡukan/
menunggukan,[mə.nuŋˈɡu.kan]
menunjukkan,/mənunˈd͡ʒukan/
menunjukkan,[mə.nuɲˈd͡ʒu.kan]
menuntut,/mə.nun.tʊt/
menurun,/məˈnurʊn/
menurunkan,/mənuˈrunkan/
menurunkan,[mə.nuˈrun.kan]
menusuk,/məˈnusuk/
menusuk,[məˈnu.sʊk̚]
menutup,/məˈnutup/
menutup,[məˈnu.t̪ʊp̚]
menutup-nutupi,/mə.nu.tʊp̚.nuˈtu.pi/
menutupi,/mə.nuˈtu.pi/
menutupkan,/mə.nuˈtʊp.kan/
menuturkan,/mənuˈturkan/
menuturkan,[mə.nuˈt̪ur.kan]
menwa,/ˈmɛnwa/
menwa,[ˈmen.wa]
meny-,/məɲ/
menyabung,/məˈɲabuŋ/
menyabung,[məˈɲa.bʊŋ]
menyadari,/məɲaˈdari/
menyadari,[mə.ɲaˈda.ri]
menyadarkan,/mə.ɲaˈdar.kan/
menyadarkan,[mə.ɲaˈdar.kan]
menyahut,/məˈɲahut/
menyahut,[məˈɲa.hʊt̪̚]
menyahuti,/məɲaˈhuti/
menyahuti,[mə.ɲaˈhu.t̪i]
menyaingi,/mə.ɲaˈi.ŋi/
menyala-nyala,/mə.ɲa.laˈɲa.la/
menyalahgunakan,[məɲalahɡuˈnakan]
menyalin,/məˈɲalin/
menyalin,[məˈɲa.lɪn]
menyalir,/məˈɲalir/
menyalir,[məˈɲa.lɪr]
menyambar,/məˈɲambar/
menyambar,[məˈɲam.bar]
menyambung,/məˈɲambuŋ/
menyambung,[məˈɲam.bʊŋ]
menyambut,/məˈɲambut/
menyambut,[məˈɲam.bʊt̪̚]
menyampul,/məˈɲampul/
menyampuli,/məɲamˈpuli/
menyandang,/məˈɲandaŋ/
menyangga,/məˈɲaŋɡa/
menyangga,[məˈɲaŋ.ɡa]
menyanggah,/məˈɲaŋɡah/
menyanggah,[məˈɲaŋ.ɡah]
menyangrai,/məˈɲaŋrai̯/
menyangrai,[məˈɲaŋ.rai̯]
menyanyi,/məˈɲaɲi/
menyanyi,[məˈɲa.ɲi]
menyapa,/məˈɲapa/
menyapa,[məˈɲa.pa]
menyapukan,/məɲaˈpukan/
menyapukan,[mə.ɲaˈpu.kan]
menyarap,[məˈɲarap̚]
menyarung,/məˈɲaruŋ/
menyarung,[məˈɲa.rʊŋ]
menyatu,/məˈɲatu/
menyatu,[məˈɲa.t̪u]
menyawak,/məˈɲawak/
menyawak,[məˈɲa.wak̚]
menyawer,/məˈɲawɛr/
menyawer,[məˈɲa.wɛr]
menyebar,/məɲəˈbar/
menyedot,/mə.ɲəˈdɔt̚/
menyeka,/məˈɲeka/
menyeka,[məˈɲe.ka]
menyekap,/məɲəˈkap/
menyekap,[mə.ɲəˈkap̚]
menyekolahkan,/məɲəkoˈlahkan/
menyelampai,/məɲəˈlampai̯/
menyelampai,[mə.ɲəˈlam.pai̯]
menyelang,/məɲəˈlaŋ/
menyembah,/ˈməɲəmbah/
menyembah,[ˈmə.ɲəm.bah]
menyembelih,/məɲəmbəˈlih/
menyembelih,[mə.ɲəm.bəˈlɪh]
menyempat,/mə.ɲəmˈpat̚/
menyempit,/ˈməɲəmpit/
menyempit,[ˈmə.ɲəm.pɪt̪̚]
menyenangkan,/mə.ɲəˈnaŋ.kan/
menyenangkan,[mə.ɲəˈnaŋ.kan]
menyendi,/məɲənˈdi/
menyenggangkan,/mə.ɲəŋˈɡaŋ.kan/
menyenggol,/məˈɲɛŋɡɔl/
menyenggol,[məˈɲeŋ.ɡɔl]
menyengir,/ˈməɲəŋir/
menyengir,[ˈmə.ɲə.ŋɪr]
menyentuh,/ˈməɲəntuh/
menyentuh,[ˈmə.ɲən̪.t̪ʊh]
menyepel,[məɲəˈpɛl]
menyerahkan,/məɲərahkan/
menyerak,/məˈɲerak/
menyerak-nyerakkan,/məɲerakɲeˈrakkan/
menyerakkan,/məɲeˈrakkan/
menyerat,/ˈmə.ɲə.rat/
menyerat,[ˈmə.ɲə.rat̪̚]
menyerbuk,/ˈmə.ɲər.buk/
menyerbuk,[ˈmə.ɲər.bʊk̚]
menyeret,/məˈɲɛrɛt/
menyeret,[məˈɲɛ.rɛt̪̚]
menyeri,/məɲəˈri/
menyesatkan,[məɲəˈsatkan]
menyetan,/məˈɲetan/
menyetan,[məˈɲe.t̪an]
menyetrum,/məɲəˈtrum/
menyetrum,[mə.ɲəˈt̪rʊm]
menyiarkan,/məɲiarkan/
menyigung,/məˈɲiɡuŋ/
menyigung,[məˈɲi.ɡʊŋ]
menyilakan,/məɲiˈlakan/
menyilakan,[mə.ɲiˈla.kan]
menyimpan,/məɲimpan/
menyinar,/məˈɲinar/
menyinar,[məˈɲi.nar]
menyinggung,/məˈɲiŋɡuŋ/
menyinggung,[məˈɲiŋ.ɡʊŋ]
menyiram,/məˈɲiram/
menyiram,[məˈɲi.ram]
menyita,/məˈɲita/
menyita,[məˈɲi.t̪a]
menyopani,/mə.ɲɔˈpani/
menyopankan,/mə.ɲɔˈpan.kan/
menyudahkan,/məɲuˈdahkan/
menyudahkan,[mə.ɲuˈdah.kan]
menyukai,/məɲuˈkai/
menyukai,[mə.ɲuˈka.i]
menyukakan,/məɲuˈkakan/
menyukakan,[mə.ɲuˈka.kan]
menyukseskan,/məɲukˈsɛskan/
menyukseskan,[mə.ɲuk̚ˈsɛs.kan]
menyulang,/məˈɲulaŋ/
menyulang,[məˈɲu.laŋ]
menyulap,/məˈɲulap/
menyulap,[məˈɲu.lap̚]
menyuntik,/məˈɲuntik/
menyuntik,[məˈɲun̪.t̪ɪk̚]
menyunting,/məɲuntiŋ/
menyurat,[məˈɲurat̚]
menyuratkan,/məɲuˈratkan/
menyuratkan,[mə.ɲuˈrat̪̚.kan]
menyuruhkan,/məɲuˈruhkan/
menyuruhkan,[mə.ɲuˈruh.kan]
menyusul,/məˈɲusul/
menyusul,[məˈɲu.sʊl]
menyusun,/mə.ɲu.sʊn/
menyusut,/məˈɲu.sʊt̚/
menyusuti,/mə.ɲuˈsu.ti/
menzikiri,/mənziˈkiri/
menzikiri,[mən.ziˈki.ri]
menzikirkan,/mənziˈkirkan/
menzikirkan,[mən.ziˈkir.kan]
meong,/ˈmeoŋ/
meong,/ˈmɛoŋ/
meong,[ˈme.ɔŋ]
meong,[ˈmɛ.ɔŋ]
meracun,/məˈra.tʃʊn/
meracuni,/mə.raˈtʃu.ni/
meragu,/məˈraɡu/
merah,/məˈrah/
merah,/ˈmɛrah/
merah,[məˈrah]
merah,[ˈmɛ.rah]
merah padam,/ˈmɛrah ˈpadam/
meraih,/məraih/
meraja,/mərad͡ʒa/
merajuk,/məˈrad͡ʒuk/
merajuk,[məˈra.d͡ʒʊk̚]
merak,/məˈrak/
merak,[məˈrak̚]
merampas,/məˈrampas/
merampas,[məˈram.pas]
merampok,[məˈrampɔk̚]
merana,[məˈra.na]
merang,/məˈraŋ/
merang,/ˈmeraŋ/
merang,[məˈraŋ]
merang,[ˈme.raŋ]
merangkai,/məˈraŋkaj/
merangkak,/məˈraŋkak/
merangkak,[məˈraŋ.kak̚]
meranti,[məˈranti]
merasa,/məˈra.sa/
merauke,/me.raˈu.ke/
merauke,[me.raˈu.ke]
merawat,/məˈrawat/
merawat,[məˈra.wat̪̚]
merawi,/məˈrawi/
merawi,[məˈra.wi]
merayakan,/məraˈjakan/
merayakan,[mə.raˈja.kan]
merayap,/məˈrajap/
merayap,[məˈra.jap̚]
mercon,/mərˈt͡ʃon/
mercon,[mərˈt͡ʃon]
mercu,[mərt͡ʃu]
mercusuar,[mərt͡ʃuˈsuar]
merdeka,/mərˈdeka/
merdeka,[mərˈde.ka]
merdu,[mərˈdu]
merebahkan,/mərəˈbahkan/
merebahkan,[mə.rəˈbah.kan]
mereformasi,/məreforˈmasi/
mereformasi,[mə.re.forˈma.si]
merek,[ˈmɛ.rək̚]
merek dagang,[ˈmɛrək̚ ˈdaɡaŋ]
mereka,/məˈreka/
mereka,[məˈre.ka]
mereka-reka,/məˌreka ˈreka/
mereka-reka,[məˌre.ka ˈre.ka]
merekam,/mə.rəˈkam/
merekat,/mərəˈkat/
merekat,[mə.rəˈkat̪̚]
merekonstruksi,/mə.re.konˈstruk.si/
merekonstruksi,[mə.rɛ.kɔnˈstrʊk.si]
merempah,/mərəmˈpah/
merempah,[mə.rəmˈpah]
merempah-rempah,/ˌmərəmpah rəmˈpah/
merempah-rempah,[ˌmə.rəm.pah rəmˈpah]
merempah-rempahi,/ˌmərəmpah rəmˈpahi/
merempah-rempahi,[ˌmə.rəm.pah rəmˈpa.hi]
merencanakan,/mərənt͡ʃaˈnakan/
merencanakan,[mə.rəɲ.t͡ʃaˈna.kan]
merendah,/mərənˈdah/
merendah,[mə.rənˈdah]
merenggang,/mərəŋˈɡaŋ/
merenggang,[mə.rəŋˈɡaŋ]
merenung,/mərəˈnuŋ/
merenung,[mə.rəˈnuŋ]
meriam,/məˈriam/
meriam,[məˈri.am]
meriang,/məˈriaŋ/
meriang,[məˈri.aŋ]
merica,/məˈri.t͡ʃa/
merica,[məˈri.t͡ʃa]
merino,[məˈri.no]
merintih,/məˈrintih/
merintih,[məˈrin̪.t̪ɪh]
meritokrasi,/me.ri.to.ˈkra.si/
meritokratis,/me.ri.to.ˈkra.tɪs/
merjan,/mərˈd͡ʒan/
merjan,[mərˈd͡ʒan]
merk,/mɛrk/
merkurius,/mɛrkuˈrius/
merkurius,[mɛr.kuˈri.ʊs]
merogol,/məˈrɔ.ɡɔl/
merojol,/məˈrod͡ʒol/
merojol,[məˈro.d͡ʒɔl]
merokok,/məˈrokoʔ/
merokok,[məˈro.kɔʔ]
merona,/məˈrona/
merona,[məˈro.na]
meronimi,/meroˈnimi/
meronimi,[me.roˈni.mi]
merosot,/məˈrosot/
merosot,[məˈro.sɔt̪̚]
merpati,/mərˈpati/
merpati,[mərˈpa.t̪i]
mertua,/mərˈtu.a/
mertua,[mərˈt̪u.a]
meru,/ˈmeru/
meru,[ˈme.ru]
merubah,/məˈru.bah/
merubah,[məˈru.bah]
merugikan,/məruˈɡikan/
merugikan,[mə.ruˈɡi.kan]
merumahsakitkan,/mərumahsaˈkitkan/
merumahsakitkan,[mə.ru.mah.saˈkit̪̚.kan]
meruncing,/məˈruɲ.t͡ʃɪŋ/
meruncingkan,/mə.rʊɲˈt͡ʃiŋ.kan/
merunut,/məˈru.nut/
merunut,[məˈru.nʊt̪̚]
merupakan,/mərupakan/
merusak,/mərusaʔ/
mes,[ˈmɛs]
meses,/ˈmɛsəs/
meses,[ˈmɛ.səs]
mesin,/məˈsin/
mesin,[məˈsin]
mesin cuci,/məˌsin ˈt͡ʃut͡ʃi/
mesin cuci,[məˌsɪɲ ˈt͡ʃu.t͡ʃi]
mesin jahit,/məˌsin ˈd͡ʒa.hit/
mesin jahit,[məˌsɪɲ ˈd͡ʒa.hɪt̪̚]
mesin tik,/məˌsin ˈtik/
mesin tik,[məˌsɪn̪ ˈt̪ɪk̚]
mesin tulis,[məˈsin ˈtulis]
mesir,/məˈsir/
mesir,[məˈsɪr]
mesjid,/məsˈd͡ʒid/
mesjid,[məsˈd͡ʒɪt̪̚]
meski,/məsˈki/
meskipun,/məsˈkipun/
meskipun,[məsˈki.pʊn]
meso-,[meso]
mesra,[məsˈra]
mester,[ˈmɛstər]
mesti,[məsˈti]
mestizo,/mɛs.ˈti.zo/
mesum,/məˈsum/
mesum,[məˈsum]
meta,/məˈta/
meta,[məˈt̪a]
meta-,[mɛta]
metabolik,/metaˈbolik/
metabolik,[me.t̪aˈbo.lɪk̚]
metabolis,/mətaˈbolis/
metabolis,[mə.t̪aˈbo.lɪs]
metabolisme,/mɛtaboˈlɪsmə/
metabolit,/metaˈbolit/
metabolit,[me.t̪aˈbo.lɪt̪̚]
metadata,/mətaˈdata/
metadata,[mə.t̪aˈda.t̪a]
metafora,/mətaˈfora/
metafora,[mə.t̪aˈfo.ra]
metah,/məˈtah/
metah,[məˈt̪ah]
metamorfosis,/metamɔrˈfosɪs/
metana,/mɛ.ta.na/
metastase,[mɛtaˈstasə]
metastasis,[mɛtaˈstasis]
meter,[ˈmɛ.tər]
meter jam,/ˌmetər ˈd͡ʒam/
meter jam,[ˌme.t̪ər ˈd͡ʒam]
meter persegi,/ˌmətər ˈpərsəɡi/
meter persegi,[ˌmə.t̪ər ˈpər.sə.ɡi]
meterai,[mət̪əˈrai]
metilasi,/metiˈlasi/
metilasi,[me.t̪iˈla.si]
metode,[meˈtode]
metode penyusutan,/ˈmɛtɔdə pə.ɲuˈsu.tan/
metropolis,/mɛtroˈpolis/
metropolis,[mɛ.t̪roˈpo.lɪs]
metropolitan,/metropoˈlitan/
metropolitan,[me.t̪ro.poˈli.t̪an]
metrum,[ˈmɛt.rʊm]
mewabah,/məˈwabah/
mewabah,[məˈwa.bah]
mewacanakan,/məwat͡ʃaˈnakan/
mewacanakan,[mə.wa.t͡ʃaˈna.kan]
mewah,/ˈmewah/
mewah,[ˈme.wah]
mewajibkan,/məwaˈd͡ʒibkan/
mewajibkan,[mə.waˈd͡ʒip̚.kan]
meyakinkan,/məjaˈkinkan/
meyakinkan,[mə.jaˈkin.kan]
mgmp,/ɛm.ɡeˈɛm.pe/
mgmp,[ɛm.ɡeˈɛm.pe]
mi,/ˈmi/
mi,/ˈɛm.i/
mi,[ˈmi]
mi goreng,/ˌmi ˈɡorɛŋ/
mi goreng,[ˌmi ˈɡo.rɛŋ]
mi instan,/ˌmi ˈinstan/
mi instan,[ˌmi ˈins.t̪an]
micin,/mi.t͡ʃin/
migas,/ˈmiɡas/
migas,[ˈmi.ɡas]
migrain,[miˈɡrain]
migran,/ˈmiɡran/
migran,[ˈmik̚.ran]
migrasi,/miˈɡrasi/
migrasi risen,/miɡˌrasi ˈrisən/
migrasi risen,[miɡˌra.si ˈri.sən]
mihrab,/ˈmihrab/
mihrab,[ˈmih.rap̚]
mikha,/ˈmi.xa/
mikha,[ˈmi.xa]
mikir,/ˈmikir/
mikir,[ˈmi.kɪr]
mikologi,/mikoˈloɡi/
mikologi,[mi.koˈlo.ɡi]
mikosyi,/miˈkoʃi/
mikosyi,[miˈko.ʃi]
mikotik,/miˈkotik/
mikotik,[miˈko.t̪ɪk̚]
mikro,/ˈmikro/
mikro,[ˈmik̚.ro]
mikro-,[mikro]
mikrob,/miˈkrɔp/
mikrobiologi,/mikrobioˈloɡi/
mikrobiologi,[mik̚.ro.bi.oˈlo.ɡi]
mikroelektronika,/mikroelɛktroˈnika/
mikroelektronika,[mik̚.ro.e.lɛk̚.t̪roˈni.ka]
mikrofilm,/mikˈro.film/
mikrofilm,[mik̚ˈro.film]
mikrofis,/mikˈro.fis/
mikrofis,[mik̚ˈro.fɪs]
mikrofon,/miˈkrofon/
mikrofon,[miˈkro.fɔn]
mikrokontroler,/mik.ro.konˈtro.lər/
mikrokontroler,[mik̚.ro.kon̪ˈt̪ro.lər]
mikronasionalisme,/mikronasionaˈlismə/
mikronasionalisme,[mik̚.ro.na.si.o.naˈlis.mə]
mikropengendali,/mik.ro.pə.ŋənˈda.li/
mikropengendali,[mik̚.ro.pə.ŋənˈda.li]
mikroskop,/miˈkroskop/
mikroskop,[miˈkro.skɔp̚]
miksi,[ˈmɪk̚si]
mil,/ˈmil/
mil,[ˈmɪl]
mil laut,/ˈmɪl ˈla.ʊt/
milad,[ˈmilat̚]
milenarianisme,/milənariaˈnismə/
milenarianisme,[mi.lə.na.ri.aˈnis.mə]
milenial,[mi.leˈni.al]
milenium,[mi.leˈni.ʊm]
mili-,[mi.li]
miliar,[miˈliar]
milieu,[miˈli.əu̯]
milik,/ˈmilik/
milik,[ˈmi.lɪk̚]
milisi,[miˈlisi]
militer,[miˈli.tɛr]
milu,/ˈmilu/
milu,[ˈmi.lu]
mimbar,[ˈmɪmbar]
mimbar kuliah,/ˌmimbar kuˈliah/
mimbar kuliah,[ˌmim.bar kuˈli.ah]
mimin,/ˈmimin/
mimin,[ˈmi.mɪn]
mimisan,/miˈmisan/
mimisan,[miˈmi.san]
mimpi,/ˈmimpi/
mimpi,[ˈmim.pi]
mimpi buruk,/ˌmimpi ˈburuk/
mimpi buruk,[ˌmim.pi ˈbu.rʊk̚]
min,/ˈmin/
min,[ˈmin]
mina,[ˈmina]
minang,/ˈminaŋ/
minang,[ˈmi.naŋ]
minaret,/miˈnarɛt/
minarkisme,/minarˈkismə/
minarkisme,[mi.narˈkis.mə]
minder,/ˈmɪn.dər/
mineragrafi,/mi.nə.raˈɡra.fi/
mineragrafi,[mi.nə.raˈɡra.fi]
mineral,/minəˈral/
mineral,[mi.nəˈral]
minerba,/ˈminərba/
minerba,[ˈmi.nər.ba]
minggu,/ˈmiŋɡu/
minggu,[ˈmiŋ.ɡu]
minggu depan,/mɪŋ.ɡu dəˈpan/
minggu paskah,/ˌmiŋɡu ˈpaskah/
minggu paskah,[ˌmiŋ.ɡu ˈpas.kah]
mingguan,/miŋˈɡuan/
mingguan,[miŋˈɡu.an]
mini,/ˈmini/
mini,[ˈmi.ni]
mini-,[mini]
minimarket,/miniˈmarkət/
minimarket,[mi.niˈmar.kət̪̚]
ministri,[ministri]
minor,[ˈminɔr]
minta,/ˈminta/
minta,[ˈmin̪.t̪a]
minta ampun,/mɪn.ta ˈam.pʊn/
minta maaf,/ˌminta ˈmaaf/
minta maaf,[ˌmin̪.t̪a ˈma.(ʔ)af]
minta tolong,/mɪn.ta ˈtɔ.lɔŋ/
minta-minta,/ˌminta ˈminta/
minta-minta,[ˌmin̪.t̪a ˈmin̪.t̪a]
mintai,/minˈtai/
mintai,[min̪ˈt̪a.i]
mintailah,/minˈtai̯lah/
mintailah,[min̪ˈt̪ai̯.lah]
mintakan,/minˈtakan/
mintakan,[min̪ˈt̪a.kan]
mintakanlah,/mintaˈkanlah/
mintakanlah,[min̪.t̪aˈkan.lah]
mintakat,/minˈtakat/
mintakat,[min̪ˈt̪a.kat̪̚]
mintalah,/minˈtalah/
mintalah,[min̪ˈt̪a.lah]
mintol,/ˈmintɔl/
mintol,[ˈmin̪.t̪ɔl]
mintuna,/minˈtuna/
mintuna,[min̪ˈt̪u.na]
minum,/ˈminum/
minum,[ˈmi.nʊm]
minum-minum,/ˌminum ˈminum/
minum-minum,[ˌmi.nʊm ˈmi.nʊm]
minuman,/miˈnuman/
minuman,[miˈnu.man]
minuman keras,/miˌnuman kəˈras/
minuman keras,[miˌnu.man kəˈras]
minumi,/miˈnumi/
minumi,[miˈnu.mi]
minumlah,/miˈnumlah/
minumlah,[miˈnum.lah]
minyak,/ˈmiɲaʔ/
minyak,[ˈmi.ɲaʔ]
minyak bumi,/ˈmiɲak̚ ˈbumi/
minyak goreng,[ˈmiɲak ˈɡorɛŋ]
minyak melati,/ˌmiɲak məˈlati/
minyak melati,/ˌmiɲaʔ məˈlati/
minyak melati,[ˌmi.ɲak̚ məˈla.t̪i]
minyak melati,[ˌmi.ɲaʔ məˈla.t̪i]
minyak rambut,[ˈmiɲak ˈrambʊt̚]
minyak samin,/ˌmiɲak ˈsamin/
minyak samin,[ˌmi.ɲak̚ ˈsa.mɪn]
minyak tanah,/ˈmiɲak ˈtanah/
minyak yasmin,/ˌmiɲak ˈjasmin/
minyak yasmin,/ˌmiɲaʔ ˈjasmin/
minyak yasmin,[ˌmi.ɲak̚ ˈjas.mɪn]
minyak yasmin,[ˌmi.ɲaʔ ˈjas.mɪn]
miotonia,/miotoˈnia/
miotonia,[mi.o.t̪oˈni.a]
miotonik,/mioˈtonik/
miotonik,[mi.oˈt̪o.nɪk̚]
mipa,/mi.pa/
miras,/ˈmiras/
miras,[ˈmi.ras]
mirin,[ˈmirɪn]
miring,/ˈmiriŋ/
miring,[ˈmi.rɪŋ]
mirip,/ˈmirip/
mirip,[ˈmi.rɪp̚]
misa,[ˈmi.sa]
misal,/ˈmisal/
misal,[ˈmi.sal]
misalnya,/miˈsal.ɲa/
misbar,/ˈmɪs.bar/
misdinar,/misˈdinar/
misdinar,[misˈdi.nar]
misi,[ˈmi.si]
misionaris,[mi.si.oˈna.rɪs]
miskal,/ˈmiskal/
miskal,[ˈmis.kal]
miskin,/ˈmɪs.kɪn/
miskom,/ˈmiskom/
miskom,[ˈmis.kɔm]
miskomunikasi,/miskomuniˈkasi/
miskomunikasi,[mis.ko.mu.niˈka.si]
miskram,/ˈmiskram/
miskram,[ˈmis.kram]
miso,/ˈmiso/
miso,[ˈmi.so]
misoa,/miˈsoa/
misoa,[miˈso.a]
mistar,[ˈmɪs.tar]
misteri,[mɪsˈte.ri]
misterius,/misteˈrius/
misterius,[mis.t̪eˈri.ʊs]
mistis,/ˈmistis/
mistis,[ˈmis.t̪ɪs]
mita,/ˈmita/
mita,[ˈmi.t̪a]
mitigasi,/mi.ti.ˈɡa.si/
mitokondria,/mitokonˈdria/
mitokondria,[mi.t̪o.konˈdri.a]
mitos,/mitos/
mitra,[ˈmi.tra]
mitra,[ˈmɪt̚.ra]
mizab,/ˈmizab/
mizab,[ˈmi.zap̚]
mk,/ˈɛm.ka/
mk,[ˈɛm.ka]
mkdk,/ɛmkaˈdeka/
mkdu,/ɛmkaˈdeu/
mkg,/ɛmˈkaɡe/
mkk,/ɛmˈkaka/
mnemonik,/mneˈmonik/
mnemonik,[mneˈmo.nɪk̚]
mob,/ˈmob/
mob,[ˈmɔp̚]
mobil,/ˈmobil/
mobil,[ˈmo.bɪl]
mobil listrik,/ˌmo.bil ˈlis.trik/
mobil listrik,[ˌmo.bɪl ˈlis.t̪rɪk̚]
mobilisasi,/mobiliˈsasi/
mobilisasi,[mo.bi.liˈsa.si]
mobilitas,/mo.bi.ˈli.tas/
moci,/mot͡ʃi/
moda,/ˈmo.da/
modal,[ˈmo.d̪al]
modalitas,/modaˈlitas/
mode,[ˈmo.də]
model,/ˈmɔdɛl/
model,[ˈmɔ.dɛl]
model mental,/mo.dɛl ˈmen.tal/
modem,/ˈmodəm/
modem,[ˈmo.dəm]
moderator,[modəˈratɔr]
modern,[moˈdɛr(ə̆)n]
modernisme,[mo.dɛr(ə̆)ˈnɪs.mə]
modernitas,[modɛrˈnitas]
modifikasi,[modifiˈkasi]
modin,/ˈmodin/
modin,[ˈmo.dɪn]
modis,[ˈmod̪ɪs]
modiste,[moˈdɪstə]
modul,/ˈmodul/
modul,[ˈmo.dʊl]
modulasi,[moduˈlasi]
modus,[ˈmo.dʊs]
moga,/ˈmoɡa/
moga-moga,/ˌmoɡa ˈmoɡa/
moga-moga,[ˌmo.ɡa ˈmo.ɡa]
mogok,/ˈmɔɡɔʔ/
mogok,[ˈmɔ.ɡɔʔ]
moha,/ˈmoha/
moha,[ˈmo.ha]
mohon,/ˈmohon/
mohon,[ˈmo.hɔn]
mohor,[ˈmo.hɔr]
mojokerto,/moˈd͡ʒokərto/
mojokerto,/mɔˈd͡ʒɔkərtɔ/
mojokerto,[moˈd͡ʒo.kər.t̪o]
mojokerto,[mɔˈd͡ʒɔ.kər.t̪ɔ]
mokap,/ˈmɔ.kap̚/
mokat,[ˈmo.kat̚]
mokbang,[ˈmɔk.bʌŋ]
mokel,/ˈmɔkɛl/
mokel,[ˈmɔ.kɛl]
mokhtar,/ˈmohtar/
mokhtar,/ˈmoktar/
mokhtar,/ˈmoxtar/
mokhtar,[ˈmoh.t̪ar]
mokhtar,[ˈmok̚.t̪ar]
mokhtar,[ˈmox.t̪ar]
moksa,/ˈmoksa/
moksa,[ˈmok̚.sa]
moktail,/mɔk̚ˈtaɪl/
mokumenter,/mokuˈmentər/
mokumenter,[mo.kuˈmen̪.t̪ər]
mol,/ˈmɔl/
molar,/ˈmolar/
molar,[ˈmo.lar]
molase,/moˈlase/
molase,[moˈla.se]
molek,/ˈmolɛk/
molek,[ˈmo.lɛk̚]
molekul,[moləˈkʊl]
molekuler,/mo.lə.ˈku.lɛr/
molo,/ˈmolo/
molo,[ˈmo.lo]
molor,/molɔr/
momen,/ˈmomən/
momen,/ˈmomɛn/
momen,[ˈmo.mən]
momen,[ˈmo.mɛn]
momentum,/mo.ˈmɛn.tʊm/
momod,/ˈmomod/
momod,[ˈmo.mɔt̪̚]
momok,/ˈmomoʔ/
momok,[ˈmo.mɔʔ]
monarki,/moˈnarki/
monarki konstitusional,/mo.ˈnar.ki kɔn.sti.tu.si.ˈo.nal/
monas,/ˈmo.nas/
monas,[ˈmo.nas]
mondar-mandir,/ˌmondar ˈmandir/
mondar-mandir,[ˌmon.dar ˈman.dɪr]
moneter,[monəˈtɛr]
monev,/ˈmo.nəv/
monev,[ˈmo.nəf]
monggo,/ˈmɔŋɡɔ/
monggo,[ˈmoŋ.ɡɔ]
monitor,/moˈnitor/
monitor,[moˈni.t̪ɔr]
monodisiplin,/monodiˈsiplin/
monodisiplin,[mo.no.diˈsip̚.lɪn]
monogami,/monoˈɡami/
monogami,[mo.noˈɡa.mi]
monokrasi,/monokˈrasi/
monokrasi,[mo.nok̚ˈra.si]
monomer,/moˈnomɛr/
mononukleosis,/mononukleˈosis/
mononukleosis,[mo.no.nuk̚.leˈo.sɪs]
monopoli,/monoˈpoli/
monopoli,[mo.noˈpo.li]
monorel,/moˈno.rel/
monorel,[moˈno.rɛl]
monoteisme,/mɔ.nɔ.tɛˈɪs.mə/
monoton,/moˈnoton/
monoton,[moˈno.t̪ɔn]
monsinyur,[mɔnˈsi.ɲʊr]
monstrans,/ˈmonstrans/
monstrans,[ˈmons.t̪rans]
monsun,/ˈmonsun/
monsun,[ˈmon.sʊn]
montase,/mɔn.ˈta.sə/
montessori,/monteˈsori/
montessori,[mon̪.t̪eˈso.ri]
montir,[ˈmɔn.tɪr]
monumen,/moˈnumɛn/
monumen,[moˈnu.mɛn]
monyet,/ˈmoɲet/
monyet,[ˈmo.ɲɛt̪̚]
mop,/ˈmop/
mop,[ˈmɔp̚]
mopit,[ˈmopɪt]
moral,/ˈmoral/
moralitas,/moraˈlitas/
moratoir,/mo.raˈto.ir/
moratoir,[mo.raˈt̪o.ɪr]
morbiditas,[mɔrbiˈditas]
morel,/ˈmorel/
morfologi,[mɔrfoˈloɡi]
mori,[ˈmori]
mormonisme,/mor.moˈnis.mə/
mormonisme,[mor.moˈnis.mə]
mortalitas,[mɔrtaˈlitas]
mortar,[ˈmɔr.tar]
mortem,/ˈmor.təm/
mortem,[ˈmor.t̪əm]
mortir,[ˈmɔr.tɪr]
mosaik,/moˈsaɪk̚/
mosi,[ˈmo.si]
mosi tidak percaya,[ˈmosi ˈtidak pərˈt͡ʃaja]
moster,/ˈmostər/
moster,[ˈmos.t̪ər]
motif,/ˈmɔ.tɪf/
motivasi,/motiˈvasi/
motivasi,[mo.t̪iˈfa.si]
motivator,/motiˈvatɔr/
motivator,[mo.t̪iˈfa.t̪ɔr]
motor,[ˈmotɔr]
mpr,/ɛmˈpe.ɛr/
mpr,[ɛmˈpe.ɛr]
mt,/ɛm.te/
mua,/ˈmua̯/
muai,/ˈmuai̯/
muai,[ˈmu.ai̯]
mual,/ˈmual/
mual,[ˈmu.al]
mualim,/muˈalim/
mualim,[muˈa.lɪm]
mualim i,/muˌalim pərˈtama/
mualim i,/muˌalim ˈsatu/
mualim i,[muˌa.lɪm pərˈt̪a.ma]
mualim i,[muˌa.lɪm ˈsa.t̪u]
muamalah,/muamalah/
muara,[ˈmua̯.ra]
muat,[ˈmuat]
muatan,[muˈatan]
muatan lokal,[muˈatan ˈlokal]
muatan sumbu,/muˌa.tan ˈsum.bu/
muatan sumbu,[muˌa.t̪an ˈsum.bu]
muazin,/muˈazin/
muazin,[muˈa.zɪn]
mubarak,/muˈba.rak̚/
mubazir,[muˈbazɪr]
muda,/ˈmuda/
muda,[ˈmu.da]
mudah,/ˈmudah/
mudah,[ˈmu.dah]
mudah-mudahan,/mu.dah mu.da.han/
mudarabah,/mudaˈrabah/
mudarabah,[mu.daˈra.bah]
mudarat,/mudarat/
mudigah,/muˈdiɡah/
mudik,[ˈmu.dɪk]
mudra,/mud.ra/
mufakat,[muˈfa.kat]
mufasir,/mufasɪr/
mufrad,/ˈmufrat/
mufrad,[ˈmuf.rat̪̚]
mugiarto,/muɡiˈarto/
mugiarto,[mu.ɡiˈar.t̪o]
muhammad,[muˈhamat̚]
muharam,/muˈharam/
muharam,[muˈha.ram]
muhasabah,/muhaˈsabah/
muhasabah,[mu.haˈsa.bah]
muhrim,/ˈmʊhrɪm/
mujair,/muˈd͡ʒair/
mujair,[muˈd͡ʒa.ɪr]
mujarad,/muˈd͡ʒarad/
mujarad,[muˈd͡ʒa.rat̪̚]
mujtamak,/mud͡ʒˈtamaʔ/
mujtamak,[mud͡ʒˈt̪a.maʔ]
muka,/ˈmuka/
muka,[ˈmu.ka]
mukbang,/ˈmuːkbɑŋ/
mukbang,/ˈmʊkbɑŋ/
mukhtar,/ˈmuktar/
mukhtar,/ˈmuxtar/
mukhtar,[ˈmuk̚.t̪ar]
mukhtar,[ˈmux.t̪ar]
mukim,[ˈmukɪm]
mukjizat,/mʊʔˈd͡ʒizat̚/
mukmin,/ˈmuʔmin/
mukmin,[ˈmuʔ.mɪn]
mukminah,/muʔˈminah/
mukminah,[muʔˈmi.nah]
mukminat,/mʊʔˈminat̚/
mukminin,/muʔˈminin/
mukminin,[muʔˈmi.nɪn]
muktamad,/mʊʔ.ˈta.mat/
muktamar,/mʊʔˈtamar/
muktazilah,/muʔtaˈzilah/
muktazilah,[muʔ.t̪aˈzi.lah]
mula,/mula/
mula-mula,/mu.la.muˈla/
mulai,/muˈlai/
mulai,/ˈmulai̯/
mulai,[muˈla.i]
mulai,[ˈmu.lai̯]
mulasara,/mulaˈsara/
mulasara,[mu.laˈsa.ra]
mulia,/muˈlia/
mulia,[muˈli.a]
multi-,[mʊlti]
multijalur,/multiˈd͡ʒalur/
multijalur,[mul.t̪iˈd͡ʒa.lʊr]
multilateralisme,/multilatəraˈlismə/
multilateralisme,[mul.t̪i.la.t̪ə.raˈlis.mə]
multipel,/mulˈtipəl/
multipel,[mulˈt̪i.pəl]
multipolaritas,/multipolaˈritas/
multipolaritas,[mul.t̪i.po.laˈri.t̪as]
muluk,/ˈmu.lʊʔ/
mulur,/ˈmulur/
mulur,[ˈmu.lʊr]
mulus,/ˈmulus/
mulus,[ˈmu.lʊs]
mulut,/ˈmu.lut/
mulut,[ˈmu.lʊt̪̚]
mumayiz,/muˈma.jiz/
mumayiz,[muˈma.jɪz]
mumet,/ˈmumət/
mumet,[ˈmu.mət̪̚]
munafik,/muˈnafik/
munafik,[muˈna.fɪk̚]
munas,/ˈmunas/
munas,[ˈmu.nas]
munci,[ˈmʊnt͡ʃi]
muncikari,[mʊnt͡ʃiˈkari]
muncrat,/ˈmunt͡ʃrat/
muncrat,[ˈmuɲ.t͡ʃrat̪̚]
mundur,/ˈmundur/
mundur,[ˈmun.dʊr]
mungkin,/ˈmuŋkin/
mungkin,[ˈmuŋ.kɪn]
mungkir,/ˈmuŋ.kir/
mungkir,[ˈmuŋ.kɪr]
munguk,/ˈmuŋuʔ/
munguk,[ˈmu.ŋʊʔ]
munsyi,/mun.ʃi/
muntok,/ˈmuntok/
muntok,/ˈmuntoʔ/
muntok,[ˈmun̪.t̪ɔk̚]
muntok,[ˈmun̪.t̪ɔʔ]
mupel,/ˈmupəl/
mupel,[ˈmu.pəl]
mur,/mur/
murabahah,/muraˈbahah/
murabahah,[mu.raˈba.hah]
murakabi,/mu.ra.ka.bi/
muram,/ˈmuram/
muram,[ˈmu.ram]
murbei,/ˈmurbei̯/
murbei,[ˈmur.bei̯]
murdianto,/murdiˈanto/
murdianto,[mur.diˈan̪.t̪o]
muri,/ˈmuri/
muri,[ˈmu.ri]
murid,/ˈmurid/
murid,[ˈmu.rɪt̪̚]
murka,/ˈmʊr.ka/
murni,/ˈmur.ni/
murni,[ˈmur.ni]
murung,/ˈmuruŋ/
murung,[ˈmu.rʊŋ]
murup,/ˈmurup/
murup,[ˈmu.rʊp̚]
muryono,/muˈrjono/
muryono,[muˈrjo.no]
musa,/ˈmu.sa/
musa,[ˈmu.sa]
musabaqah,/musaˈbakah/
musabaqah,[mu.saˈba.kah]
musabaqah tilawatil qur'an,/mu.saˌba.kah ti.laˌwa.til ˈkur.an/
musabaqah tilawatil qur'an,[mu.saˌba.kah t̪i.laˌwa.t̪ɪl ˈkur.an]
musala,[muˈsala]
musang,/ˈmusaŋ/
museum,[muˈseʊm]
museum,[mʊˈsjʊm]
musik,/ˈmusik/
musik,[ˈmu.sɪk̚]
musikan,/muˈsikan/
musikan,[muˈsi.kan]
musikus,/muˈsi.kʊs/
musim,/ˈmusim/
musim,[ˈmu.sɪm]
musim dingin,/ˌmusim ˈdiŋin/
musim dingin,[ˌmu.sɪm ˈdi.ŋɪn]
musim gugur,/ˌmusim ˈɡuɡur/
musim gugur,[ˌmu.sɪm ˈɡu.ɡʊr]
musim hujan,/ˌmusim ˈhud͡ʒan/
musim hujan,[ˌmu.sɪm ˈhu.d͡ʒan]
musim kemarau,/ˌmusim kəˈmarau̯/
musim kemarau,[ˌmu.sɪm kəˈma.rau̯]
musim panas,/ˌmusim ˈpanas/
musim panas,[ˌmu.sɪm ˈpa.nas]
musim semi,/ˌmusim səˈmi/
musim semi,[ˌmu.sɪm səˈmi]
musisi,/muˈsi.si/
muson,/ˈmuson/
muson,[ˈmu.sɔn]
mustahak,/musˈtahak/
mustahak,[musˈt̪a.hak̚]
mustahik,/mʊsˈtahɪk̚/
mustaid,/musˈtaid/
mustaid,[musˈt̪a.ɪt̪̚]
musti,[ˈmʊsti]
musuh,/ˈmusuh/
musuh,[ˈmu.sʊh]
musuh bebuyutan,/ˌmusuh bəbuˈjutan/
musuh bebuyutan,[ˌmu.sʊh bə.buˈju.t̪an]
musuh dalam selimut,/ˌmusuh ˌdalam səˈlimut/
musuh dalam selimut,[ˌmu.sʊh ˌda.lam səˈli.mʊt̪̚]
musuh-masah,/ˌmusuh ˈmasah/
musuh-masah,[ˌmu.sʊh ˈma.sah]
musuhi,/muˈsuhi/
musuhi,[muˈsu.hi]
musyarakah,/muʃaˈrakah/
musyarakah,[mu.ʃaˈra.kah]
musyawarah,/muʃaˈwarah/
musyawarah,[mu.ʃaˈwa.rah]
musyawarah desa,/muʃaˌwarah dəˈsa/
musyawarah desa,[mu.ʃaˌwa.rah dəˈsa]
mutagen,/mu.ˈta.ɡɛn/
mutakhir,[muˈtaxɪr]
mutan,/ˈmutan/
mutan,[ˈmu.t̪an]
mutasi,/mu.ta.si/
mutiara,/mutiˈara/
mutiara,[mu.t̪iˈa.ra]
mutlak,/ˈmʊtlak/
mutu,/ˈmutu/
mutu,[ˈmu.t̪u]
muwakil,/muwakil/
n,/n/
n,/ɛn/
nabatah,/naˈbatah/
nabatah,[naˈba.t̪ah]
nabati,/naˈbati/
nabati,[naˈba.t̪i]
nabe,/ˈnabə/
nabe,[ˈna.bə]
nabe,[ˈnabe]
nabi,/ˈnabi/
nabi,[ˈna.bi]
nabila,/naˈbila/
nada,/ˈna.da/
nadi,[ˈna.di]
nadia,[ˈna.di.a]
nadine,/ˈnadɪn/
nadir,/ˈnadir/
nadir,[ˈna.dɪr]
naf,/ˈnaf/
naf,[ˈnaf]
nafiri,/naˈfiri/
nafkah,/ˈnafkah/
nafkah,[ˈnaf.kah]
nafsirin,/nafˈsi.rɪn/
nafsu,[ˈnaf.su]
nafsu mutmainah,/ˌnaf.su mut.maˈi.nah/
nafsu mutmainah,[ˌnaf.su mut̪̚.maˈi.nah]
naga,/ˈna.ɡa/
naga,[ˈna.ɡa]
nagari,/naˈɡari/
nagari,[naˈɡa.ri]
nah,/nah/
nahas,/ˈnahas/
nahu,/ˈnahu/
nahu,[ˈna.hu]
naik,/ˈnaik/
naik,[ˈna.ɪk̚]
naik banding,[ˈnaɪk̚ ˈbandɪŋ]
najis,/ˈnad͡ʒis/
najis,[ˈna.d͡ʒɪs]
nak,/naʔ/
nakal,/ˈnakal/
nakal,[ˈna.kal]
naker,/ˈnakər/
naker,[ˈna.kər]
nakhoda,/naˈkoda/
nakhoda,/naˈxoda/
nalam,/ˈnalam/
nalar,/ˈnalar/
nalar,[ˈna.lar]
nama,/ˈnama/
nama,[ˈna.ma]
nama lengkap,[ˈnama ləŋˈkap̚]
nama samaran,/ˌna.ma saˈma.ran/
nama samaran,[ˌna.ma saˈma.ran]
namai,/naˈma.i/
namakan,/naˈma.kan/
namaskara,[na.masˈka.ra]
namdur,/ˈnamdur/
namdur,[ˈnam.dʊr]
nampak,/ˈnampak/
nampak,/ˈnampaʔ/
nampak,[ˈnam.pak̚]
nampak,[ˈnam.paʔ]
namun,/ˈnamun/
namun,[ˈna.mʊn]
nan,/ˈnan/
nan,[ˈnan]
nanah,/ˈnanah/
nanah,[ˈna.nah]
nanas,/nanas/
nangka,/ˈnaŋka/
nangka,[ˈnaŋ.ka]
nangka belanda,/ˌnaŋka bəˈlanda/
nangka belanda,[ˌnaŋ.ka bəˈlan.da]
nanti,/nan.ti/
nantikan,/nanˈtikan/
nantikan,[nan̪ˈt̪i.kan]
napas,/ˈnapas/
napas,[ˈna.pas]
narahubung,/naraˈhubuŋ/
narahubung,[na.raˈhu.bʊŋ]
narakontak,/naraˈkɔntak̚/
narapidana,/na.ra.pi.ˈda.na/
narasi,/na.ˈra.si/
narasumber,/naraˈsumbər/
narasumber,[na.raˈsum.bər]
naratif,/na.ˈra.tɪf/
narkoba,/narˈkoba/
narkoba,[narˈko.ba]
narkose,[narˈkosə]
narkosis,/narˈkosis/
narkosis,[narˈko.sɪs]
narkotika,/narkoˈtika/
narkotika,[nar.koˈt̪i.ka]
narsisisme,/narsiˈsismə/
narsisisme,[nar.siˈsis.mə]
narsisme,/narˈsismə/
narsisme,[narˈsis.mə]
narsum,/nar.sum/
narwastu,/naˈrwastu/
narwastu,[naˈrwas.t̪u]
nasabah,/naˈsabah/
nasel,/ˈnasəl/
nasel,[ˈna.səl]
nasgor,/ˈnas.ɡor/
nasgor,[ˈnas.ɡɔr]
nasi,/ˈnasi/
nasi,[ˈna.si]
nasi campur,/ˌnasi ˈt͡ʃampur/
nasi campur,[ˌna.si ˈt͡ʃam.pʊr]
nasi goreng,/ˌnasi ˈɡoreŋ/
nasi goreng,[ˌna.si ˈɡo.rɛŋ]
nasi kepal,[ˈnasi kəˈpal]
nasi lemak,/ˌnasi ləˈmak/
nasi lemak,[ˌna.si ləˈmak̚]
nasib,/ˈnasib/
nasib,[ˈna.sɪp̚]
nasihat,[nasihat̚]
nasional,[na.siˈo.nal]
nasionalisme,/na.si.o.na.lis.mə/
nasionalisme,/na.sjo.na.lis.mə/
nasionalisme,/nas.jo.na.lis.mə/
naskah,/ˈnaskah/
naskah,[ˈnas.kah]
naskah dinas,/ˌnas.kah ˈdi.nas/
naskah dinas,[ˌnas.kah ˈdi.nas]
nasrani,/nasˈrani/
nasrani,[nasˈra.ni]
nasyid,/ˈnaʃid/
nasyid,[ˈna.ʃɪt̪̚]
natal,/ˈnatal/
natal,[ˈna.t̪al]
natar,/ˈnatar/
natar,[ˈna.t̪ar]
natasha,/naˈtaʃa/
natasya,/naˈtaʃa/
nato,/ˈna.to/
nato,/ˈnato/
nato,[ˈna.t̪o]
natrium klorida,/naˌtrium kloˈrida/
natrium klorida,[naˌt̪ri.ʊm kloˈri.da]
natural,/na.ˈtu.ral/
naufal,/nau.fal/
naungan,/naˈuŋan/
naungan,[naˈu.ŋan]
naura,/ˈnau̯ra/
navigasi,/na.fiˈɡa.si/
navikula,/naviˈkula/
navikula,[na.fiˈku.la]
nawa-,[nawa]
nawala,[naˈwa.la]
nayaka,[naˈjaka]
nazar,/ˈnazar/
nazir,/ˈnazir/
nazir,[ˈna.zɪr]
necis,[ˈnɛt͡ʃɪs]
negara,/nəˈɡara/
negara,[nəˈɡa.ra]
negara bagian,[nəˈɡara baˈɡian]
negara bangsa,/nə.ˈɡa.ra ˈbaŋ.sa/
negara berkembang,/nə.ˈɡa.ra bər.kəm.ˈbaŋ/
negara kesejahteraan,/nəˈɡara kəsəd͡ʒahtəˈraan/
negara maju,/nə.ˈɡa.ra ˈma.d͡ʒu/
negara polisi,/nə.ˈɡa.ra po.ˈli.si/
negatif,[nɛˈɡatɪf]
negeri,/ˈnəɡəri/
negeri,[ˈnə.ɡə.ri]
negeri beruang merah,/nəɡəˈri bəˈrua̯ŋ ˈmɛrah/
negoisasi,/nɛ.ɡo.si.a.si/
negosiasi,/neɡosiˈasi/
negosiasi,[ne.ɡo.siˈa.si]
negosiator,/neɡosiˈator/
negosiator,[ne.ɡo.siˈa.t̪ɔr]
nehemia,/nehəˈmia/
nehemia,[ne.həˈmi.a]
neken,/ˈnəkən/
neken,[ˈnə.kən]
nekrokrasi,/nekrokrasi/
nelayan,/nəˈlajan/
nelayan,[nəˈla.jan]
nem,/ˈnɛm/
nembak,/ˈnembak/
nembak,[ˈnem.bak̚]
nempel,/ˈnɛmpɛl/
nempel,[ˈnem.pɛl]
nenek,/ˈnɛnɛʔ/
nenek,[ˈnɛ.nɛʔ]
nenen,/ˈnɛnɛn/
nenen,[ˈnɛ.nɛn]
neng,/neŋ/
neo-,/nɛ.ɔ/
neofobia,/nɛ.ɔ.fɔˈbi.a/
neokonservatisme,/neokonsɛrvaˈtismə/
neokonservatisme,[ne.o.kon.sɛr.faˈt̪is.mə]
neokorporatisme,/ne.o.kor.po.ratˈis.mə/
neokorporatisme,[ne.o.kor.po.rat̪̚ˈis.mə]
neonatal,/nəoˈnatal/
neonatal,[nə.oˈna.t̪al]
neonatus,/neoˈnatus/
neonatus,[ne.oˈna.t̪ʊs]
neonaziisme,/neonaziˈismə/
neonaziisme,[ne.o.na.ziˈis.mə]
neorealisme,/neorəalˈismə/
neorealisme,[ne.o.rə.alˈis.mə]
nepotisme,/nepɔt̚ˈɪsmə/
nepsong,/ˈnep.soŋ/
nepsong,[ˈnep̚.sɔŋ]
neraca,[nəˈrat͡ʃa]
neraca ekspor-impor,[nəˈrat͡ʃa ˈɛkspɔr ˈɪmpɔr]
neraca pembayaran,[nəˈrat͡ʃa pəmbaˈjaran]
neraca perdagangan,[nəˈrat͡ʃa pərdaˈɡaŋan]
neraka,/nəˈraka/
ners,/ˈnərs/
ners,[ˈnərs]
nestapa,/nəsˈtapa/
net,[ˈnɛt̚]
neto,/ˈneto/
neto,/ˈnɛto/
neto,[ˈne.t̪o]
neto,[ˈnɛ.t̪o]
netra,/nətˈra/
netra,[nət̪̚ˈra]
netral,[ˈnɛt.ral]
netralitas,/nɛtraˈlitas/
netralitas,[nɛt̪̚.raˈli.t̪as]
neural,/neˈural/
neural,[neˈu.ral]
neurokimia,/nə̯rokiˈmia/
neurokimia,[nə̯.ro.kiˈmi.a]
neutron,/neˈutron/
neutron,[neˈu.t̪rɔn]
ngab,/ŋab/
ngab,[ˈŋap̚]
ngabrut,/ˈŋabrut/
ngabrut,[ˈŋa.brʊt̪̚]
ngaji,/ˈŋad͡ʒi/
ngaji,[ˈŋa.d͡ʒi]
ngana,/ˈŋana/
ngana,[ˈŋa.na]
ngantuk,/ˈŋantuk/
ngantuk,[ˈŋan̪.t̪ʊk̚]
ngapus,/ˈŋapus/
ngapus,[ˈŋa.pʊs]
ngarai,/ˈŋarai̯/
ngarai,[ˈŋa.rai̯]
ngartiin,/ŋarˈti.ʔɪn/
ngawi,/ŋaˈwi/
nge-,/ŋə/
nge- -in,/ŋə- -ɪn/
ngebaca,/ŋəˈbat͡ʃa/
ngebaca,[ŋəˈba.t͡ʃa]
ngebacain,/ŋəbaˈt͡ʃain/
ngebacain,/ŋəbaˈt͡ʃaʔin/
ngebacain,[ŋə.baˈt͡ʃa.ɪn]
ngebacain,[ŋə.baˈt͡ʃa.ʔɪn]
ngebesarin,/ŋə.bəˈsa.rin/
ngebuang,/ŋəˈbuaŋ/
ngebuang,[ŋəˈbu.aŋ]
ngebuang-buang,/ŋə.bu.aŋˈbu.aŋ/
ngebuangin,/ŋə.buˈa.ŋɪn/
ngebukain,/ŋə.buˈka.ɪn/
ngedatangin,/ŋə.daˈta.ŋin/
ngedatangin,[ŋə.daˈt̪a.ŋɪn]
ngedatengin,/ŋəˈda.tə.ŋin/
ngedatengin,[ŋəˈda.t̪ə.ŋɪn]
ngedengerin,/ŋə.də.ŋəˈrin/
ngehamilin,/ŋə.haˈmi.lin/
ngehapus,/ŋəˈhapus/
ngehapus,[ŋəˈha.pʊs]
ngejalanin,/ŋə.dʒaˈla.nɪn/
ngejanjiin,/ŋə.dʒaɲˈdʒi.ʔɪn/
ngelariin,/ŋə.laˈri.ʔɪn/
ngelepasin,/ŋələˈpasin/
ngelepasin,[ŋə.ləˈpa.sɪn]
ngeliat,/ŋəˈliat/
ngeliat,[ŋəˈli.at̪̚]
ngeliat-liat,/ŋəˌliat ˈliat/
ngeliat-liat,[ŋəˌli.at̪̚ ˈli.at̪̚]
ngelukis,/ŋəˈlukis/
ngelukis,[ŋəˈlu.kɪs]
ngemakanin,/ŋə.maˈka.nɪn/
ngemanipulasi,/ŋəmanipuˈlasi/
ngemanipulasi,[ŋə.ma.ni.puˈla.si]
ngemanipulasiin,/ŋəmanipulaˈsiin/
ngemanipulasiin,[ŋə.ma.ni.pu.laˈsi.ɪn]
ngentot,/ˈŋentot/
ngentot,[ˈŋen̪.t̪ɔt̪̚]
ngeracun,/ŋəˈrat͡ʃun/
ngeracun,[ŋəˈra.t͡ʃʊn]
ngeracunin,/ŋə.raˈtʃu.nɪn/
ngibul,/ˈŋibul/
ngibul,[ˈŋi.bʊl]
nginterpretasiin,/ŋɪn.tər.prə.taˈsi.ʔɪn/
ngomong,/ˈŋomoŋ/
ngomong,[ˈŋo.mɔŋ]
ngotot,/ˈŋotot/
ngotot,[ˈŋo.t̪ɔt̪̚]
nia,/ˈni.a/
niaga,[niˈaɡa]
niat,/ˈniat̚/
nifas,/ˈnifas/
nifas,[ˈni.fas]
nihil,/ˈnihil/
nihil,[ˈni.hɪl]
nik,[ˈnɪk̚]
nikah,/ˈnikah/
nikah,[ˈni.kah]
nikahkan,/niˈkahkan/
nikahkan,[niˈkah.kan]
nikel,/ˈnikəl/
nikel,[ˈni.kəl]
nikmat,[ˈnɪʔmat̪̚]
nil,/ˈnil/
nil,[ˈnɪl]
nila,/ni.la/
nilai,[ˈnilai̯]
nilai etik,[ˈnilai̯ ˈɛtɪk̚]
nilai tengah,/ˌnilai̯ təˈŋah/
nilai tengah,[ˌni.lai̯ t̪əˈŋah]
nilai tukar,[ˈnilai̯ ˈtukar]
nilajada,/nilaˈd͡ʒada/
nilajada,[ni.laˈd͡ʒa.da]
nilakandi,/nilaˈkandi/
nilakandi,[ni.laˈkan.di]
nilam,[ˈnilam]
nilangsuka,/nilaŋˈsuka/
nilangsuka,[ni.laŋˈsu.ka]
nilau,/ˈnilau̯/
nilau,[ˈni.lau̯]
nimbus,/ˈnimbus/
nimbus,[ˈnim.bʊs]
ninja,/ˈnind͡ʒa/
ninja,[ˈniɲ.d͡ʒa]
nip,[ɛnˈipe]
nip,[ˈnɪp̚]
nipah,/ˈnipah/
nipah,[ˈni.pah]
nipis,/ˈnipis/
nipis,[ˈni.pɪs]
nippon,[ˈnɪp̚pɔn]
nir-,/nir/
nir-,[nɪr]
nira,/ni.ra/
niratap,[nɪratap̚]
nirbatas,/nirˈbatas/
nirbatas,[nirˈba.t̪as]
nirbiji,[nɪrbid͡ʒi]
nirbunga,[nɪrbuŋa]
nircahaya,[nɪrt͡ʃahaja]
nirguna,/nirˈɡuna/
nirguna,[nirˈɡu.na]
nirharapan,/nirharapan/
nirhidup,[nɪrhidʊp]
nirkabel,/nirˈkabəl/
nirkabel,[nirˈka.bəl]
nirkarat,/nirkarat/
nirleka,[nɪrˈlɛka]
nirmakna,/nirmakna/
nirmala,[nɪrˈmala]
nirmasalah,/nirmaˈsalah/
nirmasalah,[nir.maˈsa.lah]
nirmoral,/nirˈmoral/
nirsentuh,/ˈnirsəntuh/
nirsentuh,[ˈnir.sən̪.t̪ʊh]
nirsuara,/nirsuˈara/
nirsuara,[nir.suˈa.ra]
nirtunai,[nɪrtunai̯]
niru,/ˈniru/
niru,[ˈni.ru]
nirwana,/nir.wa.na/
nis-,[nɪs]
nisan,[ˈni.san]
nisbah,/ˈnisbah/
nisbah,[ˈnis.bah]
nisbi,/ˈnisbi/
nisbi,[ˈnis.bi]
niscaya,/nisˈt͡ʃaja/
niscaya,[nisˈt͡ʃa.ja]
nista,[ˈnɪs.ta]
nitrat,/ˈnitrat/
nitrat,[ˈni.t̪rat̪̚]
nitrogen,/niˈtroɡen/
nitrogen,[niˈt̪ro.ɡɛn]
nitrogen dioksida,/niˌtrɔɡɛn diɔkˈsida/
nitrogen dioksida,[niˌt̪rɔ.ɡɛn di.ɔk̚ˈsi.da]
njop,/ɛn.d͡ʒe.ˈo.pe/
nobar,[ˈnobar]
nobat,/ˈno.bat/
nobat,[ˈno.bat̪̚]
nocan,[notʃan]
noda,/ˈnoda/
noda,[ˈno.da]
nodus,/ˈnodus/
nodus,[ˈno.dʊs]
nodus limfa,/ˌno.dus ˈlim.fa/
nodus limfa,[ˌno.dʊs ˈlim.fa]
noktah,[ˈnɔk̚t̪ah]
nol,[ˈnɔl]
nol mutlak,/ˈnɔl ˈmʊtlak/
nolep,/ˈnɔ.lɛp̚/
nomer,[ˈnomər]
nomina,[noˈmina]
nominal,[noˈminal]
nomor,/ˈnomɔr/
nomor,[ˈno.mɔr]
nomor induk,[ˈnomɔr ˈɪndʊk̚]
nomor telepon,/ˌnɔmɔr teˈlepɔn/
nomor telepon,[ˌnɔ.mɔr t̪eˈle.pɔn]
nomotetik,/no.moˈte.tik/
nomotetik,[no.moˈt̪e.t̪ɪk̚]
nomotetis,/no.moˈte.tis/
nomotetis,[no.moˈt̪e.t̪ɪs]
non,/ˈnon/
non,[ˈnon]
non-,[ˈnɔn]
nona,[ˈnona]
nonelektrik,[nɔnɛˈlɛkt̪rɪk]
nonfisik,[nɔnfisɪk̚]
nonfiskal,[nɔnˈfɪskal]
nongki,/ˈnɔŋki/
nongki,[ˈnoŋ.ki]
nongkrong,/ˈnɔŋkrɔŋ/
nongkrong,[ˈnoŋ.krɔŋ]
nonok,/ˈnonok/
nonok,[ˈno.nɔk̚]
nonpartisanisme,/nonpartisaˈnismə/
nonpartisanisme,[non.par.t̪i.saˈnis.mə]
nonpemerintah,/nonpəməˈrintah/
nonpemerintah,[non.pə.məˈrin̪.t̪ah]
nonsens,[ˈnɔn.sɛns]
nonstatistik,/nonstaˈtistik/
nonstatistik,[nons.t̪aˈt̪is.t̪ɪk̚]
nonsubsidi,[nɔnsʊp̚ˈsidi]
nonton,/non.ton/
nontunai,[nɔnˈtunai̯]
nonzonasi,/nonzoˈnasi/
nonzonasi,[non.zoˈna.si]
nopek,/ˈnopɛʔ/
nopek,[ˈno.pɛʔ]
norak,/ˈnorak/
norak,/ˈnoraʔ/
norak,[ˈno.rak̚]
norak,[ˈno.raʔ]
nori,/no.ri/
norma,/ˈnorma/
norma,[ˈnor.ma]
normal,/ˈnormal/
normal,[ˈnor.mal]
normalisasi,/nɔr.ma.liˈsa.si/
normalitas,/nɔr.maˈli.tas/
normalkan,/nɔrˈmal.kan/
norwegia,/nɔr.we.ɡia̯/
nostalgia,/nostalˈɡia/
nostalgia,[nos.t̪alˈɡi.a]
not,/ˈnɔt/
nota,[ˈnot̪a]
notabene,[notaˈbenə]
notaris,[noˈta.rɪs]
notasi,[noˈtasi]
notifikasi,/no.ti.fiˈka.si/
novasi,/noˈva.si/
novasi,[noˈfa.si]
novel,[ˈnovɛl]
novela,[no.vɛ.la]
novelkan,/noˈvɛl.kan/
novelkan,[noˈfɛl.kan]
november,/noˈvembər/
november,[noˈfem.bər]
novena,/noˈvena/
novena,[noˈfe.na]
novis,/ˈnovis/
novis,[ˈno.fɪs]
novisiat,/no.viˈsi.at/
novisiat,[no.fiˈsi.at̪̚]
novum,[ˈnovʊm]
npwp,/ɛn.peˈwe.pe/
npwp,[ɛn.peˈwe.pe]
nspk,/ɛnɛsˈpeka/
ntcr,/ɛn.teˈt͡ʃe.ɛr/
ntcr,[ɛn̪.t̪eˈt͡ʃe.ɛr]
nuansa,/nuˈansa/
nukil,/ˈnukil/
nukil,[ˈnu.kɪl]
nukleotida,/nukləoˈtida/
nukleotida,[nu.klə.oˈt̪i.da]
nukleus,[nʊkˈleʊs]
nuklir,[ˈnʊklɪr]
numismatika,[numismatika]
nur,/ˈnur/
nur,[ˈnʊr]
nuri,/ˈnuri/
nuri,[ˈnu.ri]
nusa,/ˈnusa/
nusa,[ˈnu.sa]
nusaindah,/nusaˈindah/
nusaindah,[nu.saˈin.dah]
nusantara,/nusanˈtara/
nusantara,[nu.san̪ˈt̪a.ra]
nutfah,[ˈnʊt̪̚fah]
nutrien,/nuˈtriɛn/
nutrisi,[nuˈtrisi]
nutup,/ˈnutup/
nutup,[ˈnu.t̪ʊp̚]
nutup-nutupin,/nu.tʊp.nuˈtu.pɪn/
nutupin,/nuˈtu.pɪn/
nyai,[ˈɲai̯]
nyala,/ˈɲala/
nyala,[ˈɲa.la]
nyaman,/ˈɲaman/
nyaman,[ˈɲa.man]
nyambai,/ɲaːmˈbaːj/
nyamplung,/ˈɲampluŋ/
nyamplung,[ˈɲam.plʊŋ]
nyamuk,/ˈɲamuk/
nyamuk,[ˈɲa.mʊk̚]
nyanyi,/ɲaɲi/
nyari,/ˈɲari/
nyari,[ˈɲa.ri]
nyariin,/ɲaˈri.ʔin/
nyaris,/ˈɲaris/
nyaris,[ˈɲa.rɪs]
nyata,/ˈɲata/
nyata,[ˈɲa.t̪a]
nyatakan,/ɲaˈtakan/
nyatat,/ˈɲatat/
nyatat,[ˈɲa.t̪at̪̚]
nyatet,/ˈɲatət/
nyatet,[ˈɲa.t̪ət̪̚]
nyawa,/ˈɲawa/
nyawa,[ˈɲa.wa]
nyendok,/ɲən.doʔ/
nyepi,/ɲəˈpi/
nyeri,[ɲəˈri]
nyiru,/ˈɲiru/
nyiru,[ˈɲi.ru]
nyiur,/ˈɲiur/
nyiur,[ˈɲi.ʊr]
nyokap,/ˈɲɔ.kap̚/
nyonya,/ɲoɲa/
nyonya,/ˈɲoɲa/
nyonya,[ˈɲo.ɲa]
nyonyot,/ˈɲoɲot/
nyonyot,[ˈɲo.ɲɔt̪̚]
nyubi,/ˈɲubi/
nyubi,[ˈɲu.bi]
nyunyut,/ˈɲuɲut/
nyunyut,[ˈɲu.ɲʊt̪̚]
o,/o/
o,[o]
o,[ɔ]
oase,/oˈa.sə/
oasis,/oˈa.sɪs/
obaja,/oˈba.d͡ʒa/
obaja,[oˈba.d͡ʒa]
obat,/ˈobat/
obat,/ˈɔbat/
obat,[ˈo.bat̪̚]
obat,[ˈɔ.bat̪̚]
obat keras,[ˈobat̪̚ kəˈras]
obat nyamuk,/ˌobat ˈɲamuk/
obat nyamuk,[ˌo.bat̪̚ ˈɲa.mʊk̚]
obat penenang,/ˌo.bat pə.nəˈnaŋ/
obat penenang,[ˌo.bat̪̚ pə.nəˈnaŋ]
obat terlarang,/ˌobat tərˈlaraŋ/
obat terlarang,[ˌo.bat̪̚ t̪ərˈla.raŋ]
obeng,[ˈobɛŋ]
obesitas,/obɛˈsitas/
obesitas,[o.bɛˈsi.t̪as]
obi,/o.bi/
objek,[ˈɔp.d͡ʒɛk]
objektif,/obˈd͡ʒɛktif/
objektif,[op̚ˈd͡ʒɛk̚.t̪ɪf]
objektivitas,/ɔpd͡ʒɛktiˈfitas/
oblasi,/obˈlasi/
oblasi,[op̚ˈla.si]
obligasi,/ɔ.bliˈɡa.si/
obor,/ˈɔ.bɔr/
obori,/ɔˈbɔri/
obori,[ɔˈbɔ.ri]
obrol,/ˈɔbrɔl/
observasi,/ɔp̚.sər.ˈva.si/
observatorium,[ɔp̚sɛrvatoˈriʊm]
obsesi,/opˈsesi/
obsesif,/ɔpˈse.sɪf/
obsidian,/ɔp.si.ˈdi.an/
obstetri,/ɔbsˈtɛtri/
obstruksi,[ɔp̚ˈstrʊksi]
obyektif,/oˈbjɛktif/
obyektif,[oˈbjɛk̚.t̪ɪf]
octavia,/ɔkˌtavi(j)a/
odading,/oˈdadiŋ/
odading,[oˈda.dɪŋ]
oden,/ˈodɛn/
oden,[ˈo.dɛn]
odeng,/ˈodɛŋ/
odeng,[ˈo.dɛŋ]
odeon,/oˈdeon/
odeon,[oˈde.ɔn]
odgj,[odeˈɡed͡ʒe]
oditur,[ˈɔd̪it̪ʊr]
odol,/ˈodol/
odol,[ˈo.dɔl]
ofensif,/ˈɔfensɪf/
oferte,[ˈɔfertə]
ofisi,/oˈfisi/
ofisi,[oˈfi.si]
ofset,[ˈɔfsɛt̪̚]
oftalmologi,/oftalmoˈloɡi/
oftalmologi,[of.t̪al.moˈlo.ɡi]
ogah,/o.ɡah/
oikumene,[oi̯.kuˈme.ne]
ojk,/oˈd͡ʒe.ka/
ojk,[oˈd͡ʒe.ka]
ojol,/oˈdʒol/
ojol,[oˈdʒɔl]
ok,/ˌo ˈka/
ok,[ˌo ˈka]
okapi,/oˈkapi/
okapi,[oˈka.pi]
okb,/oˈka.be/
okb,[oˈka.be]
oke,/ɔke/
oki,/oˈka.i/
oki,[oˈka.i]
oklokrasi,/ok.lokˈra.si/
oklokrasi,[ok̚.lok̚ˈra.si]
oksida,/okˈsida/
oksida,[ok̚ˈsi.da]
oksidase,/oksiˈdasə/
oksidase,[ok̚.siˈda.sə]
oksidasi,/ɔk.si.ˈda.si/
oksidatif,/oksiˈdatif/
oksidatif,[ok̚.siˈda.t̪ɪf]
oksigen,/okˈsiɡen/
oksigen,[ok̚ˈsi.ɡɛn]
oksimeter,/ɔk̚siˈmɛtər/
oktan,/ok.tan/
oktana,/ok.ta.na/
oktober,/okˈtobər/
oktober,[ok̚ˈt̪o.bər]
oktroi,/ˈoktroi̯/
oktroi,[ˈok̚.t̪roi̯]
okulasi,[okuˈlasi]
okupansi,/okuˈpansi/
okupansi,[o.kuˈpan.si]
okupasi,[okuˈpa.si]
olah,/ˈolah/
olah,[ˈo.lah]
olahan gula,/ˈɔlahan ˈɡula/
olahraga,[olahˈraɡa]
olahragawan,/olahraˈɡawan/
olahragawan,[o.lah.raˈɡa.wan]
oleh,/ˈɔ.lɛh/
oleh-oleh,/ˈolɛh ˈolɛh/
olfaktori,/olfakˈtori/
olfaktori,[ol.fak̚ˈt̪o.ri]
oli,[ˈoli]
oligark,/oˈliɡark/
oligark,[oˈli.ɡark̚]
oligarki,/o.li.ˈɡar.ki/
oligarkis,/o.li.ˈɡar.kɪs/
olimpiade,/o.lɪm.pi.ˈa.də/
olivia,/-ifi-/
olivia,/ˈolivi(j)a/
om,/ˈom/
om,[ˈɔm]
omakase,/omaˈkase/
omakase,[o.maˈka.se]
oman,/ˈoman/
oman,[ˈo.man]
ombang-ambing,/ˌombaŋ ˈambiŋ/
ombang-ambing,[ˌom.baŋ ˈam.bɪŋ]
ombudsman,/ɔmˈbʊts.man/
omnivor,/omˈnivor/
omnivor,[omˈni.fɔr]
ompol,/ˈompol/
ompol,[ˈom.pɔl]
omslah,[ˈɔm.slah]
omzet,[ˈɔmsɛt]
omzet,[ˈɔmzɛt]
onagata,/o.na.ɡa.ta/
onani,/o.na.ni/
onar,/ˈonar/
onar,[ˈo.nar]
onderdil,/on.dər.dil/
onderneming,/ondərˈnemiŋ/
onderneming,[on.dərˈne.mɪŋ]
ongji,/ˈɔŋd͡ʒi/
ongkir,/oŋˈkir/
ongkos,/ˈɔŋkɔs/
ongkos,[ˈɔŋ.kɔs]
onigiri,/o.ni.ɡi.ri/
onkologi,/onkoˈloɡi/
onkologi,[on.koˈlo.ɡi]
onkologis,/onkoˈloɡis/
onkologis,[on.koˈlo.ɡɪs]
onsen,/on.sɛn/
onslah,[ˈɔns.lah]
ontologi,/ɔn.tɔˈlɔ.ɡi/
ooblastema,/ooblasˈtema/
ooblastema,[o.(ʔ)op̚.lasˈt̪e.ma]
op,[ɔp̚]
opas,[ˈɔpas]
opau,/ˈɔpau̯/
oper,/ˈo.pər/
oper,[ˈo.pər]
operasi,/opəˈrasi/
operasi,[o.pəˈra.si]
operasional,[ɔpərasiˈonal]
operator,/opəˈrator/
operator,[o.pəˈra.t̪ɔr]
opini,/oˈpini/
opini,[oˈpi.ni]
opior,/oˈpior/
opior,[oˈpi.ɔr]
opium,/ˈɔpiʊm/
oplah,[ˈɔp̚lah]
oplos,/ˈoplos/
oplos,[ˈop̚.lɔs]
oplosan,/op.los.an/
opm,/oˈpeem/
opm,[oˈpe.ɛm]
opname,[ɔpˈna.mə]
oportunis,/oporˈtunis/
oportunis,[o.porˈt̪u.nɪs]
oportunisme,/oportuˈnismə/
oportunisme,[o.por.t̪uˈnis.mə]
oportunistis,/oportuˈnistis/
oportunistis,[o.por.t̪uˈnis.t̪ɪs]
oposisi,/opoˈsisi/
oposisi,[o.poˈsi.si]
oppa,[ˈɔp̚pa]
oprit,/ˈoprit/
oprit,[ˈop̚.rɪt̪̚]
opseter,[ɔpˈsɛtər]
opsi,[ˈɔp̚si]
opsir,[ˈɔpsɪr]
opstal,/ˈops.tal/
opstal,[ˈops.t̪al]
optik,/ˈɔptik/
optik,[ˈɔp̚.t̪ɪk̚]
optika,/opˈtika/
optika,[op̚ˈt̪i.ka]
optimal,/opˈtimal/
optimal,[op̚ˈt̪i.mal]
optimalisasi,/ɔptimaliˈsasi/
optimis,/opˈtimis/
optimis,[op̚ˈt̪i.mɪs]
optimisme,/optiˈmismə/
optimisme,[op̚.t̪iˈmis.mə]
optimistis,/optiˈmistis/
optimistis,[op̚.t̪iˈmis.t̪ɪs]
optimum,/opˈtimum/
optimum,[op̚ˈt̪i.mʊm]
optis,/ˈɔptis/
optis,[ˈɔp̚.t̪ɪs]
optometri,/ɔp.to.ˈme.tri/
oral,/ˈoral/
orang,/ˈoraŋ/
orang,[ˈo.raŋ]
orang kaya baru,/ˌo.raŋ ˌka.ja ˈba.ru/
orang kaya baru,[ˌo.raŋ ˌka.ja ˈba.ru]
orang ketiga,[ˈɔraŋ kəˈtiɡa]
orang sabar disayang tuhan,/ˌoraŋ ˌsabar diˌsajaŋ ˈtuhan/
orang sabar disayang tuhan,[ˌo.raŋ ˌsa.bar diˌsa.jaŋ ˈt̪u.han]
orang suci zaman akhir,/ˌo.raŋ ˌsu.t͡ʃi ˌza.man ˈa.xir/
orang suci zaman akhir,[ˌo.raŋ ˌsu.t͡ʃi ˌza.man ˈa.xɪr]
orang tenar,/oraŋ təˈnar/
orang tua,/ˌoraŋ ˈtua/
orang tua,[ˌo.raŋ ˈt̪u.a]
orangtua,/o.raŋ.tu.a/
oranye,/oˈraɲə/
oranye,[oˈra.ɲə]
orasi,[ˈɔrasi]
orator,[ˈɔrat̪ɔr]
oratorium,[ɔrat̪oˈriʊm]
orba,/ˈor.ba/
orba,[ˈor.ba]
orbit,/ˈorbit/
orbit,[ˈor.bɪt̪̚]
orbita,/orˈbita/
orbita,[orˈbi.t̪a]
ordal,/ˈordal/
ordal,[ˈor.dal]
orde,/ˈordə/
orde,[ˈor.də]
orde baru,/ˌordə ˈbaru/
orde baru,[ˌor.də ˈba.ru]
orde lama,/ˌordə ˈlama/
orde lama,[ˌor.də ˈla.ma]
order,/ˈɔrdər/
order,[ˈɔr.dər]
orderan,/ˈɔrdəran/
orderan,[ˈɔr.də.ran]
ordi,[ˈɔrd̪i]
ordinal,/orˈdinal/
ordinal,[orˈdi.nal]
ordinansi,/ordiˈnansi/
ordinansi,[or.diˈnan.si]
ordinarium,/ordinaˈrium/
ordinarium,[or.di.naˈri.ʊm]
ordo,/ˈordo/
ordo,[ˈor.do]
ordonansi,/ordoˈnansi/
ordonansi,[or.doˈnan.si]
oren,[ˈɔrɛn]
organ,[ˈɔrɡan]
organel,[ɔrˈɡanɛl]
organik,[ɔrˈɡanɪk]
organis,[ɔrˈɡanɪs]
organisasi,[ɔrɡaniˈsasi]
organisme,[ɔrɡaˈnɪsmə]
organogram,[ɔrɡaˈnoɡram]
ori,/ˈori/
ori,[ˈo.ri]
orientasi,[ɔriɛnˈtasi]
origami,/o.ri.ɡa.mi/
origo,[ˈɔriɡo]
orisinal,[ɔriˈsi.nal]
oritsuru,/o.ritˈsu.ru/
orkes,[ˈɔrkəs]
orkes,[ˈɔrkɛs]
orkestra,[ɔrˈkɛst̪ra]
orlu,/ˈorlu/
orlu,[ˈor.lu]
ortala,/orˈtala/
ortala,[orˈt̪a.la]
ortognatik,/ortoɡˈnatik/
ortognatik,[or.t̪ok̚ˈna.t̪ɪk̚]
ortopedi,/ɔrtoˈpɛdi/
ortu,/or.tu/
os,/ˈo.ɛs/
osilograf,/osiˈloɡraf/
osilograf,[o.siˈlo.ɡraf]
osilogram,/osiˈloɡram/
osilogram,[o.siˈlo.ɡram]
osiloskop,/osiˈloskop/
osiloskop,[o.siˈlo.skɔp̚]
oskep,/ˈɔskɛp/
oskep,[ˈɔs.kɛp̚]
osmoregulasi,/ɔsmoreɡuˈlasi/
osmosis,/ɔsˈmosis/
osmosis,[ɔsˈmo.sɪs]
ospek,/ˈospɛk/
ospek,[ˈos.pɛk̚]
osteopenia,[ɔsteoˈpɛnia̯]
osuari,[osuˈa.ri]
otak,/ˈotak/
otak,[ˈo.t̪ak̚]
otak kecil,/otaʔ ˈkəˈt͡ʃɪl/
otak-atik,/ˌotak ˈatik/
otak-atik,[ˌo.t̪ak̚ ˈa.t̪ɪk̚]
otaku,/oˈtaku/
otaku,[oˈt̪a.ku]
oto,[ˈɔto]
oto-,[ˈɔto]
otobus,[ˈɔtobʊs]
otomat,[ˈɔto.mat]
otomatis,/otoˈmatis/
otomatis,[o.t̪oˈma.t̪ɪs]
otomatisasi,/otomatiˈsasi/
otomobil,[ɔtoˈmobɪl]
otong,/ˈɔtɔŋ/
otong,[ˈɔ.t̪ɔŋ]
otonom,[ˈɔtonɔm]
otonomi,[otoˈno.mi]
otonomisme,/otonoˈmismə/
otonomisme,[o.t̪o.noˈmis.mə]
otopet,[ˈɔtopɛt̚]
otorita,/otoˈrita/
otorita,[o.t̪oˈri.t̪a]
otoritarianisme,/otoritariaˈnismə/
otoritarianisme,[o.t̪o.ri.t̪a.ri.aˈnis.mə]
otoritas,/otoˈritas/
otoritas,[o.t̪oˈri.t̪as]
otoritas nasional,[ɔtoˈritas nasiˈonal]
otoriter,/otoˈritɛr/
otoriter,[o.t̪oˈri.t̪ɛr]
otoritet,/otoˈritɛt/
otoritet,[o.t̪oˈri.t̪ɛt̪̚]
otot,/ˈɔtɔt/
otot jantung,/ˈo.tɔt ˈd͡ʒan.tʊŋ/
otot polos,/ˈɔtɔt ˈpɔlɔs/
otsus,/ˈotsus/
otsus,[ˈot̪̚.sʊs]
ott,/o.ˈte.te/
outbound,/ˈotbon/
outbound,/ˌawt ˈbon/
outbound,[ˈot̪̚.bɔn]
outbound,[ˌawt̪̚ ˈbon]
oval,/ˈʔo.fal/
ovarium,/ovaˈriʊm/
oven,[ˈo.vən]
overdosis,/o.vərˈdo.sis/
overdosis,[o.fərˈdo.sɪs]
overkompensasi,/o.vər.kom.pənˈsa.si/
overkompensasi,[o.fər.kom.pənˈsa.si]
overste,/oˈvərs.tə/
overste,[oˈfərs.t̪ə]
ovulasi,/ɔvuˈlasi/
ovum,/ˈɔvʊm/
owa,/ˈo.wa/
owa,[ˈo.wa]
owaki,/oˈwaki/
owaki,[oˈwa.ki]
oyong,/ˈɔjɔŋ/
oyong,[ˈɔ.jɔŋ]
p3k,[petiˈɡaka]
pabean,[paˈbɛan]
pabrik,[ˈpabrɪk]
pabrik,[ˈpap̚rɪk]
pabrikasi,/pabriˈkasi/
pabrikasi,/pap̚riˈkasi/
pacal,/ˈpa.t͡ʃal/
pacar,[ˈpat͡ʃar]
pacaran,[paˈt͡ʃaran]
pacu,/ˈpat͡ʃu/
pacu,[ˈpa.t͡ʃu]
pacu jantung,/ˈpa.t͡ʃu ˈd͡ʒan.tʊŋ/
pacuan,/pa.ˈt͡ʃu.an/
pacul,/ˈpat͡ʃul/
pacul,[ˈpa.t͡ʃʊl]
pada,/ˈpada/
pada pandangan pertama,/ˌpada panˌdaŋan pərˈtama/
pada pandangan pertama,[ˌpa.da panˌda.ŋan pərˈt̪a.ma]
padam,/ˈpadam/
padan,/ˈpadan/
padan,[ˈpa.dan]
padanan,/paˈdanan/
padanan,[paˈdan.an]
padang,/ˈpadaŋ/
padang,[ˈpa.daŋ]
padas,/pa.das/
padat,/ˈpadat/
padat,[ˈpa.dat̪̚]
padat karya,/ˈpa.dat ˈkar.ja/
padi,/ˈpadi/
padi,[ˈpa.di]
padiatapa,/padiaˈtapa/
padiatapa,[pa.di.aˈt̪a.pa]
padma,/ˈpadma/
padma,[ˈpat̪̚.ma]
padmasana,[pat̚maˈsa.na]
padom,/ˈpa.dɔm/
padri,/padri/
paduan,/paˈdu.an/
paduan,[paˈdu.an]
paduka,/paˈduka/
paduka,[paˈdu.ka]
padus,/pa.dus/
pagar,[ˈpaɡar]
pagar hidup,/ˌpaɡar ˈhidup/
pagar hidup,[ˌpa.ɡar ˈhi.dʊp̚]
pagelaran,/paɡəˈlaran/
pagelaran,[pa.ɡəˈla.ran]
pagi,/ˈpaɡi/
pagi,[ˈpa.ɡi]
pagi-pagi,/ˌpaɡi ˈpaɡi/
pagi-pagi,[ˌpa.ɡi ˈpa.ɡi]
pagina,[paˈɡi.na]
pagoda,/paˈɡoda/
pagoda,[paˈɡo.da]
pagu,/paɡu/
paguyuban,/paɡuˈjuban/
paguyuban,[pa.ɡuˈju.ban]
paha,/ˈpaha/
paha,[ˈpa.ha]
pahala,/pa.ha.la/
paham,/ˈpaham/
paham,[ˈpa.ham]
pahami,/paˈhami/
pahami,[paˈha.mi]
pahamkan,/paˈham.kan/
pahang,/ˈpa.haŋ/
pahat,[ˈpahat̚]
pahlawan,/pahˈlawan/
pahlawan,[pahˈla.wan]
pahlawan kesiangan,/pahˈlawan kəsiˈaŋan/
pai,/ˈpai̯/
pai,[ˈpai̯]
paijan,/paˈid͡ʒan/
paijan,[paˈi.d͡ʒan]
paijem,/paˈid͡ʒəm/
paijem,[paˈi.d͡ʒəm]
paijo,/paˈid͡ʒo/
paijo,[paˈi.d͡ʒo]
pailit,[ˈpai̯lɪt]
paimin,/paˈimin/
paimin,[paˈi.mɪn]
paino,/paˈino/
paino,[paˈi.no]
pajak,/ˈpad͡ʒaʔ/
pajak,[ˈpa.d͡ʒaʔ]
pajak bumi dan bangunan,/ˈpad͡ʒak ˈbumi ˈdan baˈŋʊnan/
pajak penghasilan,/ˈpad͡ʒak pəŋhaˈsɪlan/
pajak pertambahan nilai,/ˌpad͡ʒak pərtamˌbahan ˈnilai̯/
pajak pertambahan nilai,[ˌpa.d͡ʒak̚ pər.t̪amˌba.han ˈni.lai̯]
pajan,/ˈpad͡ʒan/
pajan,[ˈpa.d͡ʒan]
pajanan,/paˈd͡ʒanan/
pajanan,[paˈd͡ʒa.nan]
pak,[ˈpak]
pak,[ˈpaʔ]
pakai,/ˈpakai̯/
pakai,[ˈpa.kai̯]
pakaian,/paˈkajan/
pakaian,[paˈka.jan]
pakaian ganti,/paˌkajan ˈɡanti/
pakaian ganti,[paˌka.jan ˈɡan̪.t̪i]
pakaian seragam,/paˌkajan səˈraɡam/
pakaian seragam,[paˌka.jan səˈra.ɡam]
pakan,/ˈpakan/
pakan,[ˈpa.kan]
pakar,[ˈpakar]
pakat,/ˈpakat/
pakat,[ˈpa.kat̪̚]
paker,[ˈpakər]
paket,[ˈpakɛt]
paking,/ˈpakiŋ/
paking,[ˈpa.kɪŋ]
pakpui,/ˈpaʔpui̯/
pakpui,[ˈpaʔ.pui̯]
paksa,[ˈpak.sa]
paksaan,[pakˈsaan]
paksi,/ˈpaksi/
paksi,[ˈpak̚.si]
paksu,/ˈpaksu/
paksu,[ˈpak̚.su]
pakta,[ˈpakt̪a]
paku,/ˈpaku/
paku,[ˈpa.ku]
paku pohon,/ˌpaku ˈpohon/
paku pohon,[ˌpa.ku ˈpo.hɔn]
pakuncen,[paˈkʊnt͡ʃɛn]
pal,[ˈpal]
pala,/ˈpala/
pala,[ˈpa.la]
palagan,[paˈlaɡan]
palang,/ˈpalaŋ/
palang,[ˈpa.laŋ]
palapa,/paˈlapa/
palapa,[paˈla.pa]
palari,/paˈla.ri/
palasik,/paˈlasiʔ/
palasik,[paˈla.sɪʔ]
palawija,[palaˈwid͡ʒa]
palem,[ˈpaləm]
palembang,/paˈlembaŋ/
palembang,[paˈlem.baŋ]
paleontologi,/pa.le.ɔn.to.ˈlo.ɡi/
palestina,/palɛsˈtina/
palestina,[pa.lɛsˈt̪i.na]
paliatif,/paliˈatif/
paliatif,[pa.liˈa.t̪ɪf]
paling,/ˈpaliŋ/
paling,[ˈpa.lɪŋ]
paling lambat,/ˌpa.liŋ ˈlam.bat/
paling lambat,[ˌpa.lɪŋ ˈlam.bat̪̚]
palisade,/paliˈsadə/
palium,/paˈlium/
palium,[paˈli.ʊm]
palka,[ˈpalka]
palla,/ˈpalla/
palpebra,/palˈpebra/
palpebra,/palˈpəbra/
palpebra,[palˈpe.bra]
palpebra,[palˈpə.bra]
palsu,/ˈpal.su/
palsu,[ˈpal.su]
palu,/pa.lu/
palu arit,/pa.lu ˈ(ʔ)a.rɪt̚/
palu dan arit,/pa.lu dan ˈ(ʔ)a.rɪt̚/
palu godam,/ˌpa.lu ˈɡo.dam/
palu godam,[ˌpa.lu ˈɡo.dam]
palugada,/paluˈɡada/
palugada,[pa.luˈɡa.da]
palum,/ˈpalum/
palum,[ˈpa.lʊm]
palung,/ˈpa.lʊŋ/
palungan,/paˈluŋan/
palungan,[paˈlu.ŋan]
pam,/pam/
pameget,/ˈpaməɡət/
pameget,[ˈpa.mə.ɡət̪̚]
pamer,[ˈpamɛr]
pameran,/paˈmɛr.an/
pameran,[paˈmɛr.an]
pamflet,[ˈpam.flɛt̪̚]
pamit,/ˈpamit/
pamit,[ˈpa.mɪt̪̚]
pamong,/ˈpa.mɔŋ/
pamong praja,/ˌpamɔŋ ˈprad͡ʒa/
pamong praja,[ˌpa.mɔŋ ˈpra.d͡ʒa]
pamor,/ˈpa.mɔr/
pamor,[ˈpa.mɔr]
pamper,/ˈpampər/
pamper,/ˈpempər/
pamper,[ˈpam.pər]
pamper,[ˈpem.pər]
pan,/ˈpan/
pan,[ˈpan]
panah,[pa.nah]
pananjung,/paˈnand͡ʒuŋ/
pananjung,[paˈnaɲ.d͡ʒʊŋ]
panas,/ˈpanas/
panas,[ˈpa.nas]
panasea,/pa.naˈse.a/
panau,[ˈpanau̯]
panca,[ˈpan.t͡ʃa]
pancalomba,/pan.t͡ʃaˈlom.ba/
pancalomba,[paɲ.t͡ʃaˈlom.ba]
pancalomba modern,[paɲ.t͡ʃaˈlom.ba moˈdɛr(ə̆)n]
pancar,/ˈpant͡ʃar/
pancar,[ˈpaɲ.t͡ʃar]
pancaran,/panˈt͡ʃaran/
pancaran,[paɲˈt͡ʃa.ran]
pancarima,/pant͡ʃaˈrima/
pancarima,[paɲ.t͡ʃaˈri.ma]
pancaroba,[pant͡ʃaˈroba]
pancasila,/pant͡ʃaˈsila/
pancasila,[paɲ.t͡ʃaˈsi.la]
pancasilais,[pant͡ʃasiˈlaɪs]
panci,/ˈpan.t͡ʃi/
panci,[ˈpaɲ.t͡ʃi]
pancing,/ˈpant͡ʃiŋ/
pancing,[ˈpaɲ.t͡ʃɪŋ]
panda,[ˈpanda]
pandai,/ˈpandai̯/
pandai,[ˈpan.dai̯]
pandai besi,/ˌpandai̯ bəˈsi/
pandai besi,[ˌpan.dai̯ bəˈsi]
pandaian,/panˈda.jan/
pandaikan,/panˈdai̯.kan/
pandan,[ˈpandan]
pandang,/ˈpandaŋ/
pandang,[ˈpan.daŋ]
pandang dengar,/pan.daŋ dəˈŋar/
pandang-memandang,/ˌpandaŋ məˈmandaŋ/
pandang-memandang,[ˌpan.daŋ məˈman.daŋ]
pandangan,/panˈdaŋan/
pandangan,[panˈda.ŋan]
pandangan umum,/panˌdaŋan ˈumum/
pandangan umum,[panˌda.ŋan ˈu.mʊm]
pandangi,/panˈdaŋi/
pandangi,[panˈda.ŋi]
pandega,[panˈdɛɡa]
pandemi,/panˈdemi/
pandemi,[panˈde.mi]
pandemik,/panˈdemɪk/
pandita,/panˈdi.ta/
pandita,[panˈdi.t̪a]
pandu,/ˈpandu/
pandu,[ˈpan.du]
pandu arah,/pan.du ˈa.rah/
panduan,/pan.ˈdu.an/
panekuk,/pa.nə.kuk/
panel,/ˈpanɛl/
panel,[ˈpa.nɛl]
panel kontrol,/ˌpanɛl ˈkɔntrɔl/
panel kontrol,[ˌpa.nɛl ˈkon̪.t̪rɔl]
panel pengatur,/ˌpanɛl pəˈŋatur/
panel pengatur,[ˌpa.nɛl pəˈŋa.t̪ʊr]
panel surya,/ˌpanɛl ˈsurja/
panel surya,[ˌpa.nɛl ˈsur.ja]
panelis,/paˈnelis/
panelis,[paˈne.lɪs]
panembahan,/pa.nəm.bah.an/
panen,[ˈpa.nɛn]
panenan,[paˈnɛn.an]
pangan,/ˈpaŋan/
pangan,[ˈpa.ŋan]
pangeran,/paˈŋɛran/
pangeran,[paˈŋɛ.ran]
panggang,/ˈpaŋɡaŋ/
panggang,[ˈpaŋ.ɡaŋ]
panggil,/ˈpaŋɡil/
panggil,[ˈpaŋ.ɡɪl]
panggil ambulan,/ˌpaŋ.ɡil amˈbu.lan/
panggil ambulan,[ˌpaŋ.ɡɪl amˈbu.lan]
panggil ambulans,/ˌpaŋ.ɡil amˈbu.lans/
panggil ambulans,[ˌpaŋ.ɡɪl amˈbu.lans]
panggil polisi,/ˌpaŋ.ɡil poˈli.si/
panggil polisi,[ˌpaŋ.ɡɪl poˈli.si]
panggil-panggil,/ˌpaŋɡil ˈpaŋɡil/
panggil-panggil,[ˌpaŋ.ɡɪl ˈpaŋ.ɡɪl]
panggilan,/paŋˈɡilan/
panggilan,[paŋˈɡi.lan]
panggilan telepon,/paŋˌɡilan teˈlepɔn/
panggilan telepon,[paŋˌɡi.lan̪ t̪eˈle.pɔn]
panggilkan,/paŋˈɡilkan/
panggilkan,[paŋˈɡil.kan]
panggul,/ˈpaŋɡul/
panggul,[ˈpaŋ.ɡʊl]
panggung,[ˈpaŋɡʊŋ]
pangkal,/ˈpaŋkal/
pangkal,[ˈpaŋ.kal]
pangkal mula,/ˌpaŋkal ˈmula/
pangkal mula,[ˌpaŋ.kal ˈmu.la]
pangkalan,/paŋˈkalan/
pangkat,/ˈpaŋkat/
pangkat,[ˈpaŋ.kat̪̚]
pangkon,/ˈpaŋkon/
pangkon,[ˈpaŋ.kɔn]
pangku,/ˈpaŋku/
pangkuan,/paŋˈkuan/
pangkukan,/paŋˈkukan/
pangkukan,[paŋˈku.kan]
panglima,/paŋˈlima/
panglima,[paŋˈli.ma]
pangot,/ˈpaŋot/
pangot,[ˈpa.ŋɔt̪̚]
pangreh praja,/ˈpaŋrɛh ˈprad͡ʒa/
pangsa,[ˈpaŋsa]
pangsi,/ˈpaŋsi/
pangsi,[ˈpaŋ.si]
pangsit,/paŋ.sit/
panipuri,/paniˈpuri/
panipuri,[pa.niˈpu.ri]
panir,/ˈpanɪr/
panitera,/paˈnitəra/
panitera,[paˈni.t̪ə.ra]
panitia,[paˈnitia̯]
panitia kerja,/paˈnitia̯ kərˈd͡ʒa/
panitra,/paˈnitra/
panitra,[paˈnit̪̚.ra]
panja,/ˈpand͡ʒa/
panjang,/ˈpand͡ʒaŋ/
panjang umur,/ˌpand͡ʒaŋ ˈumur/
panjang umur,[ˌpaɲ.d͡ʒaŋ ˈu.mʊr]
panjat,/ˈpand͡ʒat/
panjat,[ˈpaɲ.d͡ʒat̪̚]
panjat pinang,/paɲ.d͡ʒat̚ ˈpi.naŋ/
panjat sosial,/ˈpaɲ.d͡ʒat̚ sɔˈsi.al/
panjat tebing,/paɲ.d͡ʒat̚ təˈbiŋ/
panjatan,/paɲˈd͡ʒa.tan/
panjati,/panˈd͡ʒati/
panjati,[paɲˈd͡ʒa.t̪i]
panjatkan,/panˈd͡ʒatkan/
panjatkan,[paɲˈd͡ʒat̪̚.kan]
panji,[ˈpand͡ʒi]
panko,/pan.ko/
pankreas,/panˈkreas/
pankreas,[panˈkre.as]
panlok,/ˈpanlok/
panlok,[ˈpan.lɔk̚]
panoptik,/paˈnoptik/
panoptik,[paˈnop̚.t̪ɪk̚]
panorama,/panoˈrama/
panorama,[pa.noˈra.ma]
pansel,/ˈpansəl/
pansel,[ˈpan.səl]
pansos,/ˈpansos/
pansos,[ˈpan.sɔs]
pansus,/ˈpansus/
pansus,[ˈpan.sʊs]
pantai,/ˈpantai̯/
pantai,[ˈpan̪.t̪ai̯]
pantai gading,/ˌpantai̯ ˈɡadiŋ/
pantai gading,[ˌpan̪.t̪ai̯ ˈɡa.dɪŋ]
pantas,[ˈpantas]
pantat,/ˈpantat̚/
pantau,/ˈpantau̯/
pantau,[ˈpan̪.t̪au̯]
panteon,/panˈteon/
panteon,[pan̪ˈt̪e.ɔn]
panti,[ˈpant̪i]
pantofel,/panˈtofəl/
pantofel,[pan̪ˈt̪o.fəl]
pantograf,/panˈtoɡraf/
pantograf,[pan̪ˈt̪ok̚.raf]
pantun,/ˈpantun/
pantun,[ˈpan̪.t̪ʊn]
panu,[ˈpanu]
panutan,[paˈnʊtan]
panwaslu,/panˈwas.lu/
panwaslu,[panˈwas.lu]
paok,/ˈpaok/
paok,[ˈpa.ɔk̚]
pap,/pap/
papa,/pa.pa/
papak,/ˈpapak/
papak,[ˈpa.pak̚]
papan,/ˈpapan/
papan,[ˈpa.pan]
papan kerani,/ˈpapan kəˈrani/
papan ketik,/ˌpapan kəˈtik/
papan ketik,[ˌpa.pan kəˈt̪ɪk̚]
papan tombol,/ˌpapan ˈtombol/
papan tombol,[ˌpa.pan̪ ˈt̪om.bɔl]
papan tulis,/ˌpapan ˈtulis/
papan tulis,[ˌpa.pan̪ ˈt̪u.lɪs]
papanggo,/paˈpaŋɡo/
papanggo,[paˈpaŋ.ɡo]
papar,[ˈpapar]
paparan,[paˈparan]
paparan utama,/paˌpa.ran uˈta.ma/
paparan utama,[paˌpa.ran uˈt̪a.ma]
papatong,/paˈpatɔŋ/
papir,/ˈpapɪr/
papirus,[paˈpirʊs]
para,/ˈpara/
para,[ˈpa.ra]
para-,/para/
para-,[pa.ra]
parabel,[paˈrabəl]
parabola,/paraˈbola/
parabola,[pa.raˈbo.la]
parade,/paˈradə/
parade,[paˈra.də]
paradiso,[paraˈd̪iso]
paradoks,/paˈradɔks/
paradoksal,/paraˈdɔksal/
paradoksikal,/paradɔkˈsikal/
paraf,[ˈpa.raf]
parafin,/paˈrafin/
parafin,[paˈra.fɪn]
paragraf,[paˈra.ɡraf]
parah,/ˈparah/
parahiyangan,/parahiˈjaŋan/
parahiyangan,[pa.ra.hiˈja.ŋan]
parak,/ˈpa.raʔ/
paralayang,[paralajaŋ]
paralel,[paˈra.lɛl]
paralisis,/paraˈlisis/
paralisis,[pa.raˈli.sɪs]
paramasastra,/paramaˈsastra/
paramasastra,[pa.ra.maˈsas.t̪ra]
paramedis,/pa.ra.ˈme.dɪs/
parameter,/paraˈmetər/
parameter,[pa.raˈme.t̪ər]
parametrik,/paˈramətrik/
parametrik,[paˈra.mət̪̚.rɪk̚]
parametris,/paraˈmɛtris/
parametris,[pa.raˈmɛ.t̪rɪs]
paramita,/paraˈmita/
paramita,[pa.raˈmi.t̪a]
parang,/ˈparaŋ/
parang,[ˈpa.raŋ]
paras,/ˈpa.ras/
parasit,/paˈrasit/
parasit,[paˈra.sɪt̪̚]
parasitologi,/parasitoˈloɡi/
parasitologi,[pa.ra.si.t̪oˈlo.ɡi]
parasol,/paˈrasol/
parasol,[paˈra.sɔl]
parasut,/paˈrasut/
parasut,[paˈra.sʊt̪̚]
parata,/paˈrata/
parata,[paˈra.t̪a]
paratifoid,/paratiˈfoid/
paratifoid,[pa.ra.t̪iˈfo.ɪt̪̚]
paratifus,/paraˈtifus/
paratifus,[pa.raˈt̪i.fʊs]
parau,[ˈparau̯]
parawangsa,[paraˈwaŋsa]
parcok,/ˈpart͡ʃok/
parcok,[ˈpar.t͡ʃɔk̚]
pare,/ˈpare/
parfe,/ˈparfe/
parfe,[ˈpar.fe]
parfum,[ˈparfʊm]
pari,/ˈpari/
pari,[ˈpa.ri]
pari-,/pari/
pari-,[pa.ri]
paripurna,[pariˈpʊrna]
parit,/ˈparɪt̚/
paritas,/pa.ˈri.tas/
pariwara,/pariˈwara/
pariwara,[pa.riˈwa.ra]
pariwisata,/pariwiˈsata/
pariwisata,[pa.ri.wiˈsa.t̪a]
parket,[ˈparkɛt]
parkir,/ˈparkir/
parkir,[ˈpar.kɪr]
parkiran,/parˈkiran/
parkiran,[parˈki.ran]
parkur,[ˈparkʊr]
parlemen,/ˈparləmɛn/
parlemen,[ˈpar.lə.mɛn]
parlemen gantung,/parləˈmɛn ˈɡantʊŋ/
parlementer,/parləmɛntɛr/
parno,/ˈparno/
parno,[ˈpar.no]
paro,/ˈparo/
parodi,/paˈrodi/
parodi,[paˈro.di]
paroki,/pa.ro.ki/
parokialisme,/parokiaˈlismə/
parokialisme,[pa.ro.ki.aˈlis.mə]
parousia,/parouˈsia/
parousia,[pa.ro.uˈsi.a]
parpol,/par.pol/
parsel,[ˈparsəl]
parsial,[parˈsial]
parsimoni,/par.si.ˈmo.ni/
partai,/ˈpartai̯/
partai,[ˈpar.t̪ai̯]
partai komunis,/ˌpar.tai̯ koˈmu.nis/
partai komunis,[ˌpar.t̪ai̯ koˈmu.nɪs]
partikel,[parˈtikəl]
partikelir,/parˈtikəlir/
partikelir,[parˈt̪i.kə.lɪr]
partisipasi,[par.ti.siˈpa.si]
partitur,[parˈtitʊr]
parturisi,/partuˈrisi/
parturisi,[par.t̪uˈri.si]
partus,/ˈpartus/
partus,[ˈpar.t̪ʊs]
paru,/ˈpä.ru/
paru-paru,[ˈpä.ru ˈpä.ru]
paruh,[parʊh]
paruh waktu,/ˈpa.rʊh ˈwak.tu/
parut,/ˈpa.rʊt/
parwa,/ˈparwa/
parwa,[ˈpar.wa]
pas,[ˈpas]
pasal,/ˈpasal/
pasal,[ˈpa.sal]
pasang,/ˈpasaŋ/
pasang,[ˈpa.saŋ]
pasang mati,/ˈpasaŋ ˈmati/
pasang perbani,/ˈpasaŋ pərˈbani/
pasang purnama,/ˈpasaŋ pʊrˈnama/
pasangkan,/paˈsaŋkan/
pasangkan,[paˈsaŋ.kan]
pasanglah,/paˈsaŋlah/
pasanglah,[paˈsaŋ.lah]
pasar,/ˈpasar/
pasar,[ˈpa.sar]
pasar basah,/ˈpasar ˈbasah/
pasar gelap,/ˌpa.sar ɡəˈlap/
pasar gelap,[ˌpa.sar ɡəˈlap̚]
pasar kering,/ˈpasar kəˈrɪŋ/
pasar malam,[ˈpasar ˈmalam]
pasar minggon,[ˈpasar ˈmɪŋɡɔn]
pasar modal,[ˈpasar ˈmodal]
pasar swalayan,[ˈpasar swaˈlajan]
pasaran,/paˈsaran/
pasaraya,[pasaˈraja]
pasase,[paˈsasə]
pasat,/ˈpasat/
pasat,[ˈpa.sat̪̚]
pasca-,/pas.ka/
pasca-,/pas.t͡ʃa/
pascacitra,/past͡ʃaˈt͡ʃitra/
pascacitra,[pas.t͡ʃaˈt͡ʃit̪̚.ra]
pascakebenaran,/past͡ʃakəbəˈnaran/
pascakebenaran,[pas.t͡ʃa.kə.bəˈna.ran]
pascakolonial,/past͡ʃakoloˈnial/
pascakolonial,[pas.t͡ʃa.ko.loˈni.al]
pascasarjana,/past͡ʃasarˈd͡ʒana/
pascasarjana,[pas.t͡ʃa.sarˈd͡ʒa.na]
paseban,[paˈsɛban]
paser,/ˈpasɛr/
paser,[ˈpa.sɛr]
pasfoto,[pasˈfo.to]
pasi,/ˈpasi/
pasi,[ˈpa.si]
pasien,[paˈsiɛn]
pasif,/ˈpasif/
pasif,[ˈpa.sɪf]
pasifkan,/paˈsifkan/
pasifkan,[paˈsif.kan]
pasionis,/pasiˈonis/
pasionis,[pa.siˈo.nɪs]
pasir,/ˈpasir/
pasir,[ˈpa.sɪr]
pasiran,/paˈsiran/
pasiran,[paˈsi.ran]
pasiva,[paˈsiva]
paskah,/pas.kah/
paskibraka,/pas.kibˈra.ka/
paskibraka,[pas.kip̚ˈra.ka]
pasok,[ˈpasɔk̚]
pasokan,/paˈsɔkan/
pasokan daya takterputus,/paˈsɔkan ˈdaja taktərˈputʊs/
paspor,[ˈpas.pɔr]
pasraman,/pas.ra.man/
passio,/paˈsio/
passio,[paˈsi.o]
pasta,/ˈpasta/
pasta,[ˈpas.t̪a]
pasta gigi,/ˌpasta ˈɡiɡi/
pasta gigi,[ˌpas.t̪a ˈɡi.ɡi]
pastei,/ˈpastei̯/
pastei,[ˈpas.t̪ei̯]
pastel,/ˈpastɛl/
pastel,[ˈpas.t̪ɛl]
pasteur,/ˈpastər/
pasteur,[ˈpas.t̪ər]
pasti,/ˈpas.ti/
pastor,/pastor/
pastoral,/pasˈtoral/
pastoral,[pasˈt̪o.ral]
pastri,/ˈpastri/
pastri,[ˈpas.t̪ri]
pastur,/ˈpastur/
pastur,[ˈpas.t̪ʊr]
pasu,[ˈpasu]
pasuk,[ˈpasʊk]
pasukan,[paˈsʊk̚an]
pasundan,/paˈsundan/
pasundan,[paˈsun.dan]
pasung,/ˈpasuŋ/
pasung,[ˈpa.sʊŋ]
pasungan,/paˈsuŋan/
pasungan,[paˈsu.ŋan]
pasutri,/paˈsutri/
pasutri,[paˈsut̪̚.ri]
patahan,/paˈtahan/
patahkan,/paˈtah.kan/
pataka,[paˈtaka]
patas,/ˈpatas/
patas,[ˈpa.t̪as]
patek,/ˈpatək/
patek,/ˈpatɛk/
patek,[ˈpa.t̪ək̚]
patek,[ˈpa.t̪ɛk̚]
patembayan,/patəmˈbajan/
patembayan,[pa.t̪əmˈba.jan]
paten,/ˈpatɛn/
paten,[ˈpa.t̪ɛn]
patena,/paˈtena/
patena,[paˈt̪e.na]
pater,[ˈpa.tər]
pati,[ˈpa.ti]
patih,[ˈpa.tɪh]
patik,/ˈpa.tɪk/
patin,/ˈpatin/
patin,[ˈpa.t̪ɪn]
patio,/paˈtio/
patio,[paˈt̪i.o]
patiseri,/pa.ti.sə.ˈri/
patma,/ˈpatma/
patma,[ˈpat̪̚.ma]
patologi,/patoˈloɡi/
patologi,[pa.t̪oˈlo.ɡi]
patra,/ˈpatra/
patra,[ˈpa.t̪ra]
patri,[ˈpat̪ri]
patriark,[pat̚ˈri.ark]
patriarki,/patriˈarki/
patriarki,[pa.t̪riˈar.ki]
patriot,[pat̚ˈriɔt̚]
patriotik,[pat̚riˈotɪk]
patriotisme,[pat̚rioˈtɪsmə]
patristik,/patˈristik/
patristik,[pat̪̚ˈris.t̪ɪk̚]
patroli,[patˈro.li]
patrun,[ˈpatrʊn]
patuh,/ˈpa.tʊh/
patuhi,/paˈtuhi/
patuhi,[paˈt̪u.hi]
patuk,/ˈpatuk/
patuk,[ˈpa.t̪ʊk̚]
patukan,/paˈtukan/
patukan,[paˈt̪u.kan]
patung,/ˈpatuŋ/
patung,[ˈpa.t̪ʊŋ]
patungan,/paˈtuŋan/
patungan,[paˈt̪u.ŋan]
patut,[ˈpat̪ʊt̚]
paud,/ˈpaud/
paud,[ˈpa.ʊt̪̚]
pauh,/ˈpauh/
pauh,[ˈpa.ʊh]
paus,/ˈpaus/
paus,[ˈpa.ʊs]
paviliun,/paviˈliun/
paviliun,[pa.fiˈli.ʊn]
pawai,/ˈpawai̯/
pawai,[ˈpa.wai̯]
pawaka,/paˈwaka/
pawaka,[paˈwa.ka]
pawana,/paˈwana/
pawana,[paˈwa.na]
pawang,/ˈpawaŋ/
pawang,[ˈpa.waŋ]
pawongan,/paˈwoŋan/
pawongan,[paˈwo.ŋan]
paya,/ˈpaja/
paya,[ˈpa.ja]
payu,/ˈpaju/
payu,[ˈpa.ju]
payudara,/pajuˈdara/
payung,/ˈpajuŋ/
payung,[ˈpa.jʊŋ]
pb,/ˈpe.be/
pbb,/peˈbebe/
pcr,/peˈt͡ʃe.ɛr/
pcr,[peˈt͡ʃe.ɛr]
pdb,/pedebe/
pdip,/pɛdɛˈipɛ/
pdip,[pɛ.dɛˈi.pɛ]
pdl,/peˈde.ɛl/
pdl,[peˈde.ɛl]
pdpb,/pe.de.pe.be/
pdss,/pe.deˈɛs.ɛs/
pdss,[pe.deˈɛs.ɛs]
pebalap,/pəˈbalap/
pebalap,[pəˈba.lap̚]
pebinor,[pəˈbinɔr]
pecah,/pəˈt͡ʃah/
pecah,[pəˈt͡ʃah]
pecahan,/pə.t͡ʃa.han/
pecat,/pəˈt͡ʃat/
pecat,[pəˈt͡ʃat̪̚]
pecaton,/pəˈt͡ʃaton/
pecaton,[pəˈt͡ʃa.t̪ɔn]
pecel,/ˈpət͡ʃəl/
pecel,[ˈpə.t͡ʃəl]
peci,/ˈpet͡ʃi/
peci,[ˈpe.t͡ʃi]
pecinan,[pəˈt͡ʃinan]
pecinta,/pəˈt͡ʃinta/
pecinta,[pəˈt͡ʃin̪.t̪a]
pecuk,/pəˈt͡ʃuk/
pecuk,[pəˈt͡ʃʊk̚]
pecun,/ˈpet͡ʃun/
pecun,[ˈpe.t͡ʃʊn]
pecut,/pə.ˈt͡ʃʊt/
pecutan,/pəˈt͡ʃʊtan/
pedagang besar,/pəˈdaɡaŋ bəˈsar/
pedagang kaki lima,[pəˈd̪aɡaŋ ˈkaki ˈlima]
pedagog,/peˈdaɡoɡ/
pedagog,[peˈda.ɡɔk̚]
pedagogi,/pedaˈɡoɡi/
pedagogik,/pedaˈɡoɡik/
pedagogik,[pe.daˈɡo.ɡɪk̚]
pedagogis,/pedaˈɡoɡis/
pedagogis,[pe.daˈɡo.ɡɪs]
pedal,/pə.ˈdal/
pedal,/ˈpe.dal/
pedang,/pəˈdaŋ/
pedang,[pəˈdaŋ]
pedas,[ˈpədas]
pedati,/pəˈdati/
pedati,[pəˈda.t̪i]
pedayung,/pəˈda.jʊŋ/
pede,/ˈpede/
pede,[ˈpe.de]
pedih hati,[pəˈdɪh ˈhat̪i]
pedis,/pəˈdis/
pedis,[pəˈdɪs]
pedofil,/peˈdofil/
pedofil,[peˈdo.fɪl]
pedofilia,/pedofiˈlia/
pedofilia,[pe.do.fiˈli.a]
pedok,/pəˈdok/
pedok,[pəˈdɔk̚]
pedoman,[pəˈdɔman]
peduli,/pəduli/
pedupaan,/pəduˈpaan/
pegang,/pəˈɡaŋ/
pegang,[pəˈɡaŋ]
pegas,/pə.ˈɡas/
pegawai,[pəˈɡawai̯]
pegawai administrasi,/pə.ˈɡa.wai̯ at.mi.nɪs.ˈtra.si/
pegawai negeri,/pə.ˈɡa.wai̯ nə.ɡə.ˈri/
pegawai negeri sipil,/pəˌɡa.wai̯ ˌnə.ɡə.ri ˈsi.pil/
pegawai negeri sipil,[pəˌɡa.wai̯ ˌnə.ɡə.ri ˈsi.pɪl]
pegawai pemerintah,/pəˌɡa.wai̯ pə.məˈrin.tah/
pegawai pemerintah,[pəˌɡa.wai̯ pə.məˈrin̪.t̪ah]
pegawai pemerintah dengan perjanjian kerja,/pəˌɡa.wai̯ pə.məˌrin.tah dəˌŋan pər.d͡ʒanˌd͡ʒi.an kərˈd͡ʒa/
pegawai pemerintah dengan perjanjian kerja,[pəˌɡa.wai̯ pə.məˌrin̪.t̪ah dəˌŋan pər.d͡ʒaɲˌd͡ʒi.an kərˈd͡ʒa]
pegawai tidak tetap,/pə.ˈɡa.wai̯ ˈti.dak tə.ˈtap/
pegiat,/pəˈɡiat/
pegiat,[pəˈɡi.at̪̚]
peguam,/pəˈɡuam/
peguam,[pəˈɡu.am]
pegulat,/pəˈɡulat/
pegulat,[pəˈɡu.lat̪̚]
pejabat,/pəd͡ʒabat/
pejagalan,/pə.d͡ʒa.ˈɡal.an/
pejal,[pəˈd͡ʒal]
pejalan,/pəˈdʒa.lan/
pejalan kaki,/pə.dʒa.lan ˈka.ki/
pejamu,/pə.ˈd͡ʒa.mu/
pejawat,/pəˈd͡ʒa.wat/
pejawat,[pəˈd͡ʒa.wat̪̚]
pejuang,/pəˈd͡ʒu.aŋ/
pejwan,/pəˈd͡ʒwan/
pejwan,[pəˈd͡ʒwan]
pek,/pɛk/
peka,/pəˈka/
peka,[pəˈka]
peka cahaya,/pəˌka t͡ʃaˈhaja/
peka cahaya,[pəˌka t͡ʃaˈha.ja]
pekaja,[pəˈkad͡ʒa]
pekak,/pəˈkak/
pekak,/ˈpekak/
pekak,[pəˈkak̚]
pekak,[ˈpe.kak̚]
pekan,/pəˈkan/
pekan,[pəˈkan]
pekan suci,/pəˌkan ˈsut͡ʃi/
pekan suci,[pəˌkan ˈsu.t͡ʃi]
pekat,/pəˈkat/
pekat,[pəˈkat̪̚]
pekerja,[pəkərˈd͡ʒa]
pekerja ahli,/pə.kər.ˈd͡ʒa ˈah.li/
pekerja rumah tangga,/pə.kər.ˈd͡ʒa ˈru.mah ˈtaŋ.ɡa/
pekerja terampil,/pə.kər.ˈd͡ʒa tər.ˈam.pɪl/
pekerjaan,/pə.kər.dʒa.(ʔ)an/
pekerjaan umum,/pə.kər.ˈd͡ʒa.an ˈu.mʊm/
pekerti,/pəkərˈti/
pekon,/ˈpekon/
pekon,[ˈpe.kɔn]
peksi,[pəkˈsi]
pekuburan,/pəkuˈburan/
pekuburan,[pə.kuˈbu.ran]
pel,[ˈpɛl]
pelabuhan,/pəlaˈbuhan/
pelabuhan,[pə.laˈbu.han]
pelabur,[pəˈlabʊr]
pelaburan,[pəlaˈbʊran]
pelacur,/pəˈlat͡ʃur/
pelacur,[pəˈla.t͡ʃʊr]
peladen,/pəˈla.dɛn/
peladen,[pəˈla.dɛn]
pelahiran,/pə.la.ˈhɪr.an/
pelajar,/pəl.a.d͡ʒar/
pelajaran,/pəlaˈd͡ʒaran/
pelajaran,[pə.laˈd͡ʒa.ran]
pelakor,[pəˈlakɔr]
pelaku,/pəˈlaku/
pelaku usaha,[pəˈlaku ˈʊsaha]
pelamar kerja,/pəˌla.mar kərˈd͡ʒa/
pelamar kerja,[pəˌla.mar kərˈd͡ʒa]
pelambat,/pəˈlambat/
pelambat,[pəˈlam.bat̪̚]
pelambatan,/pəlamˈbatan/
pelambatan,[pə.lamˈba.t̪an]
pelaminan,/pəlaˈminan/
pelaminan,[pə.laˈmi.nan]
pelampung penolong,/pəˌlampuŋ pəˈnoloŋ/
pelampung penolong,[pəˌlam.pʊŋ pəˈno.lɔŋ]
pelan,/pəˈlan/
pelan,[pəˈlan]
pelan-pelan,/pə.lan.pəˈlan/
pelana,[pəˈlana]
pelanggan,/pəˈlaŋ.ɡan/
pelanggan,[pəˈlaŋ.ɡan]
pelanggar,/pəˈlaŋɡar/
pelanggar,[pəˈlaŋ.ɡar]
pelanggaran,/pəlaŋˈɡaran/
pelanggaran,[pə.laŋˈɡa.ran]
pelangi,/pəˈlaŋi/
pelangi,[pəˈla.ŋi]
pelangkin,[pəˈlaŋkɪn]
pelanjib,/pəˈland͡ʒib/
pelanjib,[pəˈlaɲ.d͡ʒɪp̚]
pelantar,/pəˈlan.tar/
pelantikan,/pəlanˈtikan/
pelantikan,[pə.lan̪ˈt̪i.kan]
pelapisan,/pəlaˈpisan/
pelapisan,[pə.laˈpi.san]
pelapor,/pəˈlapor/
pelapor,[pəˈla.pɔr]
pelapukan,/pə.la.ˈpʊk.an/
pelari,/pəˈla.ri/
pelarian,/pə.la.ˈri.an/
pelarut,/pəˈlarut/
pelarut,[pəˈla.rʊt̪̚]
pelat,[pəˈlat̪̚]
pelat,[ˈpɛlat̪̚]
pelat merah,[pəˈlat̚ ˈmɛrah]
pelataran,/pəlaˈtaran/
pelataran,[pə.laˈt̪a.ran]
pelatih,/pəˈlatɪh/
pelatihan,/pəlaˈtɪhan/
pelaut,/pəˈlaut/
pelaut,[pəˈla.ʊt̪̚]
pelawak,/pəˈlawaʔ/
pelawak,[pəˈla.waʔ]
pelayan,/pəˈlajan/
pelayan,[pəˈla.jan]
pelayanan,[pəlaˈjanan]
pelayanan publik,/pəlaˈjanan ˈpublɪk/
pelayaran,/pəlaˈjaran/
pelayaran,[pə.laˈja.ran]
pelbagai,/pəlˈbaɡai̯/
pelbagai,[pəlˈba.ɡai̯]
peleburan,/pələˈburan/
peleburan,[pə.ləˈbur.an]
peledak,/ˈpələdak/
peledak,[ˈpə.lə.dak̚]
peledakan,/pələˈdakan/
peledakan,[pə.ləˈda.kan]
peleleh,/pəˈlɛ.lɛh/
pelelehan,/pə.lɛˈlɛ.han/
pelemakan,/pə.ləˈma.kan/
pelembapan,/pə.ləm.ˈbap.an/
pelengkap,/pə.ləŋˈkap̚/
pelengkung,/pələŋˈkuŋ/
pelengkung,[pə.ləŋˈkuŋ]
pelepah,/pələˈpah/
pelepah,[pə.ləˈpah]
pelepas,/ˈpələpas/
pelepas,[ˈpə.lə.pas]
pelepasan,/pə.ləˈpa.san/
pelepasan,[pə.ləˈpa.san]
pelepasan bersyarat,/pələˈpasan bərˈʃarat̚/
peler,/pəˈler/
peleset,/pəˈleset/
peleset,[pəˈle.sɛt̪̚]
pelesir,[pə.ləˈsɪr]
pelesit,/pələˈsit/
pelesit,[pə.ləˈsɪt̪̚]
pelet,/ˈpelet/
pelet,[ˈpe.lɛt̪̚]
peletak dasar,/ˌpələtak ˈdasar/
peletak dasar,[ˌpə.lə.t̪ak̚ ˈda.sar]
peleton,/pələˈton/
peleton,[pə.ləˈt̪on]
peliberalan,[pəlibəˈralan]
pelihara,/pəliˈhara/
pelihara,[pə.liˈha.ra]
pelihat,/pəˈli.hat̚/
pelihatan,/pə.liˈha.tan/
pelik,/pəˈlik/
pelik,[pəˈlɪk̚]
pelindung,/pəˈlinduŋ/
pelindung,[pəˈlin.dʊŋ]
pelipis,/pəˈlipis/
pelipis,[pəˈli.pɪs]
pelisir,[pəˈlisɪr]
pelita,[pəˈlita]
pelitur,[pəˈli.t̪ʊr]
pelo,/ˈpelo/
pelo,[ˈpe.lo]
pelobian,/pəloˈbian/
pelobian,[pə.loˈbi.an]
pelompat,/pəˈlɔm.pat̚/
pelompatan,/pə.lɔmˈpa.tan/
pelonco,/pəˈlɔnt͡ʃo/
pelonggaran kuantitatif,/pə.loŋˌɡa.ran ku.an.tiˈta.tif/
pelonggaran kuantitatif,[pə.loŋˌɡa.ran ku.an̪.t̪iˈt̪a.t̪ɪf]
pelopor,/pəˈlopɔr/
pelor,[ˈpɛ.lɔr]
pelpolisi,[pɛlpoˈlisi]
peluang,/pəˈluaŋ/
pelucutan,/pəluˈt͡ʃutan/
pelucutan,[pə.luˈt͡ʃu.t̪an]
peluh,/pə.ˈlʊh/
peluit,/pə.lu.ɪt̚/
peluk,/pəˈluk/
pelukis,/pəˈlukis/
pelukis,[pəˈlu.kɪs]
pelukis kartun,/pəˌlukis ˈkartun/
pelukis kartun,[pəˌlu.kɪs ˈkar.t̪ʊn]
pelukisan,/pəluˈkisan/
pelukisan,[pə.luˈki.san]
pelumas,/pəˈlumas/
pelumpuh,/pəˈlumpuh/
pelumpuh,[pəˈlum.pʊh]
pelunasan,/pəluˈnasan/
pelunasan,[pə.luˈna.san]
pelupa,/pəˈlupa/
pelupa,[pəˈlu.pa]
peluru,[pəˈlu.ru]
peluru hampa,/pəˌluru ˈhampa/
peluru hampa,[pəˌlu.ru ˈham.pa]
peluru kendali,[pəluru kəndali]
peluru kosong,/pəˌluru ˈkosoŋ/
peluru kosong,[pəˌlu.ru ˈko.sɔŋ]
peluru tajam,/pəˌluru ˈtad͡ʒam/
peluru tajam,[pəˌlu.ru ˈt̪a.d͡ʒam]
peluruhan,/pəluˈruhan/
peluruhan,[pə.luˈru.han]
peluruhan radioaktif,/pə.lu.ˈrʊh.an ra.dio.ˈak.tɪf/
pemabuk,/pəˈmabuk/
pemabuk,[pəˈma.bʊk̚]
pemacu,/pə.ˈma.t͡ʃu/
pemadam,[pəˈmadam]
pemadam api,/pə.ˈma.dam ˈa.pi/
pemadam kebakaran,[pəˈmadam kəbaˈkaran]
pemadaman,/pəmaˈdaman/
pemadaman,[pə.maˈdam.an]
pemadanan,/pəmaˈdanan/
pemadanan,[pə.maˈda.nan]
pemahaman,/pə.maˈha.man/
pemahkotaan,/pə.mah.ko.ˈta.an/
pemain,/pə.main/
pemakaian,/pəmaˈkajan/
pemakaian,[pə.maˈka.jan]
pemakan,/pəˈmakan/
pemakan,[pəˈma.kan]
pemalangan,/pəmaˈlaŋan/
pemalangan,[pə.maˈla.ŋan]
pemancar,/pəˈmant͡ʃar/
pemancar,[pəˈmaɲ.t͡ʃar]
pemancing,/pəˈmant͡ʃiŋ/
pemancing,[pəˈmaɲ.t͡ʃɪŋ]
pemandang,/pəˈman.daŋ/
pemandangan,/pəmanˈdaŋan/
pemandangan,[pə.manˈda.ŋan]
pemandangan umum,/pə.man.da.ŋan ˈ(ʔ)u.mʊm/
pemandian,/pəmanˈdian/
pemandu,/pəˈman.du/
pemandu,[pəˈman.du]
pemandu lalu lintas udara,/pə.ˈman.du ˈla.lu ˈlɪn.tas u.ˈda.ra/
pemanfaatan,/pə.man.fa.ˈat.an/
pemanggang,/pəˈmaŋɡaŋ/
pemanggang,[pəˈmaŋ.ɡaŋ]
pemanggil,/pəˈmaŋɡil/
pemanggil,[pəˈmaŋ.ɡɪl]
pemanggilan,/pəmaŋˈɡilan/
pemanggilan,[pə.maŋˈɡi.lan]
pemanggilan lucah,/pə.maŋˌɡi.lan ˈlu.t͡ʃah/
pemanggilan lucah,[pə.maŋˌɡi.lan ˈlu.t͡ʃah]
pemangku,/pəˈmaŋku/
pemangkuan,/pəmaŋˈkuan/
pemangkuan,[pə.maŋˈku.an]
pemangsa,/pəˈmaŋ.sa/
pemanipulasi,/pə.ma.ni.puˈla.si/
pemanjat,/pəˈmaɲ.d͡ʒat̚/
pemanjatan,/pə.maɲˈd͡ʒa.tan/
pemaparan,[pəmaˈparan]
pemarah,/pəˈmarah/
pemarah,[pəˈma.rah]
pemasak,/pəˈmasak/
pemasak,[pəˈma.sak̚]
pemasifan,/pəmaˈsifan/
pemasifan,[pə.maˈsi.fan]
pematang,/pəˈmataŋ/
pematang,[pəˈma.t̪aŋ]
pematuhan,/pə.maˈtu.han/
pemazmur,/pəˈmazmur/
pemazmur,[pəˈmaz.mʊr]
pembaca,/pəmˈbat͡ʃa/
pembaca,[pəmˈba.t͡ʃa]
pembacaan,/pəmbaˈt͡ʃaan/
pembacaan,[pəm.baˈt͡ʃa.(ʔ)an]
pembagi,/pəmˈbaɡi/
pembagi,[pəmˈba.ɡi]
pembagian,/pəmbaˈɡian/
pembagian,[pəm.baˈɡi.an]
pembahasan,/pəmbaˈhasan/
pembahasan,[pəm.baˈha.san]
pembakar,/pəmˈbakar/
pembakar,[pəmˈba.kar]
pembakuan,/pəm.ba.ˈku.an/
pembalap,/pəmˈbalap/
pembalap,[pəmˈba.lap̚]
pembalapan,/pəmbaˈlapan/
pembalapan,[pəm.baˈla.pan]
pembalikan,/pəmbaˈlikan/
pembalikan,[pəm.baˈlik̚.an]
pembalikan waktu,/pəm.ba.ˈlɪk.an ˈwak.tu/
pembalut,/pəmˈba.lut/
pembalut,[pəmˈba.lʊt̪̚]
pembanding,/pəmˈbandiŋ/
pembanding,[pəmˈban.dɪŋ]
pembangkang,/pəmˈbaŋkaŋ/
pembangkit,/pəmˈbaŋkit/
pembangkit,[pəmˈbaŋ.kɪt̪̚]
pembangun,/pəmˈba.ŋʊn/
pembangunan,/pəmbaˈŋunan/
pembangunan,[pəm.baˈŋu.nan]
pembangunan berkelanjutan,/pəm.ba.ˈŋʊn.an bər.kə.lan.ˈd͡ʒʊt.an/
pembantaran,/pəmbanˈtaran/
pembantaran,[pəm.ban̪ˈt̪a.ran]
pembantu,/pəmˈban.tu/
pembantu,[pəmˈban̪.t̪u]
pembantu rumah tangga,/pəm.ˈban.tu ˈru.mah ˈtaŋ.ɡa/
pembaringan,/pəmbaˈriŋan/
pembaringan,[pəm.baˈri.ŋan]
pembaruan,/pəmbaˈruan/
pembaruan,[pəm.baˈru.an]
pembasuh mulut,/pəmˌba.suh ˈmu.lut/
pembasuh mulut,/pəmˌbasuh ˈmulut/
pembasuh mulut,[pəmˌba.sʊh ˈmu.lʊt̪̚]
pembatas,/pəmˈba.tas/
pembatas,[pəmˈba.t̪as]
pembatasan,/pəmbaˈtasan/
pembatasan,[pəm.baˈt̪a.san]
pembauran,/pəmbaˈuran/
pembauran,[pəm.baˈu.ran]
pembawa,/pəmˈbawa/
pembawa,[pəmˈba.wa]
pembayang,/pəmˈbajaŋ/
pembayang,[pəmˈba.jaŋ]
pembayangan,/pəmbaˈjaŋan/
pembayangan,[pəm.baˈja.ŋan]
pembayaran,/pəmbaˈjaran/
pembayaran,[pəm.baˈja.ran]
pembebasan bersyarat,/pəmbeˈbasan bərˈʃarat̚/
pembeda,/pəmˈbɛ.da/
pembedaan,/pəm.bɛˈda.ʔan/
pembekalan,/pəmbəˈkalan/
pembekalan,[pəm.bəˈka.lan]
pembela,/pəmˈbela/
pembela,/ˈpəmbəla/
pembela,[pəmˈbe.la]
pembela,[ˈpəm.bə.la]
pembelaan,/pəm.beˈla.an/
pembelaan,/pəm.bəˈla.an/
pembelaan,[pəm.beˈla.(ʔ)an]
pembelaan,[pəm.bəˈla.(ʔ)an]
pembelaan terpaksa,/pəmbəˈlaan tərˈpaksa/
pembelahan,/pəmbəˈlahan/
pembelahan sel,/pəmbəˈlahan ˈsɛl/
pembelajaran,[pəmbəlˈad͡ʒaran]
pembelanja,/pəm.bəˈlaɲ.d͡ʒa/
pembelanjaan,/pəm.bə.laɲˈd͡ʒa.ʔan/
pembelenggu,/pəm.bə.ləŋˈɡu/
pembelengguan,/pəm.bə.ləŋˈɡu.an/
pembeli,/ˈpəmbəli/
pembeli,[ˈpəm.bə.li]
pembenah tanah,/ˌpəmbənah ˈtanah/
pembenah tanah,[ˌpəm.bə.nah ˈt̪a.nah]
pembenahan,/pəmbəˈnahan/
pembenahan,[pəm.bəˈna.han]
pembentangan,/pəm.bən.ˈtaŋ.an/
pembentukan,/pəmbənˈtukan/
pembentukan,[pəm.bən̪ˈt̪u.kan]
pemberantasan,/pəmbəranˈtasan/
pemberantasan,[pəm.bə.ran̪ˈt̪a.san]
pemberat,[pəmbəˈrat̪̚]
pemberdayaan,/pəmbərdaˈjaan/
pemberdayaan,[pəm.bər.daˈja.(ʔ)an]
pemberhasil,/pəmbərˈhasil/
pemberhasil,[pəm.bərˈha.sɪl]
pemberhasilan,/pəmbərhaˈsilan/
pemberhasilan,[pəm.bər.haˈsi.lan]
pemberi,/pəm.bəˈri/
pemberi kerja,/pəm.bə.ˈri kər.ˈd͡ʒa/
pemberian,/pəmbəˈrian/
pemberian,[pəm.bəˈri.an]
pemberita,/pəmbəˈrita/
pemberita,[pəm.bəˈri.t̪a]
pemberitahu,/pəmbəriˈtahu/
pemberitahu,/pəmbəriˈtau/
pemberitahu,[pəm.bə.riˈt̪a.hu]
pemberitahu,[pəm.bə.riˈt̪a.u]
pemberitahuan,/pəm.bə.ri.taˈhu.an/
pemberontakan,/pəmbərɔnˈtakan/
pembesar,/pəm.bəˈsar/
pembesaran,/pəm.bəˈsa.ran/
pembetonan,/pəm.bəˈto.nan/
pembetulan,/pəmbəˈtulan/
pembetulan,[pəm.bəˈt̪u.lan]
pembiasaan,/pəmbiaˈsaan/
pembiasaan,[pəm.bi.aˈsa.(ʔ)an]
pembiasan,/pəmbiˈasan/
pembiasan,[pəm.biˈa.san]
pembiaya,/pəmbiˈaja/
pembiaya,[pəm.biˈa.ja]
pembilang,/pəmˈbilaŋ/
pembimbing,/pəmˈbimbiŋ/
pembimbing,[pəmˈbim.bɪŋ]
pembimbingan,/pəmbimˈbiŋan/
pembimbingan,[pəm.bimˈbi.ŋan]
pembinaan,/pəmbiˈnaan/
pembiusan,/pəmbiˈusan/
pembiusan,[pəm.biˈus.an]
pembobok,/pəmˈbobok/
pembobok,/pəmˈboboʔ/
pembobok,[pəmˈbo.bɔk̚]
pembobok,[pəmˈbo.bɔʔ]
pembobokan,/pəmboˈbokan/
pembobokan,[pəm.boˈbo.kan]
pembobotan,/pəmboˈbotan/
pembobotan,[pəm.boˈbo.t̪an]
pembohong,/pəm.bo.honɡ/
pemboikot,/pəmˈbɔi̯.kɔt̚/
pemboikotan,/pəm.bɔi̯ˈkɔ.tan/
pembolos,/pəmˈbolos/
pembolos,[pəmˈbo.lɔs]
pemborgolan,/pəm.bɔrˈɡɔ.lan/
pemborong,/pəmˈboroŋ/
pembuahan,/pəm.buˈa.han/
pembuai,/pəmˈbuˈai̯/
pembuaian,/pəm.buˈa.jan/
pembuang,/pəmˈbu.aŋ/
pembuangan,/pəm.buˈa.ŋan/
pembuangan limbah,/pəm.bu.a.ŋan ˈlim.bah/
pembuat,/pəmˈbuat/
pembuat,[pəmˈbu.at̪̚]
pembujuk,/pəmˈbu.d͡ʒʊʔ/
pembujukan,/pəm.buˈd͡ʒu.kan/
pembuka,/pəmˈbu.ka/
pembukaan,/pəm.buˈka.ʔan/
pembuktian,/pəmbukˈtian/
pembuktian,[pəm.buk̚ˈt̪i.an]
pembukuan,[pəmbuˈkuan]
pembuluh balik,/pəmˌbu.luh ˈba.lik/
pembuluh balik,[pəmˌbu.lʊh ˈba.lɪk̚]
pembuluh darah,[pəmˈbulʊh ˈdarah]
pembuluh kayu,/pəmˌbuluh ˈkaju/
pembuluh kayu,[pəmˌbu.lʊh ˈka.ju]
pembuluh tapis,/pəmˌbuluh ˈtapis/
pembuluh tapis,[pəmˌbu.lʊh ˈt̪a.pɪs]
pembumian,/pəmbuˈmian/
pembumian,[pəm.buˈmi.an]
pembunuh,/pəmˈbunuh/
pembunuh,[pəmˈbu.nʊh]
pembunuh berantai,/pəm.bu.nʊh bəˈran.tai̯/
pembunuhan,/pəmbuˈnuhan/
pembunuhan,[pəm.buˈnu.han]
pemburu,/pəmˈburu/
pemburu,[pəmˈbu.ru]
pemda,/pəmˈda/
pemegang,/ˈpəməɡaŋ/
pemegang,[ˈpə.mə.ɡaŋ]
pemegang jabatan,/pəməˌɡaŋ d͡ʒaˈbatan/
pemegang jabatan,[pə.məˌɡaŋ d͡ʒaˈba.t̪an]
pemegang saham,[pəməˈɡaŋ ˈsaham]
pemekaran,/pəməˈkaran/
pemekaran,[pə.məˈka.ran]
pemeliharaan,/pə.mə.li.ha.ˈra.an/
pemeliharaan surat,/pə.mə.li.ha.ˈra.an ˈsu.rat/
pemeluk,[pə.mə.lʊk̚]
pemengaruh,/pə.məˈŋa.rʊh/
pemenggalan kata,/pə.məŋ.ɡa.lan ˈka.ta/
pementoran,/pəmənˈtoran/
pementoran,[pə.mən̪ˈt̪o.ran]
pemerasan,/pəməˈrasan/
pemerasan,[pə.məˈra.san]
pemerbesar,/pə.mər.bəˈsar/
pemercontohan,/pəmərt͡ʃonˈtohan/
pemercontohan,[pə.mər.t͡ʃon̪ˈt̪o.han]
pemerhati,/pəmərˈhati/
pemerhati,[pə.mərˈha.t̪i]
pemeriksaan,/pəmərɪkˈsaan/
pemerintah,[pəməˈrɪntah]
pemerintah agung,/pə.məˌrin.tah ˈa.ɡuŋ/
pemerintah agung,[pə.məˌrin̪.t̪ah ˈa.ɡʊŋ]
pemerintah bayangan,/pə.mə.ˈrɪn.tah ba.ˈjaŋ.an/
pemerintah daerah,/pəməˌrintah daˈɛrah/
pemerintah daerah,[pə.məˌrin̪.t̪ah daˈɛ.rah]
pemerintah pusat,[pəməˈrɪntah ˈpusat̚]
pemerintahan,/pəmərinˈtahan/
pemerintahan,[pə.mə.rin̪ˈt̪a.han]
pemerintahan pengasingan,/pə.mə.rɪnˈtah.an pəŋ.a.ˈsɪŋ.an/
pemerkosa,/pə.mərˈkɔ.sa/
pemerkosaan,/pə.mər.ko.ˈsa.ʔan/
pemerlambat,/pəmərˈlambat/
pemerlambat,[pə.mərˈlam.bat̪̚]
pemerolehan,/pə.mər.ˈɔlɛh.an/
pemersingkat,/pə.mərˈsiŋ.kat̚/
pemeruman,/pə.məˈru.man/
pemeruman,[pə.məˈru.man]
pemesanan,/pəməˈsanan/
pemesanan,[pə.məˈsa.nan]
pemfitnah,/pəmˈfitnah/
pemfitnah,[pəmˈfit̪̚.nah]
pemfitnahan,/pəmfitˈnahan/
pemfitnahan,[pəm.fit̪̚ˈna.han]
pemidanaan,/pə.mi.da.ˈna.an/
pemikir,/pəˈmi.kɪr/
pemikiran,/pə.miˈki.ran/
pemikul,/pəˈmikul/
pemikul,[pəˈmi.kʊl]
pemilih,[pəˈmilɪh]
pemilihan,/pəmiˈlihan/
pemilihan,[pə.miˈli.han]
pemilihan kepala daerah,/pə.miˌli.han kəˌpa.la ˈda.ə.rah/
pemilihan kepala daerah,[pə.miˌli.han kəˌpa.la ˈda.ə.rah]
pemilik,/pəˈmiliʔ/
pemilik,[pəˈmi.lɪʔ]
pemilikan,/pəmiˈlikan/
pemilikan,[pə.miˈli.kan]
pemimpin,[pəˈmɪmpɪn]
peminjaman,/pəminˈd͡ʒaman/
peminjaman,[pə.miɲˈd͡ʒa.man]
peminta,/pəˈminta/
peminta,[pəˈmin̪.t̪a]
peminta-minta,/pəˌminta ˈminta/
peminta-minta,[pəˌmin̪.t̪a ˈmin̪.t̪a]
pemintakatan,/pəmintaˈkatan/
pemintakatan,[pə.min̪.t̪aˈka.t̪an]
pemirsa,/pəˈmirsa/
pemirsa,[pəˈmir.sa]
pemisah,/pəˈmisah/
pemisah,[pəˈmi.sah]
pemisahan kekuasaan,/pə.mi.ˈsah.an kə.kua.ˈsa.an/
pemkab,/pəmˈkap̚/
pemkot,/pəmˈkɔt̚/
pemompaan,/pəmɔmˈpaan/
pemotivasi,/pə.mɔ.tiˈfa.si/
pemotivasian,/pə.mɔ.ti.faˈsi.an/
pemotong,/pəˈmotoŋ/
pemotong,[pəˈmo.t̪ɔŋ]
pemprov,/pəmˈprɔp̚/
pemrakarsa,/pəm.ra.ˈkar.sa/
pemred,/ˈpəm.rəd/
pemred,[ˈpəm.rət̪̚]
pemroduksi,/pəmroˈduksi/
pemroduksi,[pəm.roˈduk̚.si]
pemroduksian,/pəmrodukˈsian/
pemrofil,/pəmˈrofil/
pemrofil,[pəmˈro.fɪl]
pemrofilan,/pəmroˈfilan/
pemrofilan,[pəm.roˈfi.lan]
pemrogram,/pəmˈor.ɡam/
pemrogram,/pəmˈro.ɡram/
pemrograman,/pəmroˈɡraman/
pemublikasian,/pəmublikaˈsian/
pemublikasian,[pə.mup̚.li.kaˈsi.an]
pemuda,/pəˈmuda/
pemuda,[pəˈmu.da]
pemufakatan,/pəmufaˈkatan/
pemukiman,[pəmuˈkɪman]
pemula,/pə.ˈmu.la/
pemulangan,/pə.mu.ˈlaŋ.an/
pemuliaan,/pəmuˈlia̯an/
pemuncul,/pəˈmunt͡ʃul/
pemuncul,[pəˈmuɲ.t͡ʃʊl]
pemungutan,/pəmuˈŋutan/
pemungutan,[pə.muˈŋu.t̪an]
pemurah,/pəˈmu.rah/
pemuras,/pəˈmuras/
pemuras,[pəˈmu.ras]
pemurnian,[pəmʊrˈnian]
pemusatan,/pəmuˈsatan/
pemusatan,[pə.muˈsa.t̪an]
pemusik,/pəˈmu.sɪk̚/
pemutakhiran,[pəmutaˈxɪran]
pemutih,/pəˈmutih/
pemutih,[pəˈmu.t̪ɪh]
pemutihan,/pəmuˈtihan/
pemutihan,[pə.muˈt̪i.han]
pemutus,/pəˈmutus/
pemutus,[pəˈmu.t̪ʊs]
pemutusan,/pəmuˈtusan/
pemutusan,[pə.muˈt̪u.san]
pemutusan hubungan kerja,/pə.muˌtu.san huˌbu.ŋan kərˈd͡ʒa/
pemutusan hubungan kerja,[pə.muˌt̪u.san huˌbu.ŋan kərˈd͡ʒa]
pen,[ˈpɛn]
pena,[ˈpɛna]
penabalan,/pə.na.ˈbal.an/
penadbiran,[pənat̚ˈbɪran]
penagihan,/pənaˈɡihan/
penagihan,[pə.naˈɡi.han]
penahanan,/pənaˈhanan/
penahanan,[pə.naˈha.nan]
penahbisan,/pənahˈbisan/
penahbisan,[pə.nahˈbi.san]
penajam,/pəˈnadʒam/
penakluk,/pəˈnakluk/
penakluk,/pəˈnaʔluk/
penakluk,[pəˈnak̚.lʊk̚]
penakluk,[pəˈnaʔ.lʊk̚]
penaklukan,/pənakˈlukan/
penaklukan,/pənaʔˈlukan/
penaklukan,[pə.nak̚ˈlu.kan]
penaklukan,[pə.naʔˈlu.kan]
penaksiran,/pə.nak.ˈsɪr.an/
penakut,/pəˈnakut/
penakut,[pəˈna.kʊt̪̚]
penambah,/pəˈnambah/
penambah,[pəˈnam.bah]
penampakan,[pənamˈpak̚an]
penampang,/pəˈnampaŋ/
penampang,[pəˈnam.paŋ]
penampil,/pəˈnampil/
penampil,[pəˈnam.pɪl]
penanaman,[pənaˈnaman]
penanaman modal,[pənaˈnaman ˈmodal]
penanda,/pənanda/
penanganan,/pənaˈŋanan/
penanganan,[pə.naˈŋa.nan]
penanggahan,/pənaŋˈɡahan/
penanggahan,[pə.naŋˈɡa.han]
penanggalan,/pənaŋˈɡalan/
penangguhan,/pənaŋˈɡʊhan/
penanggung,/pə.ˈnaŋ.ɡʊŋ/
penangkal petir,/pəˈnaŋkal pəˈtɪr/
penangkapan,/pənaŋˈkapan/
penangkapan,[pə.naŋˈka.pan]
penantang,/pəˈnantaŋ/
penantang,[pəˈnan̪.t̪aŋ]
penapis,/pəˈnapis/
penapis,[pəˈna.pɪs]
penari,[pəˈnari]
penasaran,/pənaˈsaran/
penasaran,[pə.naˈsa.ran]
penasihat,[pənaˈsihat̚]
penasun,/pəˈnasun/
penasun,[pəˈna.sʊn]
penata,/pəˈnata/
penata,[pəˈna.t̪a]
penataan,/pənaˈtaan/
penataan,[pə.naˈt̪a.(ʔ)an]
penatalayan,/pənataˈlajan/
penatalayan,[pə.na.t̪aˈla.jan]
penataolahan,/pənataoˈlahan/
penataolahan,[pə.na.t̪a.oˈla.han]
penatap,/pəˈnatap/
penatap,[pəˈna.t̪ap̚]
penatapan,/pə.naˈta.pan/
penatua,/pənaˈtua/
penatua,[pə.naˈt̪u.a]
penawaran,/pənaˈwaran/
penawaran,[pə.naˈwa.ran]
pencaharian,/pəɲ.t͡ʃa.haˈri.an/
pencairan,/pənt͡ʃaˈiran/
pencairan,[pəɲ.t͡ʃaˈi.ran]
pencak,/pənˈt͡ʃak/
pencak,[pəɲˈt͡ʃak̚]
pencak silat,/pənˌt͡ʃaʔ ˈsilat/
pencak silat,[pəɲˌt͡ʃaʔ ˈsi.lat̪̚]
pencakar langit,/pənˈt͡ʃakar ˈlaŋɪt̚/
pencampur,/pənˈt͡ʃampur/
pencampur,[pəɲˈt͡ʃam.pʊr]
pencangkok,/pənˈt͡ʃaŋkok/
pencangkok,/pənˈt͡ʃaŋkoʔ/
pencangkok,[pəɲˈt͡ʃaŋ.kɔk̚]
pencangkok,[pəɲˈt͡ʃaŋ.kɔʔ]
pencangkokan,/pənt͡ʃaŋˈkokan/
pencangkokan,[pəɲ.t͡ʃaŋˈko.kan]
pencar,/pənˈt͡ʃar/
pencar,[pəɲˈt͡ʃar]
pencari,/pəɲˈt͡ʃa.ri/
pencarian,/pəɲ.t͡ʃaˈri.an/
pencatat,/pəɲˈt͡ʃatat/
pencatat,[pəɲˈt͡ʃa.t̪at̪̚]
pencegahan,/pənt͡ʃəˈɡahan/
pencegahan,[pəɲ.t͡ʃəˈɡa.han]
pencemaran,/pən.t͡ʃə.ma.ran/
penceramah,/pənt͡ʃəˈramah/
penceramah,[pəɲ.t͡ʃəˈra.mah]
pencernaan,/pənt͡ʃərˈnaan/
pencernaan,[pəɲ.t͡ʃərˈna.(ʔ)an]
pencet,/ˈpənt͡ʃət/
pencet,[ˈpəɲ.t͡ʃət̪̚]
pencetak,/pənˈt͡ʃetak/
pencetak,[pəɲˈt͡ʃe.t̪ak̚]
pencetakan,/pən.t͡ʃɛ.ˈtak.an/
pencil,/pənˈt͡ʃil/
pencil,[pəɲˈt͡ʃɪl]
pencinta,/pənˈt͡ʃinta/
pencinta,[pəɲˈt͡ʃin̪.t̪a]
pencipta,/pənˈt͡ʃipta/
pencipta,[pəɲˈt͡ʃip̚.t̪a]
pencitraan,/pəŋt͡ʃiˈtraan/
pencolok,/pənˈt͡ʃɔlɔk/
pencolok,[pəɲˈt͡ʃɔ.lɔk̚]
pencuci mulut,/pənˌt͡ʃut͡ʃi ˈmulut/
pencuci mulut,[pəɲˌt͡ʃu.t͡ʃi ˈmu.lʊt̪̚]
pencucian,/pəɲ.t͡ʃuˈt͡ʃi.an/
pencucian uang,/pənt͡ʃuˈt͡ʃian ˈʊa̯ŋ/
pencukur,/pəɲˈt͡ʃu.kʊr/
pencukuran,/pəɲ.t͡ʃuˈku.ran/
pencuri,/pənˈt͡ʃuri/
pencuri,[pəɲˈt͡ʃu.ri]
pencurian,/pənt͡ʃuˈrian/
pencurian,[pəɲ.t͡ʃuˈri.an]
pendadaran,[pəndaˈdaran]
pendaftar,/pənˈdaftar/
pendaftar,[pənˈdaf.t̪ar]
pendaftaran,/pəndafˈtaran/
pendaftaran,[pən.dafˈt̪a.ran]
pendakian,/pəndaˈkian/
pendakian,[pən.daˈki.an]
pendamping,/pənˈdampiŋ/
pendamping,[pənˈdam.pɪŋ]
pendampingan,/pəndamˈpiŋan/
pendampingan,[pən.damˈpi.ŋan]
pendapat,/pənˈdapat/
pendapat,[pənˈda.pat̪̚]
pendapatan,[pənd̪aˈpat̪an]
pendapatan bersih,/pəndaˌpatan bərˈsih/
pendapatan bersih,[pən.daˌpa.t̪an bərˈsɪh]
pendapatan kotor,/pəndaˌpatan ˈkɔtɔr/
pendapatan kotor,[pən.daˌpa.t̪an ˈkɔ.t̪ɔr]
pendapatan nasional bruto,/pəndaˌpatan nasiˌonal ˈbruto/
pendapatan nasional bruto,[pən.daˌpa.t̪an na.siˌo.nal ˈbru.t̪o]
pendar,/pənˈdar/
pendar,[pənˈdar]
pendarahan,/pəndaˈrahan/
pendarahan,[pən.daˈra.han]
pendayagunaan,/pəndajaɡuˈnaan/
pendayagunaan,[pən.da.ja.ɡuˈna.(ʔ)an]
pendayung,/pənˈda.jʊŋ/
pendayungan,/pəndaˈjuŋan/
pendayungan,[pən.daˈju.ŋan]
pendek,/ˈpɛndɛʔ/
pendek,[ˈpen.dɛʔ]
pendekatan,/pən.də.ˈkat.an/
pendelegasian,/pəndələɡaˈsian/
pendelegasian,[pən.də.lə.ɡaˈsi.an]
pendengar,/pən.dəˈŋar/
pendengaran,/pən.dəˈŋa.ran/
pendengung,/ˈpəndəŋuŋ/
pendengung,[ˈpən.də.ŋʊŋ]
penderita,/pəndərita/
penderitaan,/pəndəriˈtaan/
penderitaan,[pən.də.riˈt̪a.(ʔ)an]
pendesain,/pəndeˈsain/
pendesain,[pən.deˈsa.ɪn]
pendeta,/pənˈdɛ.ta/
pendeta,[pənˈdɛ.t̪a]
pendiam,/pənˈdi.am/
pendidikan,/pəndiˈdikan/
pendidikan,[pən.diˈdi.kan]
pendidikan tinggi,/pəndiˈdɪk̚an ˈtiŋɡi/
pendingin,/pənˈdiŋin/
pendingin,[pənˈdi.ŋɪn]
pendingin udara,/pənˈdi.ŋɪn(ʔ)ˈʊ.da.ra/
pendinginan,/pəndiˈŋinan/
pendinginan,[pən.diˈŋin.an]
pendiri,/pənˈdiri/
pendiri,[pənˈdi.ri]
pendirian,/pəndiˈrian/
pendirian,[pən.diˈri.an]
pendiskusian,/pəndiskuˈsian/
pendiskusian,[pən.dis.kuˈsi.an]
pendopo,[pənˈdopo]
penduduk,/pənˈduduk/
penduduk,[pənˈdu.dʊk̚]
pendudukan,/pənduˈdukan/
pendudukan,[pən.duˈdu.kan]
pendugaan,/pənduˈɡaan/
pendugaan,[pən.duˈɡa.(ʔ)an]
pendukung,/pənˈdukuŋ/
pendukung,[pənˈdu.kʊŋ]
penebak,/ˈpənəbak/
penebak,[ˈpə.nə.bak̚]
penebuk,/ˈpənəbuk/
penebuk,[ˈpə.nə.bʊk̚]
penebusan,/pənəˈbusan/
penebusan,[pə.nəˈbu.san]
peneduh,/ˈpənəduh/
peneduh,[ˈpə.nə.dʊh]
penegakan,/pə.nə.ˈɡak.an/
peneguhan sidi,/pənəˌɡuhan ˈsidi/
peneguhan sidi,[pə.nəˌɡu.han ˈsi.di]
penelepon,/pəneˈlepɔn/
penelepon,[pə.neˈle.pɔn]
peneleponan,/pəneleˈponan/
peneleponan,[pə.ne.leˈpo.nan]
peneliti,/pə.nəˈli.ti/
penelitian,/pə.nə.liˈti.an/
penenang,/pənəˈnaŋ/
penenang,[pə.nəˈnaŋ]
penendang,/pənənˈdaŋ/
penendangan,/pənənˈdaŋan/
penentu,/ˈpənəntu/
penentu,[ˈpə.nən̪.t̪u]
penentuan,/pənənˈtuan/
penentuan,[pə.nən̪ˈt̪u.an]
penera,/pə.nə.ra/
penerangan,/pənəˈraŋan/
penerangan,[pə.nəˈra.ŋan]
penerapan,/pə.nə.ˈra.pan/
penerapi,/pə.neˈra.pi/
penerbang,/pənərˈbaŋ/
penerbangan,/pənərˈbaŋan/
penerbangan,[pə.nərˈba.ŋan]
penerbit,/pənərˈbɪt̚/
peneriak,/pə.nəˈri.aʔ/
peneriakan,/pə.nə.riˈa.kan/
penerimaan,/pə.nə.ri.ˈma.an/
penerimaan negara bukan pajak,/pə.nə.ri.ˈma.an nə.ˈɡa.ra ˈbu.kan ˈpa.d͡ʒak/
penerimaan peserta didik baru,/pə.nə.ri.ˈma.an pə.sər.ˈta ˈdi.dɪk̚ ˈba.ru/
penerjemah,/pəˈnərd͡ʒəmah/
penerjemah,[pəˈnər.d͡ʒə.mah]
penerjemahan,/pənərd͡ʒəˈmahan/
penerjemahan,[pə.nər.d͡ʒəˈma.han]
penerus,/pə.nə.ˈrʊs/
penetapan,/pənəˈtapan/
penetapan,[pə.nəˈt̪a.pan]
penetapan sementara,/pənəˌtapan səmənˈtara/
penetapan sementara,[pə.nəˌt̪a.pan sə.mən̪ˈt̪a.ra]
penetrasi,/pe.nə.ˈtra.si/
peng-,/pəŋ/
peng- -an,/pəŋ an/
pengabdian,/pəŋ.ap.ˈdi.an/
pengabdian masyarakat,/pəŋapˈdian maʃaˈrakat/
pengabjadan,/pəŋ.abˈd͡ʒad.an/
pengabjadan,[pəŋ.ap̚ˈd͡ʒat̪̚.an]
pengacakan,/pəŋ.ˈat͡ʃak.an/
pengacara,/pə.ŋaˈt͡ʃa.ra/
pengacau,/pəˈŋat͡ʃau̯/
pengadaan,/pəŋ.ˈada.an/
pengadaptasian,/pəŋadaptaˈsian/
pengadaptasian,[pə.ŋa.dap̚.t̪aˈsi.an]
pengadilan,[pəŋaˈdɪlan]
pengadilan militer,/pəŋ.a.ˈdɪl.an mi.ˈli.tɛr/
pengadilan negeri,[pəŋaˈdɪlan nəɡəˈri]
pengadilan tata usaha negara,/pə.ŋaˌdi.lan ˌta.ta uˌsa.ha nəˈɡa.ra/
pengadilan tata usaha negara,[pə.ŋaˌdi.lan̪ ˌt̪a.t̪a uˌsa.ha nəˈɡa.ra]
pengadilan tinggi,[pəŋaˈdɪlan ˈtɪŋɡi]
pengadon,/pəˈŋadon/
pengadon,[pəˈŋa.dɔn]
pengaduan,/pəŋaˈduan/
pengaduan,[pə.ŋaˈdu.an]
pengairan,/pəŋ.a.ʔɪr.an/
pengajak,/pəˈŋad͡ʒaʔ/
pengajak,[pəˈŋa.d͡ʒaʔ]
pengajaran,/pəŋaˈd͡ʒaran/
pengajaran,[pə.ŋaˈd͡ʒa.ran]
pengajaran berbantu komputer,/pə.ŋaˌd͡ʒa.ran bərˌban.tu komˈpu.tər/
pengajaran berbantu komputer,[pə.ŋaˌd͡ʒa.ran bərˌban̪.t̪u komˈpu.t̪ər]
pengajaran mikro,/pə.ŋaˌd͡ʒa.ran ˈmik.ro/
pengajaran mikro,[pə.ŋaˌd͡ʒa.ran ˈmik̚.ro]
pengajian,[pəŋaˈd͡ʒian]
pengaktifan,/pə.ŋakˈti.fan/
pengaktifan,[pə.ŋak̚ˈt̪i.fan]
pengakuan,/pəŋaˈkuan/
pengakuan,[pə.ŋaˈku.an]
pengakuan iman,/pəŋˈakuan ˈɪman/
pengalah,/pəˈŋa.lah/
pengalaman,[pəŋaˈlaman]
pengaman,/pəˈŋa.man/
pengamanan,/pə.ŋaˈma.nan/
pengamanan arsip,/pə.ŋa.ˈman.an ˈar.sɪp/
pengamat,/pəˈŋamat/
pengamat,[pəˈŋa.mat̪̚]
pengamatan,/pəŋaˈmatan/
pengamatan,[pəŋ.aˈmat̪̚.an]
pengambilan,/pəŋamˈbilan/
pengambilan,[pəŋ.amˈbil.an]
pengampelas,/pəˈŋam.p(ə).las/
pengampelasan,/pə.ŋamˈp(ə).la.san/
pengampunan,/pəŋamˈpunan/
pengampunan,[pə.ŋamˈpu.nan]
penganalisis,/pəŋanaˈlisis/
penganalisis,[pə.ŋa.naˈli.sɪs]
penganalisisan,/pəŋanaliˈsisan/
penganalisisan,[pə.ŋa.na.liˈsi.san]
penganan,/pəˈŋanan/
penganan,[pəˈŋa.nan]
penganggaran,/peŋ.aŋ.ˈɡar.an/
pengangguran,[pəŋaŋˈɡʊran]
penganginan,/pəŋaˈŋinan/
penganginan,[pə.ŋaˈŋi.nan]
pengangkat,/pəŋ.ˈaŋ.kat̚/
pengangkatan,[pəŋaŋkat̪an]
pengangkutan,[pəŋaŋkʊt̪an]
penganiaya,/pəŋaniaja/
penganiayaan,/pəŋaniajaan/
penganjur,/pəŋˈand͡ʒʊr/
pengantar,[pəŋˈantar]
pengantin,[pəˈŋant̪ɪn]
pengapuran,/pə.ŋaˈpu.ran/
pengarah,[pəŋˈarah]
pengarang,/pəˈŋaraŋ/
pengarang,[pəˈŋa.raŋ]
pengarsip,/pəˈŋarsip/
pengarsip,[pəˈŋar.sɪp̚]
pengartian,/pə.ŋarˈti.an/
pengaruh,/pəˈŋa.rʊh/
pengaruhi,/pəŋaˈruhi/
pengaruhi,[pə.ŋaˈru.hi]
pengaryaan,/pəŋaˈrjaan/
pengaryaan,[pə.ŋaˈrja.(ʔ)an]
pengasal,/pəˈŋasal/
pengasal,[pəˈŋa.sal]
pengasingan,[pəŋaˈsɪŋan]
pengasuh,/pəˈŋasuh/
pengasuh,[pəˈŋa.sʊh]
pengasuhan,/pəŋaˈsuhan/
pengasuhan,[pə.ŋaˈsu.han]
pengatur,/pə.ŋa.tʊr/
pengatur perjalanan kereta api,/pəˌŋa.tur pər.d͡ʒaˌla.nan ˌkə.rə.ta ˈa.pi/
pengatur perjalanan kereta api,[pəˌŋa.t̪ʊr pər.d͡ʒaˌla.nan ˌkə.rə.t̪a ˈa.pi]
pengaturan,/pəŋaˈtʊran/
pengawal,/pəˈŋawal/
pengawal,[pəˈŋa.wal]
pengawas,/pəŋˈawas/
pengawasan,/pəŋaˈwasan/
pengawasan preventif,/pə.ŋa.ˈwas.an pre.ˈvɛn.tɪf/
pengawasan represif,/pə.ŋa.ˈwas.an re.ˈpre.sɪf/
pengawetan,/pəŋaˈwɛtan/
pengawetan,[pəŋ.aˈwɛt̪̚.an]
pengayuh,/pəˈŋa.jʊh/
pengayuhan,/pə.ŋaˈju.han/
pengayun,/pəˈŋa.jun/
pengeboran,/pəŋəˈboran/
pengeboran,[pə.ŋəˈbo.ran]
pengecaman,/pə.ŋə.ˈt͡ʃam.an/
pengecoran,/pəŋəˈt͡ʃoran/
pengecoran,[pə.ŋəˈt͡ʃo.ran]
pengecualian,/pəŋət͡ʃuaˈlian/
pengecualian,[pə.ŋə.t͡ʃu.aˈli.an]
pengedapan,/pəŋəˈdapan/
pengedapan,[pə.ŋəˈda.pan]
pengejar,/pəŋəˈd͡ʒar/
pengejar,[pə.ŋəˈd͡ʒar]
pengejus,/ˈpəŋəd͡ʒus/
pengejus,[ˈpə.ŋə.d͡ʒʊs]
pengeklaim,/pə.ŋəˈklai̯m/
pengeklaim,/pə.ŋəˈklei̯m/
pengeklaiman,/pə.ŋəˈklai̯.man/
pengeklaiman,/pə.ŋəˈklei̯.man/
pengekor,/pəŋˈekor/
pengekor,[pəŋˈe.kɔr]
pengeksekusi,/pə.ŋɛk.səˈku.si/
pengeksekusian,/pə.ŋɛk.sə.kuˈsi.an/
pengeksploitasi,/pəŋɛksploi̯ˈtasi/
pengeksploitasi,[pə.ŋɛks.ploi̯ˈt̪a.si]
pengeksploitasian,/pəŋɛksploi̯taˈsian/
pengeksploitasian,[pə.ŋɛks.ploi̯.t̪aˈsi.an]
pengelabu,/pəŋəˈlabu/
pengelabu,[pə.ŋəˈla.bu]
pengelasan,/pəŋəˈlasan/
pengelola,/pəŋəˈlola/
pengelola,[pə.ŋəˈlo.la]
pengelompokan,/pə.ŋə.lɔm.ˈpɔk.an/
pengeluaran,/pəŋəˈluaran/
pengeluaran energi,/pəŋəluˌaran enerˈɡi/
pengeluaran energi,[pə.ŋə.luˌa.ran e.nerˈɡi]
pengemasan,[pəŋəˈmasan]
pengembalian investasi,/pə.ŋəm.baˌli.an in.vɛsˈta.si/
pengembalian investasi,[pə.ŋəm.baˌli.an in.fɛsˈt̪a.si]
pengembang,/pəŋəmˈbaŋ/
pengembangan,/pəŋəmˈbaŋan/
pengembangan,[pə.ŋəmˈba.ŋan]
pengemis,/pəŋəˈmis/
pengemis,[pə.ŋəˈmɪs]
pengemudi,/pəŋəˈmudi/
pengemudi,[pə.ŋəˈmu.di]
pengen,/ˈpɛŋɛn/
pengen,[ˈpɛ.ŋɛn]
pengenal,/ˈpəŋənal/
pengenal,[ˈpə.ŋə.nal]
pengenalan,/pəŋəˈnalan/
pengendali,/pə.ŋən.ˈda.li/
pengendalian,/pəŋəndaˈlian/
pengendalian,[pə.ŋən.daˈli.an]
pengendalian infeksi,/pə.ŋən.da.ˈli.an ɪn.ˈfɛk.si/
pengendara,/pəŋənˈdara/
pengendara,[pə.ŋənˈda.ra]
pengepakan,/pə.ŋə.ˈpak.an/
pengepakan,/pəŋ.ə.ˈpak.an/
pengepungan,/pəŋəˈpuŋan/
pengepungan,[pə.ŋəˈpu.ŋan]
pengerek,/pəˈŋerɛk/
pengerek,[pəˈŋe.rɛk̚]
pengeringan,[pəŋəˈrɪŋan]
pengertian,/pə.ŋərˈti.an/
pengeruk,[pəŋəˈrʊk̚]
pengesahan kewajaran,/pəŋəˌsahan kəwaˈd͡ʒaran/
pengesahan kewajaran,[pə.ŋəˌsa.han kə.waˈd͡ʒa.ran]
pengetahuan,/pəŋətaˈhuan/
pengetahuan,[pə.ŋə.t̪aˈhu.an]
penggal,/pəŋˈɡal/
penggal,[pəŋˈɡal]
penggalan,/pəŋˈɡa.lan/
penggalian,/pəŋɡaˈlian/
penggalian,[pəŋ.ɡaˈli.an]
pengganti,/pəŋˈɡanti/
pengganti,[pəŋˈɡan̪.t̪i]
penggaris,/pəŋˈɡaris/
penggaris,[pəŋˈɡa.rɪs]
penggawa,[pəŋˈɡawa]
penggayuh,/pəŋˈɡa.jʊh/
penggeledahan,/pəŋɡəleˈdahan/
penggeledahan,[pəŋ.ɡə.leˈda.han]
penggerak,/pəŋ.ɡə.ˈrak/
penggerek,/pəŋˈɡerɛk/
penggerek,[pəŋˈɡe.rɛk̚]
penggiling,/pəŋ.ɡɪ.lɪŋ/
penggodam,/pəŋˈɡodam/
penggodam,[pəŋˈɡo.dam]
penggorengan,[pəŋɡoˈreŋran]
penggugup,/pəŋˈɡu.ɡʊp̚/
pengguna,/pəŋˈɡuna/
penggundulan,/pəŋ.ɡʊnˈdu.lan/
pengguruan,/pəŋɡuˈruan/
pengguruan,[pəŋ.ɡuˈru.an]
penghabisan,/pəŋhaˈbisan/
penghabisan,[pəŋ.haˈbi.san]
penghafal,/pəŋˈhafal/
penghafal,[pəŋˈha.fal]
penghafalan,/pəŋhaˈfalan/
penghafalan,[pəŋ.haˈfa.lan]
penghakiman,/pəŋhaˈkɪman/
penghambat,/pəŋ.ˈham.bat/
penghambatan,/pəŋhamˈbatan/
penghambatan,[pəŋ.hamˈba.t̪an]
penghamilan,/pəŋhaˈmilan/
penghamilan,[pəŋ.haˈmi.lan]
penghancuran,/pəŋhanˈt͡ʃuran/
penghancuran,[pəŋ.haɲˈt͡ʃu.ran]
penghantar,[pəŋˈhantar]
penghapus,[pəŋˈhapʊs]
penghapusan,/pəŋ.haˈpu.san/
penghasil,/pəŋˈhasil/
penghasil,[pəŋˈha.sɪl]
penghasilan,/pəŋhaˈsilan/
penghasilan,[pəŋ.haˈsi.lan]
penghasilan bersih,/pəŋhaˌsilan bərˈsih/
penghasilan bersih,[pəŋ.haˌsi.lan bərˈsɪh]
penghasilan kena pajak,/pəŋhaˌsilan kəˌna ˈpad͡ʒaʔ/
penghasilan kena pajak,[pəŋ.haˌsi.lan kəˌna ˈpa.d͡ʒaʔ]
penghasilan kotor,/pəŋhaˌsilan ˈkɔtɔr/
penghasilan kotor,[pəŋ.haˌsi.lan ˈkɔ.t̪ɔr]
penghidupan,/pəŋ.hiˈdu.pan/
penghidupan kembali,/pəŋ.hiˌdu.pan kəmˈba.li/
penghidupan kembali,[pəŋ.hiˌdu.pan kəmˈba.li]
penghinaan,/pəŋhiˈnaan/
penghindaran,/pəŋ.hɪn.ˈdar.an/
penghisap debu,/pəŋˌhisap dəˈbu/
penghisap debu,[pəŋˌhi.sap̚ dəˈbu]
penghitungan,/pəŋhiˈtuŋan/
penghitungan,[pəŋ.hiˈt̪u.ŋan]
penghormatan,[pəŋhɔrˈmat̚an]
penghujung,/pəŋˈhud͡ʒuŋ/
penghujung,[pəŋˈhu.d͡ʒʊŋ]
penghukum,/pəŋˈhukum/
penghukum,[pəŋˈhu.kʊm]
penghulu,/pəŋ.ˈhu.lu/
penghutanan,/pəŋhuˈtanan/
penghutanan,[pəŋ.huˈt̪a.nan]
pengikatan,/pəŋiˈkatan/
pengikatan,[pəŋ.iˈkat̪̚.an]
pengimbas,/pəˈŋimbas/
pengimbas,[pəˈŋim.bas]
pengin,/pɛ.ŋin/
penginderaan jauh,/pəŋɪnˈdraan ˈd͡ʒaʊh/
pengindonesiaan,/pəŋɪndonɛˈsja̯an/
penginstruksi,/pə.ŋɪnsˈtrʊk.si/
penginstruksian,/pə.ŋɪns.trʊkˈsi.an/
pengisi,/pəˈŋisi/
pengisi,[pəˈŋi.si]
pengkajian,[pəŋkaˈd͡ʒian]
pengkhotbah,/pəŋˈxotbah/
pengkhotbah,[pəŋˈxot̪̚.bah]
pengklasteran,/pəŋˈklastəran/
pengklasteran,[pəŋˈklas.t̪ə.ran]
pengklona,[pəŋˈklona]
pengkondisi udara,/pəŋ.kɔn.di.si(ʔ)uˈda.ra/
pengkritik,/pəŋˈkri.tɪk̚/
pengkritikan,/pəŋ.kriˈti.kan/
penglihat,/pəŋˈli.hat̚/
penglihatan,/pəŋliˈhatan/
penglihatan,[pəŋ.liˈha.t̪an]
penglihatan ganda,/pəŋ.li.ha.tan ˈɡan.da/
pengobat tradisional,/pəˌŋobat tradisiˈonal/
pengobat tradisional,[pəˌŋo.bat̪̚ t̪ra.di.siˈo.nal]
pengobatan tradisional,/pəŋ.o.ˈbat.an tra.di.si.ˈo.nal/
pengodean,/pə.ŋo.ˈdə.an/
pengolah kata,/pəŋˈolah ˈkata/
pengomersialan,[pəŋomərsiˈalan]
pengompilasi,/pə.ŋɔm.piˈla.si/
pengondisi udara,/pə.ŋɔn.di.si(ʔ)uˈda.ra/
pengoplos,/pəˈŋoplos/
pengoplos,[pəˈŋop̚.lɔs]
pengoreksian,/pəŋorəkˈsian/
pengoreksian,[pə.ŋo.rək̚ˈsi.an]
penguasa,/pə.ŋuˈa.sa/
penguasa,[pə.ŋuˈa.sa]
penguat,/pəˈŋuat/
penguatan,/pəŋuˈat̚an/
pengucapan,/pəŋ.u.ˈt͡ʃap.an/
pengudaraan,/pəŋudaˈraan/
penguji,/pəŋ.ˈʊd͡ʒi/
pengujian,[pəŋuˈd͡ʒian]
pengujian inkremental,[pəŋˈʊd͡ʒian ɪnkrəˈmɛntal]
pengukuh,/pəˈŋukuh/
pengukuh,[pəˈŋu.kʊh]
pengukuhan,/pəŋuˈkuhan/
pengukuhan,[pə.ŋuˈku.han]
pengumpan,/pəˈŋumpan/
pengumpan,[pəˈŋum.pan]
pengumuman,/pəŋuˈmʊman/
pengungkapan,/pəŋuŋˈkapan/
pengungkapan,[pə.ŋuŋˈka.pan]
pengungkungan,/pəŋuŋˈkuŋan/
pengungkungan,[pə.ŋuŋˈku.ŋan]
pengungsi,/pəŋ.ˈʊŋ.si/
pengupasan,/pəŋuˈpasan/
pengupasan,[pə.ŋuˈpa.san]
pengurangan,/pə.ŋuˈra.ŋan/
pengurangan,[pə.ŋuˈra.ŋan]
pengurapan,/pəŋuˈrapan/
pengurapan,[pə.ŋuˈra.pan]
pengurasan,/pə.ŋuˈra.san/
pengurasan,[pə.ŋuˈra.san]
penguretan,/pəŋuˈretan/
penguretan,[pə.ŋuˈre.t̪an]
pengurukan,[pəŋuˈrʊk̚an]
pengurusan,/pə.ŋu.ˈru.san/
pengusaha,/pəŋuˈsaha/
pengusaha,[pə.ŋuˈsa.ha]
pengusung,/pəˈŋusuŋ/
pengusung,[pəˈŋu.sʊŋ]
pengusungan,/pəŋuˈsuŋan/
pengusungan,[pə.ŋuˈsu.ŋan]
penidur,/pəˈni.dur/
peniduran,/pə.niˈdu.ran/
penilai,/pəˈnilai̯/
penilai,[pəˈni.lai̯]
penilaian,/pəniˈlai̯an/
pening,[pəˈnɪŋ]
pening,[ˈpenɪŋ]
peningkatan,/pə.nɪŋ.ˈkat.an/
peninjau,[pəˈnɪnd͡ʒau̯]
peninjauan kembali,/pə.nɪn.ˈd͡ʒau̯.an kəm.ˈba.li/
penipu,/pəˈni.pu/
penis,[ˈpɛnɪs]
peniten,/peˈnitən/
peniten,[peˈni.t̪ən]
penitensi,/peniˈtɛnsi/
penitensi,[pe.niˈt̪en.si]
peniti,[pəˈnit̪i]
penjabat,/pənˈd͡ʒabat/
penjabat,[pəɲˈd͡ʒa.bat̪̚]
penjaga,/pənˈd͡ʒaɡa/
penjaga,[pəɲˈd͡ʒa.ɡa]
penjaga gawang,/pənˌd͡ʒa.ɡa ˈɡa.waŋ/
penjaga gawang,[pəɲˌd͡ʒa.ɡa ˈɡa.waŋ]
penjagaan,/pənˈd͡ʒa.ɡa.an/
penjagaan,/pənˈd͡ʒa.ɡaʔan/
penjahat,/pənˈd͡ʒahat/
penjahat,[pəɲˈd͡ʒa.hat̪̚]
penjahat perang,/pənˈd͡ʒahat pəˈraŋ/
penjahit,/pənˈd͡ʒahit/
penjahit,[pəɲˈd͡ʒa.hɪt̪̚]
penjajah,/pənˈd͡ʒad͡ʒah/
penjajah,[pəɲˈd͡ʒa.d͡ʒah]
penjajahan,/pənd͡ʒaˈd͡ʒahan/
penjajahan,[pəɲ.d͡ʒaˈd͡ʒa.han]
penjamin,/pənˈd͡ʒamin/
penjamin,[pəɲˈd͡ʒa.mɪn]
penjara,/pəɲˈd͡ʒa.ra/
penjarahan,/pənd͡ʒaˈrahan/
penjarahan,[pəɲ.d͡ʒaˈra.han]
penjaskes,/pənˈd͡ʒaskəs/
penjaskes,[pəɲˈd͡ʒas.kəs]
penjawab,/pənˈd͡ʒawab/
penjawab,[pəɲˈd͡ʒa.wap̚]
penjelajah,/pənd͡ʒəˈlad͡ʒah/
penjelajah,[pəɲ.d͡ʒəˈla.d͡ʒah]
penjelajahan,/pənd͡ʒəlaˈd͡ʒahan/
penjelajahan,[pəɲ.d͡ʒə.laˈd͡ʒa.han]
penjenjangan,/pənd͡ʒənˈd͡ʒaŋan/
penjenjangan,[pəɲ.d͡ʒəɲˈd͡ʒa.ŋan]
penjilidan,/pənd͡ʒiˈlidan/
penjilidan,[pəɲ.d͡ʒiˈli.dan]
penjumlahan,/pənd͡ʒumˈlahan/
penjumlahan,[pəɲ.d͡ʒumˈla.han]
penjunjung,/pəɲˈd͡ʒuɲd͡ʒuŋ/
penjuru,[pənˈd͡ʒuru]
penkes,/ˈpənkəs/
penkes,[ˈpən.kəs]
penobatan,/pə.no.ˈbat.an/
penolakan,/pənoˈlakan/
penolakan,[pə.noˈla.kan]
penolong,/pə.ˈnɔ.lɔŋ/
penormalan,/pə.nɔrˈma.lan/
pensil,/ˈpɛnsil/
pensil,[ˈpen.sɪl]
pensil warna,/ˌpɛnsil ˈwarna/
pensil warna,[ˌpɛn.sɪl ˈwar.na]
pensiun,[pɛnˈsiʊn]
penstabilan,/pənstaˈbilan/
penstabilan,[pəns.t̪aˈbi.lan]
pensyarah,[pənˈʃarah]
pentahiran,/pəntaˈhiran/
pentahiran,[pən̪.t̪aˈhir.an]
pentakosta,[pɛnt̪aˈkɔst̪a]
pentana,/pɛn.ta.na/
pentas,[pənˈtas]
pentil,[pən̪.ˈt̪ɪl]
pentil,[ˈpɛn̪.t̪ɪl]
penting,/pənˈtiŋ/
penting,[pən̪ˈt̪iŋ]
pentis,/pənˈtis/
pentis,[pən̪ˈt̪ɪs]
penuaan,/pənuˈaan/
penuaan,[pə.nuˈa.(ʔ)an]
penuh,/pəˈnuh/
penuh,[pəˈnʊh]
penuh waktu,/pə.ˈnʊh ˈwak.tu/
penuhi,/pəˈnuhi/
penuhi,[pəˈnu.hi]
penulis,/pəˈnulis/
penulis,[pəˈnu.lɪs]
penulisan,/pənuˈlisan/
penulisan,[pə.nuˈli.san]
penumpang,/pəˈnumpaŋ/
penumpang,[pəˈnum.paŋ]
penumpangan,/pənumˈpaŋan/
penumpangan,[pə.numˈpa.ŋan]
penunggu,/pəˈnuŋɡu/
penunggu,[pəˈnuŋ.ɡu]
penunjang,/pəˈnund͡ʒaŋ/
penunjang,[pəˈnuɲ.d͡ʒaŋ]
penunjuk,/pəˈnʊɲ.d͡ʒʊʔ/
penuntut,/pə.nun.tʊt/
penuntutan,/pə.nʊnˈtu.tan/
penurunan,/pə.nu.ˈrʊn.an/
penurut,/pəˈnu.rʊt̚/
penutup,/pəˈnutup/
penutup,[pəˈnu.t̪ʊp̚]
penutupan,/pə.nuˈtu.pan/
penutur,/pəˈnu.tʊr/
penutur asli,/pə.nu.tʊr ˈ(ʔ)as.li/
penutur jati,/pə.nu.tʊr ˈd͡ʒa.ti/
penuturan,/pə.nuˈtu.ran/
penyadaran,/pə.ɲaˈda.ran/
penyadaran,[pə.ɲaˈda.ran]
penyaing,/pəˈɲa.ɪŋ/
penyajian,/pəɲaˈd͡ʒian/
penyajian,[pə.ɲaˈd͡ʒi.an]
penyakapan,/pə.ɲaˈka.pan/
penyakapan,[pə.ɲaˈka.pan]
penyakit,/pəˈɲakit/
penyakit,[pəˈɲa.kɪt̪̚]
penyakit dalam,[pəˈɲakɪt̚ ˈdalam]
penyakit tourette,/pəˌɲakit ˈturɛt/
penyakit tourette,[pəˌɲa.kɪt̪̚ ˈt̪u.rɛt̪̚]
penyalahguna,/pəɲalahˈɡuna/
penyalahguna,[pə.ɲa.lahˈɡu.na]
penyalahgunaan,[pəɲalahɡuˈnaan]
penyaliran,/pəɲaˈliran/
penyaliran,[pə.ɲaˈli.ran]
penyalur,/pəˈɲalur/
penyalur,[pəˈɲa.lʊr]
penyamaran,/pəɲaˈmaran/
penyamaran,[pə.ɲaˈma.ran]
penyampelan,/pə.ɲam.pəl.ˈan/
penyampul,/pəˈɲampul/
penyangga,[peˈɲaŋɡa]
penyangkalan,/pə.ɲaŋ.ˈkal.an/
penyanyi,/pəˈɲaɲi/
penyanyi,[pəˈɲa.ɲi]
penyaringan,/pə.ɲa.ˈrɪŋ.an/
penyatuan,/pəɲaˈtuan/
penyatuan,[pə.ɲaˈt̪u.an]
penyearah,/pə.ɲə.ˈa.rah/
penyebut,/pəɲəˈbut/
penyebut,[pə.ɲəˈbʊt̪̚]
penyederhanaan,/pə.ɲə.dər.ha.ˈna.an/
penyediaan,/pəɲədiˈaan/
penyediaan,[pə.ɲə.diˈa.(ʔ)an]
penyedot,/pə.ɲəˈdɔt̚/
penyedotan,/pə.ɲəˈdo.tan/
penyegaran,/pəɲəˈɡaran/
penyegaran,[pə.ɲəˈɡa.ran]
penyekatan,/pə.ɲəˈka.tan/
penyekatan,[pə.ɲəˈka.t̪an]
penyelamatan,/pə.ɲə.la.ˈmat.an/
penyelarasan,/pəɲəlaˈrasan/
penyelarasan,[pə.ɲə.laˈra.san]
penyelenggara,/pəɲələŋˈɡara/
penyelenggara,[pə.ɲə.ləŋˈɡa.ra]
penyelenggaraan,/pəɲələŋɡaˈraan/
penyelenggaraan,[pə.ɲə.ləŋ.ɡaˈra.(ʔ)an]
penyelesaian,/pə.ɲə.ləˈsai̯.an/
penyelia,/pə.ɲə.ˈli.a/
penyelidikan,[pəɲəliˈdɪkan]
penyelundup,/pəɲəˈlundup/
penyelundup,[pə.ɲəˈlun.dʊp̚]
penyelundupan,/pəɲəlunˈdupan/
penyelundupan,[pə.ɲə.lunˈdu.pan]
penyembelih,/pəɲəmbəˈlih/
penyembelih,[pə.ɲəm.bəˈlɪh]
penyembelihan,/pəɲəmbəˈlihan/
penyembelihan,[pə.ɲəm.bəˈli.han]
penyembuhan,/pəɲəmˈbuhan/
penyembuhan,[pə.ɲəmˈbu.han]
penyenggol,/pəˈɲɛŋɡɔl/
penyenggol,[pəˈɲeŋ.ɡɔl]
penyenggolan,/pəɲɛŋˈɡolan/
penyenggolan,[pə.ɲɛŋˈɡo.lan]
penyentuhan,/pəɲənˈtuhan/
penyentuhan,[pə.ɲən̪ˈt̪u.han]
penyerang,/ˈpəɲəraŋ/
penyerang,[ˈpə.ɲə.raŋ]
penyerapan,/pəɲəˈrapan/
penyerapan,[pə.ɲəˈra.pan]
penyerbukan sendiri,/pəɲərˌbukan sənˈdiri/
penyerbukan sendiri,[pə.ɲərˌbu.kan sənˈdi.ri]
penyerbukan silang,/pəɲərˌbukan ˈsilaŋ/
penyerbukan silang,[pə.ɲərˌbu.kan ˈsi.laŋ]
penyerbukan tetangga,/pəɲərˌbukan təˈtaŋɡa/
penyerbukan tetangga,[pə.ɲərˌbu.kan̪ t̪əˈt̪aŋ.ɡa]
penyeret,/pəˈɲɛrɛt/
penyeret,[pəˈɲɛ.rɛt̪̚]
penyesuaian,/pəɲəsuˈai̯an/
penyetaraan,/pəɲətaˈraan/
penyetaraan,[pə.ɲə.t̪aˈra.(ʔ)an]
penyetrum,/pəɲəˈtrum/
penyetrum,[pə.ɲəˈt̪rʊm]
penyetruman,/pəɲəˈtruman/
penyetruman,[pə.ɲəˈt̪ru.man]
penyiaran,/pə.ɲiˈa.ran/
penyiaran,[pə.ɲiˈa.ran]
penyidik,/pəˈɲidik/
penyidik,[pəˈɲi.dɪk̚]
penyiksaan,/pə.ɲɪk.ˈsa.an/
penyimpangan,/pəɲɪmˈpaŋan/
penyinggung,/pəˈɲiŋɡuŋ/
penyinggung,[pəˈɲiŋ.ɡʊŋ]
penyingkat,/pəˈɲiŋ.kat̚/
penyingkatan,/pə.ɲɪŋˈka.tan/
penyiratan,/pəɲiˈratan/
penyiratan,[pə.ɲiˈra.t̪an]
penyokong,/pəˈɲokoŋ/
penyokong,[pəˈɲo.kɔŋ]
penyu,/pəˈɲu/
penyu,[pəˈɲu]
penyuapan,/pəɲuˈapan/
penyuapan,[pə.ɲuˈa.pan]
penyuara,/pəɲuˈara/
penyuara,[pə.ɲuˈa.ra]
penyuara jemala,/pəɲuˌara d͡ʒəˈmala/
penyuara jemala,[pə.ɲuˌa.ra d͡ʒəˈma.la]
penyucian,/pəɲuˈt͡ʃian/
penyucian,[pə.ɲuˈt͡ʃi.an]
penyuluh,/pəˈɲuluh/
penyuluh,[pəˈɲu.lʊh]
penyuluhan,/pəɲuˈluhan/
penyuluhan,[pə.ɲuˈlu.han]
penyusun,/pəˈɲusun/
penyusun,[pəˈɲu.sʊn]
penyusut,/pəˈɲu.sʊt̚/
penyusutan,/pə.ɲuˈsu.tan/
penziarah,/pənziˈarah/
penziarah,[pən.ziˈa.rah]
penziarahan,/pənziaˈrahan/
penziarahan,[pən.zi.aˈra.han]
penzikir,/pənˈzikir/
penzikir,[pənˈzi.kɪr]
penzonaan,/pənzoˈnaan/
penzonaan,[pən.zoˈna.(ʔ)an]
pepaya,/pəˈpaja/
pepaya,[pəˈpa.ja]
pepek,/ˈpɛpeʔ/
pepek,[ˈpɛ.pɛʔ]
peperangan,/pəpəˈraŋan/
peperangan,[pə.pəˈra.ŋan]
pepermin,/pepərˈmin/
pepermin,[pe.pərˈmin]
pepet,/pəˈpət/
pepet,/ˈpepet/
pepet,[pəˈpət̪̚]
pepet,[ˈpe.pɛt̪̚]
per,[ˈpər]
per,[ˈpɛr]
per-,/pər/
per-,[pər]
per- -an,/pər an/
per- -i,/pər i/
per- -kan,/pər- -kan/
perabot,/pəˈrabɔt/
perabot,[pəˈra.bɔt̪̚]
perabotan,/pəraˈbotan/
perabotan,[pə.raˈbo.t̪an]
perabuan,/pərˈabuan/
peracun,/pəˈra.tʃʊn/
peracunan,/pə.raˈtʃu.nan/
perada,/pəˈrada/
perada,[pəˈra.da]
peradaban,/pəraˈdaban/
peradaban,[pə.raˈda.ban]
peradang,/pəˈradaŋ/
peradang,[pəˈra.daŋ]
peradangan,/pəraˈdaŋan/
peradangan,[pə.raˈda.ŋan]
peradilan,/pər.a.ˈdɪl.an/
peraga,/pəˈraɡa/
peraga,[pəˈra.ɡa]
peragian,/pəraˈɡian/
peragian,[pə.raˈɡi.an]
perah,/pəˈrah/
perah,[pəˈrah]
perahu,/pəˈrahu/
perahu,[pəˈra.hu]
perai,[pəˈrai̯]
perairan,/pə.raˈi.ran/
perairan,[pə.raˈi.ran]
perajin,/pəˈrad͡ʒin/
perajin,[pəˈra.d͡ʒɪn]
perak,/ˈperak/
perak,/ˈpɛ.ɾʌʔ/
perak,[ˈpe.rak̚]
peralihan,/pə.raˈli.han/
peraman,/pəˈra.man/
perambah,/pərambah/
peran,/pəˈran/
peran,[pəˈran]
peranakan,[pəraˈnak̚an]
peranan,/pəˈranan/
peranan,[pəˈra.nan]
perancah,/pəˈrant͡ʃah/
perancah,[pəˈraɲ.t͡ʃah]
perancang,/pəˈrant͡ʃaŋ/
perancang,[pəˈraɲ.t͡ʃaŋ]
perancis,/pəˈrant͡ʃis/
perancis,[pəˈraɲ.t͡ʃɪs]
perang,/pəˈraŋ/
perang,/ˈperaŋ/
perang,[pəˈraŋ]
perang,[ˈpe.raŋ]
perang dunia i,/pəˌraŋ duˌni.a pərˈta.ma/
perang dunia i,[pəˌraŋ duˌni.a pərˈt̪a.ma]
perang dunia ii,/pəˌraŋ duˌnia kəˈdua/
perang dunia ii,[pəˌraŋ duˌni.a kəˈdu.a]
perang dunia kedua,/pəˌraŋ duˌnia kəˈdua/
perang dunia kedua,[pəˌraŋ duˌni.a kəˈdu.a]
perang saudara,/pəˌraŋ sau̯ˈdara/
perang saudara,[pəˌraŋ sau̯ˈda.ra]
perang tiga puluh tahun,/pəˌraŋ ˌti.ɡa ˌpu.luh ˈta.hun/
perang tiga puluh tahun,[pəˌraŋ ˌt̪i.ɡa ˌpu.lʊh ˈt̪a.hʊn]
perang total,/pəˌraŋ ˈtotal/
perang total,[pəˌraŋ ˈt̪o.t̪al]
perangai,/pəˈraŋai̯/
perangai,[pəˈra.ŋai̯]
perangkat,/pəˈraŋkat/
perangkat,[pəˈraŋ.kat̪̚]
peranjingan,/pəranˈd͡ʒiŋan/
peranjingan,[pə.raɲˈd͡ʒi.ŋan]
perantara,/pə.ranˈta.ra/
peranti,[pəˈran̪.t̪i]
perarakan,/pəraˈrakan/
perarakan,[pə.raˈra.kan]
perasaan,/pəraˈsaan/
perasaan,[pə.raˈsa.(ʔ)an]
perasan,/pəˈrasan/
perasan,[pəˈra.san]
perasapan,/pəraˈsapan/
perasapan,[pə.raˈsa.pan]
perasat,/pə.ˈra.sat/
peraturan,/pəraturan/
peraturan daerah,/pəraˌturan daˈɛrah/
peraturan daerah,[pə.raˌt̪u.ran daˈɛ.rah]
peraturan pemerintah,/pərˈatʊran pəməˈrɪntah/
peraturan perundang-undangan,/pəraˌturan pəˌrundaŋ unˈdaŋan/
peraturan perundang-undangan,[pə.raˌt̪u.ran pəˌrun.daŋ unˈda.ŋan]
peratus,[pəˈratʊs]
perawan,/pəˈrawan/
perawan,[pəˈra.wan]
perawat,/pəˈrawat/
perawat,[pəˈra.wat̪̚]
perawatan,[pəraˈwat̚an]
perbagus,/pərˈbaɡus/
perbagus,[pərˈba.ɡʊs]
perbahasaan,/pərbahaˈsaan/
perbahasaan,[pər.ba.haˈsa.(ʔ)an]
perbaikan,/pərˈbai̯.kan/
perbaiki,/pərˈbai̯.ki/
perbal,/pərˈbal/
perbal,[pərˈbal]
perban,/pər.ban/
perbani,/pər.ˈba.ni/
perbankan,/pər.ˈbaŋ.kan/
perbanyakan,/pərbaˈɲakan/
perbanyakan,[pər.baˈɲa.kan]
perbatasan,/pərbaˈtasan/
perbatasan,[pəɾ.baˈt̪a.san]
perbawa,[pərˈbawa]
perbedaan,/pər.bɛ.ˈda.ʔan/
perbedakan,/pərbeˈdakan/
perbedakan,[pər.beˈda.kan]
perbekalan,/pərbəˈkalan/
perbekalan,[pər.bəˈka.lan]
perbekel,/pərbəˈkəl/
perbekel,[pər.bəˈkəl]
perbendaharaan,/pər.bən.da.ha.ˈra.an/
perbesar,/pər.bəˈsar/
perbincangkan,/pərbinˈt͡ʃaŋkan/
perbincangkan,[pər.biɲˈt͡ʃaŋ.kan]
perbuat,/pərˈbuat/
perbuat,[pərˈbu.at̪̚]
perbuatan,/pərbuˈatan/
perbuatan,/pərˈbwatan/
perbuatan,[pər.buˈa.t̪an]
perbuatan,[pərˈbwa.t̪an]
perca,[pərˈt͡ʃa]
percaya,/pərˈt͡ʃaja/
percaya,[pərˈt͡ʃa.ja]
percaya angin,/pərˌt͡ʃaja ˈaŋin/
percaya angin,[pərˌt͡ʃa.ja ˈa.ŋɪn]
percaya diri,/pərˌt͡ʃaja ˈdiri/
percaya diri,[pərˌt͡ʃa.ja ˈdi.ri]
percayai,/pərt͡ʃaˈjai/
percayai,[pər.t͡ʃaˈja.i]
percayakan,/pərt͡ʃaˈjakan/
percayakan,[pər.t͡ʃaˈja.kan]
percepatan,/pərt͡ʃəˈpatan/
percepatan,[pər.t͡ʃəˈpa.t̪an]
percik,/pərˈt͡ʃik/
percik,[pərˈt͡ʃɪk̚]
percikkan,/pərˈt͡ʃikan/
percikkan,[pərˈt͡ʃi.kan]
percintaan,/pərt͡ʃinˈtaan/
percintaan,[pər.t͡ʃin̪ˈt̪a.(ʔ)an]
percobaan,/pərt͡ʃoˈbaan/
percobaan,[pər.t͡ʃoˈba.(ʔ)an]
percontoh,/pərˈt͡ʃontoh/
percontoh,[pərˈt͡ʃon̪.t̪ɔh]
percuma,/pərt͡ʃuma/
perda,/pərˈda/
perda,[pərˈda]
perdagangan,[pərdaˈɡaŋan]
perdagangan orang dalam,/pər.daˌɡa.ŋan ˌo.raŋ ˈda.lam/
perdagangan orang dalam,[pər.daˌɡa.ŋan ˌo.raŋ ˈda.lam]
perdalam,/pərˈda.lam/
perdamaian,/pərdaˈmajan/
perdamaian,[pər.daˈma.jan]
perdana,/pərdana/
perdana menteri,/pərˌdana ˈməntəri/
perdana menteri,[pərˌda.na ˈmən̪.t̪ə.ri]
perdarahan,/pər.da.ˈrah.an/
perdata,/pərˈdata/
perdata,[pərˈda.t̪a]
perdaya,/pərˈda.ja/
perdayaan,/pər.daˈja.ʔan/
perdebatan,/pərdeˈbatan/
perdebatan,[pər.deˈba.t̪an]
perdesaan,/pərdəˈsaan/
perdesaan,[pər.dəˈsa.(ʔ)an]
perdikan,/pərˈdikan/
perdom,/pərˈdɔm/
perdu,[pərˈdu]
perebus,/pə.rəˈbʊs/
perebusan,/pə.rəˈbu.san/
perek,[pərˈɛk̚]
perekayasaan,/pə.rə.ka.jaˈsa.an/
perekayasaan,[pə.rə.ka.jaˈsa.(ʔ)an]
perekrutan,/pərɛkˈrutan/
perekrutan,[pə.rɛk̚ˈru.t̪an]
perelek,/peˈre.lek/
perelek,[peˈre.lɛk̚]
peremajaan,/pə.rə.ma.ˈd͡ʒa.an/
peremajaan kota,/pə.rə.ma.ˈd͡ʒa.an ˈko.ta/
perembesan,/pə.rəm.bəs.ˈan/
perempat,/pərəmˈpat/
perempat,[pə.rəmˈpat̪̚]
perempatan,/pərəmˈpatan/
perempatan,[pə.rəmˈpa.t̪an]
perempuan,/pərəmˈpuan/
perempuan,[pə.rəmˈpu.an]
perencana,[pərənˈt͡ʃana]
perencanaan,/pə.rən.t͡ʃa.ˈna.an/
perencanaan kota,/pə.rən.t͡ʃa.ˈna.an ˈko.ta/
perendah,/pərənˈdah/
perendah,[pə.rənˈdah]
perengkahan,/pə.rəŋ.ˈkah.an/
perenial,/pereˈnial/
perenial,[pe.reˈni.al]
perenialisme,/pereniaˈlismə/
perenialisme,[pe.re.ni.aˈlis.mə]
perenjak,/ˈpərənd͡ʒak/
perenjak,[ˈpə.rəɲ.d͡ʒak̚]
peres,/ˈpɛ.rɛs/
peretakan,/pərəˈtakan/
peretakan,[pə.rəˈt̪a.kan]
peretas,/pə.rə.ˈtas/
perfektur,/pərˈfɛktur/
perfektur,[pərˈfɛk̚.t̪ʊr]
perfilman,/pərˈfi.lə.man/
perfilman,[pərˈfi.lə.man]
performa,[pərˈfɔrma]
performer,/pərˈfɔrmər/
pergam,/pərˈɡam/
pergam,[pərˈɡam]
pergantian antarwaktu,/pərɡanˌtian antaˈrwaʔtu/
pergantian antarwaktu,[pər.ɡan̪ˌt̪i.an an̪.t̪aˈrwaʔ.t̪u]
pergelangan kaki,/pərɡəˌlaŋan ˈkaki/
pergelangan kaki,[pər.ɡəˌla.ŋan ˈka.ki]
pergelangan tangan,/pərɡəˌlaŋan ˈtaŋan/
pergelangan tangan,[pər.ɡəˌla.ŋan̪ ˈt̪a.ŋan]
pergelaran,/pərɡəˈlaran/
pergelaran,[pər.ɡəˈla.ran]
pergeseran,/pərɡeˈsɛran/
pergeseran,[pər.ɡeˈsɛr.an]
pergi,/pərˈɡi/
pergi,[pərˈɡi]
pergundalan,/pərɡunˈdalan/
pergundalan,[pər.ɡunˈda.lan]
perguruan,/pərɡuˈruan/
perguruan,[pər.ɡuˈru.an]
perguruan tinggi,[pərɡuˈruan ˈtiŋɡi]
perhati,/pərˈhati/
perhatian,/pərhaˈtian/
perhatian,[pər.haˈt̪i.an]
perhatikan,/pər.haˈti.kan/
perhentian,/pər.hənˈti.an/
perhentian,[pər.hən̪ˈt̪i.an]
perhiasan,/pərhiˈasan/
perhiasan,[pər.hiˈa.san]
perhiasan bunga,/pərhiˌasan ˈbuŋa/
perhiasan bunga,[pər.hiˌa.san ˈbu.ŋa]
perhimpunan,/pərhimˈpunan/
perhimpunan,[pər.himˈpu.nan]
perhitungan,[pərhiˈtʊŋan]
perhubungan,[pərhuˈbʊŋan]
peri,[pəˈri]
peri-,/peri/
peria,/pəˈri.a/
peria,[pəˈri.a]
peribahasa,/pəribaˈhasa/
peribahasa,[pə.ri.baˈha.sa]
perifer,[peˈrifɛr]
periferal,/periˈferal/
periferal,[pe.riˈfe.ral]
perigi,[pəˈriɡi]
perikanan,/pəriˈkanan/
perikanan,[pə.riˈka.nan]
perikop,/peˈrikop/
perikop,[peˈri.kɔp̚]
periksa,/pəˈriksa/
periksa,[pəˈrik̚.sa]
perilaku,/pəriˈlaku/
perilaku,[pə.riˈla.ku]
perilaku organisasi,/pə.ri.ˈla.ku ɔr.ɡa.ni.ˈsa.si/
perilis,/pəˈri.lɪs/
perilisan,/pə.riˈli.san/
pering,/pəˈriŋ/
pering,[pəˈriŋ]
peringatan,/pərˈɪŋat̚an/
peringatan dini,/pə.riˌŋa.tan ˈdi.ni/
peringatan dini,[pə.riˌŋa.t̪an ˈdi.ni]
peringin,/pəˈri.ŋɪn/
perintah,/pəˈrɪntah/
periode,/pɛriˈɔdə/
periode,/pɛriˈɔdɛ/
periode,[pɛ.riˈɔ.də]
periode,[pɛ.riˈɔ.dɛ]
periode akuntansi,/pe.ri.ˈo.də a.kʊn.ˈtan.si/
periodik,/pəriˈodik/
periodik,[pə.riˈo.dɪk̚]
perisa,/pəˈri.sa/
perisa,[pəˈri.sa]
perisai,[pəˈrisai̯]
peristiwa,[pərɪsˈtiwa]
periuk,/pəˈriuʔ/
periuk,[pəˈri.ʊʔ]
perizinan,/pər.i.ˈzɪn.an/
perjaka,/pər.ˈd͡ʒa.ka/
perjalanan,/pərd͡ʒaˈlanan/
perjalanan,[pər.d͡ʒaˈla.nan]
perjalankan,/pər.dʒaˈlan.kan/
perjamuan,/pərd͡ʒaˈmuan/
perjamuan,[pər.d͡ʒaˈmu.an]
perjamuan terakhir,/pərd͡ʒaˌmuan tərˈaxir/
perjamuan terakhir,[pər.d͡ʒaˌmu.an̪ t̪ərˈa.xɪr]
perjan,/pərˈd͡ʒan/
perjan,[pərˈd͡ʒan]
perjanjian,/pər.dʒaɲˈdʒi.an/
perjanjian baru,/pərd͡ʒanˌd͡ʒian ˈbaru/
perjanjian baru,[pər.d͡ʒaɲˌd͡ʒi.an ˈba.ru]
perjanjian lama,/pərd͡ʒanˌd͡ʒian ˈlama/
perjanjian lama,[pər.d͡ʒaɲˌd͡ʒi.an ˈla.ma]
perjuangan,/pərd͡ʒuˈaŋan/
perjuangan,[pər.d͡ʒuˈa.ŋan]
perjudian,/pərd͡ʒuˈdian/
perjudian,[pər.d͡ʒuˈdi.an]
perkabungan,/pərkaˈbuŋan/
perkabungan,[pər.kaˈbu.ŋan]
perkalian,/pər.kaˈli.an/
perkalian,[pər.kaˈli.an]
perkara,/pərˈkara/
perkara,[pərˈka.ra]
perkasa,[pərˈka.sa]
perkataan,/pərkaˈtaʔan/
perkataan,[pər.kaˈt̪a.ʔan]
perkawinan,/pərkaˈwinan/
perkawinan,[pər.kaˈwi.nan]
perkebunan,/pər.kə.ˈbʊn.an/
perkecambahan,/pərkət͡ʃamˈbahan/
perkecambahan,[pər.kə.t͡ʃamˈba.han]
perkedel,[pər.kəˈdɛl]
perkemahan,/per.ke.ˈmah.an/
perkenaan,/pərkəˈnaan/
perkenaan,[pər.kəˈna.(ʔ)an]
perkenan,/ˈpərkənan/
perkenan,[ˈpər.kə.nan]
perkeretaapian,/pərkəretaaˈpian/
perkeretaapian,[pər.kə.re.t̪a.(ʔ)aˈpi.an]
perkintakaan,[pərkɪntaˈkaan]
perkiraan,/pərkiˈraan/
perkiraan,[pər.kiˈra.(ʔ)an]
perkiraan waktu keberangkatan,/pər.kiˌra.an ˌwak.tu kə.bə.raŋˈka.tan/
perkiraan waktu keberangkatan,[pər.kiˌra.(ʔ)an ˌwak̚.t̪u kə.bə.raŋˈka.t̪an]
perkosa,[pərˈkɔ.sa]
perkosaan,/pər.kɔˈsa.ʔan/
perkuburan,/pərkuˈburan/
perkuburan,[pər.kuˈbu.ran]
perkutut,/pərˈkutut/
perkutut,[pərˈku.t̪ʊt̪̚]
perlain,/pərˈlain/
perlain,[pərˈla.ɪn]
perlainkan,/pərlaˈinkan/
perlainkan,[pər.laˈin.kan]
perlak,[ˈpərlak̚]
perlakuan,/pər.laˈku.an/
perlakuan,[pər.laˈku.an]
perlakukan,/pərlaˈkukan/
perlakukan,[pər.laˈku.kan]
perlambangan bunyi,/pər.lamˌba.ŋan ˈbu.ɲi/
perlambangan bunyi,[pər.lamˌba.ŋan ˈbu.ɲi]
perlambat,/pərˈlambat/
perlambat,[pərˈlam.bat̪̚]
perlambatan,/pərlamˈbatan/
perlambatan,[pər.lamˈba.t̪an]
perlawanan,/pər.laˈwa.nan/
perlawanan,[pər.laˈwa.nan]
perleng,[pərˈlɛŋ]
perlengkapan,/pər.ləŋ.ˈkap.an/
perlihatkan,/pər.liˈhat̚.kan/
perlindungan,/pərlinˈduŋan/
perlindungan,[pər.linˈdu.ŋan]
perlindungan masyarakat,/pərlɪnˈdʊŋan maʃaˈrakat̚/
perlintasan,/pərlinˈtasan/
perlintasan,[pər.lin̪ˈt̪a.san]
perlip,[pərˈlɪp]
perlombaan,/pərlomˈbaan/
perlombaan,[pər.lomˈba.(ʔ)an]
perlop,/pərˈlɔp/
perlop,[pərˈlɔp̚]
perlu,/pərˈlu/
perlu,[pərˈlu]
perlup,[pərˈlʊp]
permadani,/pərmaˈdani/
permadani,[pər.maˈda.ni]
permainan,/pərmaˈinan/
permainan video,/pərmaˌinan viˈdeo/
permainan video,[pər.maˌi.nan fiˈde.o]
permaisuri,/pərmai̯ˈsuri/
permaisuri,[pər.mai̯ˈsu.ri]
permak,[pərˈmaʔ]
permakanan,/pərmaˈkanan/
permakanan,[pər.maˈka.nan]
permana,[pərˈmana]
permandian,/pərmanˈdian/
permandian,[pər.manˈdi.an]
permanen,/pərˈmanɛn/
permen,[pərˈmən]
permen,[pərˈmɛn]
permenko,/ˈpər.mən.ko/
permenko,[ˈpər.mən.ko]
permintaan,/pərminˈtaan/
permintaan,[pər.min̪ˈt̪a.(ʔ)an]
perminyakan,/pərmiˈɲakan/
perminyakan,[pər.miˈɲak̚.an]
permisi,/pərˈmisi/
permisi,[pərˈmi.si]
permukaan,/pərmuˈkaan/
permukaan,[pər.muˈka.ʔan]
permukiman,/pər.mu.ˈkɪm.an/
permulaan,/pərmuˈlaan/
permulaan,[pər.muˈla.(ʔ)an]
permusuhan,/pərmuˈsuhan/
permusuhan,[pər.muˈsu.han]
permusyawarahan,/pərmuʃawaˈrahan/
permutasi,/pərmuˈtasi/
pernah,/pərˈnah/
pernah,[pərˈnah]
pernanahan,/pər.naˈna.han/
perniagaan,[pərniʲaˈɡaan]
pernikahan,/pərniˈkahan/
pernikahan,[pər.niˈka.han]
pernis,/pərˈnis/
pernis,[pərˈnɪs]
pernyataan,/pər.ɲa.ˈta.an/
perobatan,/pərˈɔbatan/
perogol,/pəˈrɔ.ɡɔl/
perokok,/pəˈrokoʔ/
perokok,[pəˈro.kɔʔ]
perokok pasif,/pəˌrokok ˈpasif/
perokok pasif,[pəˌro.kɔk̚ ˈpa.sɪf]
peroksida,/pərokˈsida/
peroksida,[pə.rok̚ˈsi.da]
peroleh,/pəˈrɔ.lɛh/
perolehan,/pəroˈlɛh.an/
perompak,/pəˈrompak/
perompak,[pəˈrom.pak̚]
peron,/ˈperon/
peron,[ˈpe.rɔn]
perorangan,/pəroˈraŋan/
perorangan,[pə.roˈra.ŋan]
perpaduan,/pərpaˈduan/
perpajakan,/pər.pa.ˈd͡ʒak.an/
perpal,/pərˈpal/
perpal,[pərˈpal]
perpanjangan,/pərpanˈd͡ʒaŋan/
perpeloncoan,/pərpəlɔnˈt͡ʃoan/
perpindahan,/pərpɪnˈdahan/
perpuluhan,[pərpuˈlʊhan]
perpus,/pər.ˈpʊs/
perpustakaan,[pər.pʊs.t̪aˈka.ʔan]
pers,/ˈpɛrs/
pers,[ˈpɛrs]
persada,/pər.sa.da/
persaingan,/pərsaˈiŋan/
persaingan,[pər.saˈi.ŋan]
persalin,/pərˈsalin/
persalin,[pərˈsa.lɪn]
persalinan,/pərsaˈlinan/
persalinan,[pər.saˈli.nan]
persantapan,/pərsan.tapan/
persatuan,/pərsaˈtuan/
persediaan,/pərsədiˈaan/
persediaan,[pər.sə.diˈa.(ʔ)an]
persegi,/ˈpərsəɡi/
persegi,[ˈpər.sə.ɡi]
persegi panjang,/pərsəˈɡi ˈpaɲd͡ʒaŋ/
persejajaran,[pərsədʒadʒaran]
persekolahan,/pərsəkoˈlahan/
persekolahan,[pər.sə.koˈlah.an]
persekot,[pərsəˈkɔt̪̚]
persekutuan,[pərsəkuˈtuan]
perselingkuhan,/pərsəliŋˈkuhan/
perselingkuhan,[pər.sə.liŋˈku.han]
persemakmuran,[pərsəmaʔˈmʊ.ran]
persembahan,/pərsəmˈbahan/
persembahkan,/pərsəmˈbahkan/
persembahkan,[pər.səmˈbah.kan]
persen,/pərˈsɛn/
persen,[pərˈsen]
persendian,/pər.sən.ˈdi.an/
persentase,[pərsɛnˈtasə]
persentil,/pər.ˈsɛn.tɪl/
persenyawaan,/pərsəɲaˈwaan/
perseorangan,[pərsəoraŋan]
persepsi,[pərˈsɛpsi]
persepuluhan,[pərsəpuˈluhan]
perseratus,[pərsəˈratʊs]
perserikatan,/pər.sə.ri.ˈkat.an/
perserikatan bangsa-bangsa,/pər.sə.ri.ˈkat.an ˈbaŋ.sa ˈbaŋ.sa/
persero,[pərˈsɛro]
perseroan,[pərsɛˈroan]
perseroan terbatas,[pərsɛˈroan tərˈbatas]
persetan,/pərˈsetan/
persetan,[pərˈse.t̪an]
persetankan,/pərseˈtankan/
persetankan,[pər.seˈt̪an.kan]
persetujuan,/pər.sə.tu.ˈd͡ʒu.an/
persiapan,/pər.si.ˈap.an/
persidangan,/pərsiˈdaŋan/
persik,/ˈpɛr.sɪk/
persil,[ˈpɛrsɪl]
persimpangan,/pərsimˈpaŋan/
persimpangan,[pər.simˈpa.ŋan]
persinggungan,/pərsiŋˈɡuŋan/
persinggungan,[pər.siŋˈɡu.ŋan]
persingkat,/pərˈsiŋ.kat̚/
persis,[pərˈsɪs]
persisten,/pərˈsistɛn/
persisten,[pərˈsis.t̪ɛn]
persneling,/pər.sne.liŋ/
persneling,/pər.sə.ne.liŋ/
persoalan,/pər.soˈa.lan/
persoalan,[pər.soˈa.lan]
person,/pərˈson/
person,[pərˈson]
persona,[pərˈsona]
personal,[pərˈsonal]
personalia,/pərsonaˈlia/
personalia,[pər.so.naˈli.a]
personalisasi,[pərsonalˈɪsasi]
personalitas,/pərsonaˈlitas/
personalitas,[pər.so.naˈli.t̪as]
personel,/pərˈsonɛl/
personel,[pərˈso.nɛl]
personil,[pərˈsonɪl]
perspektif,[pərˈspɛk̚tɪf]
persyaratan,/pər.ʃa.ˈrat.an/
persyaratan kerja,/pər.ʃa.ˈrat.an kər.ˈd͡ʒa/
pertahanan,/pərtaˈhanan/
pertahanan rakyat,/kəaˈmanan ˈraʔjat̚/
pertahanan siber,/pər.taˌha.nan ˈsi.bər/
pertahanan siber,[pər.t̪aˌha.nan ˈsi.bər]
pertahanan sipil,/pərtaˈhanan ˈsipɪl/
pertal,/pərˈtal/
pertal,[pərˈt̪al]
pertama,/pərˈtama/
pertama,[pərˈt̪a.ma]
pertama-tama,/pər.ta.ma.taˈma/
pertamanan,/pər.taˈma.nan/
pertambangan,/pərtamˈbaŋan/
pertampan,/pərˈtam.pan/
pertanda,/pərˈtan.da/
pertandaan,/pərtanˈdaan/
pertandaan,[pər.t̪anˈda.(ʔ)an]
pertandingan,/pərtanˈdiŋan/
pertandingan,[pər.t̪anˈdi.ŋan]
pertanggungan,/pərtaŋˈɡuŋan/
pertanggungan,[pər.t̪aŋˈɡu.ŋan]
pertanyaan,/pərtaˈɲaan/
pertanyaan,[pər.t̪aˈɲa.(ʔ)an]
pertapa,/pərˈta.pa/
pertelevisian,/pərteleviˈsian/
pertelevisian,[pər.t̪e.le.fiˈsi.an]
pertempuran,/pər.təm.ˈpʊr.an/
pertemuan,/pərtəˈmuan/
pertemuan,[pər.t̪əˈmu.an]
pertimbangan,/pər.tɪm.ˈbaŋ.an/
pertimbangan mantap,/pər.tɪm.ˈbaŋ.an ˈman.tap/
pertimbangkan,/pərtimˈbaŋkan/
pertimbangkan,[pər.t̪imˈbaŋ.kan]
pertinggal,/pərˈtiŋɡal/
pertinggal,[pərˈt̪iŋ.ɡal]
pertiwi,/pər.ˈti.wi/
pertuan,/pərˈtuan/
pertuan,[pərˈt̪u.an]
pertuanan,/pərtuˈanan/
pertuanan,[pər.t̪uˈa.nan]
pertukangan,/pərtuˈkaŋan/
pertukangan,[pər.t̪uˈka.ŋan]
pertulisan,/pər.tuˈli.san/
pertumbuhan,/pərtʊmˈbʊhan/
pertusis,[pərˈtusɪs]
pertuturan,/pər.tuˈtu.ran/
pertuturkan,/pərtuˈturkan/
pertuturkan,[pər.t̪uˈt̪ur.kan]
perubahan,[pərˈʔʊbahan]
perubahan,[pəˈrʊbahan]
perubahan iklim,/pəˌru.ba.han ˈik.lim/
perubahan iklim,[pəˌru.ba.han ˈik̚.lɪm]
perulangan,/pər.ˈʊlaŋ.an/
perum,[pəˈrʊm]
perumahan,/pə.ruˈma.han/
perumahan,[pə.ruˈma.han]
perumnas,/pəˈrumnas/
perumnas,[pəˈrum.nas]
peruncing,/pəˈruɲ.t͡ʃɪŋ/
perundang-undangan,/pərʊndaŋʊnˈdaŋan/
perunding,/pəˈrundiŋ/
perunding,[pəˈrun.dɪŋ]
perunggu,/pə.ˈrʊŋ.ɡu/
peruntukan,/pərunˈtukan/
peruntukan,[pə.run̪ˈt̪u.kan]
peruntungan,/pərunˈtuŋan/
peruntungan,[pə.run̪ˈt̪u.ŋan]
perus,/pəˈrus/
perus,[pəˈrʊs]
perusahaan,[pərusaˈhaan]
perusahaan asuransi,/pərusaˈhaan asuˈransi/
perusahaan jawatan,/pər.u.sa.ˈha.an d͡ʒa.ˈwat.an/
perusahaan negara,/pərʊsaˈhaan nəˈɡara/
perusahaan rintisan,/pərusaˈhaan rɪnˈtisan/
perusak,/pəˈrusak/
perusak,/pəˈrusaʔ/
perusak,[pəˈru.sak̚]
perusak,[pəˈru.saʔ]
perut,/pəˈrut/
perut,[pəˈrʊt̪̚]
pervaginaan,/pər.fa.ɡiˈna.ʔan/
perwakilan,/pərwaˈkɪlan/
perwako,/pərˈwa.ko/
perwako,[pərˈwa.ko]
perwalian,/pər.wa.ˈli.an/
perwara,[pərˈwara]
perwira,[pərˈwira]
perwujudan,/pərwuˈd͡ʒudan/
perwujudan,[pər.wuˈd͡ʒu.dan]
perzinaan,/pərziˈnaʔan/
perzinahan,/pər.ziˈna.han/
perzinahan,[pər.ziˈna.han]
pes,/ˈpɛs/
pes,[ˈpɛs]
pesaing,/pəˈsa.ɪŋ/
pesan,/pəˈsan/
pesan,[pəˈsan]
pesanan,[pəˈsanan]
pesangon,[pəˈsaŋɔn]
pesantian,[pə.sanˈti.an]
pesantren,/pəˈsantrɛn/
pesantren,[pəˈsan̪.t̪rɛn]
pesarean,[pəsaˈrɛan]
pesarium,/pe.saˈri.um/
pesawat,/pəˈsawat/
pesawat,[pəˈsa.wat̪̚]
pesawat telepon,/pəˌsawat teˈlepɔn/
pesawat telepon,[pəˌsa.wat̪̚ t̪eˈle.pɔn]
pesawat tempur,/pəˌsawat təmˈpur/
pesawat tempur,[pəˌsa.wat̪̚ t̪əmˈpʊr]
pesawat terbang,/pəˌsawat tərˈbaŋ/
pesawat terbang,[pəˌsa.wat̪̚ t̪ərˈbaŋ]
pesenam,[pəsəˈnam]
pesepeda,/pəˈsəpəda/
pesepeda,[pəˈsə.pə.da]
pesero,[pəˈsɛro]
peserta,/pəsərˈta/
peserta didik,/pəsərˈta ˈdidɪʔ/
pesetrum,/pəsəˈtrum/
pesetrum,[pə.səˈt̪rʊm]
pesiar,[pəˈsiar]
pesing,/pə.sinɡ/
pesisir,/pəˈsisir/
pesisir,[pəˈsi.sɪr]
pesohor,/pəˈsohor/
pesona,/pəˈsona/
pesona,[pəˈso.na]
pespur,/pəsˈpur/
pespur,[pəsˈpʊr]
pesta,/ˈpɛsta/
pesta,[ˈpɛs.t̪a]
pestisida,/pɛs.tiˈsi.da/
pestisida,[pɛs.t̪iˈsi.da]
pesumo,/pə.su.mo/
pet,/ˈpɛt/
pet,[ˈpɛt̪̚]
peta,/pə.ta/
peta,/pəˈta/
petahana,/pətaˈhana/
petahana,[pə.t̪aˈha.na]
petai,[pəˈt̪ai̯]
petak,/pe.tak/
petaka,[pəˈtaka]
petala,/pəˈtala/
petala,[pəˈt̪a.la]
petanda,/pə.ˈtan.da/
petang,[pəˈtaŋ]
petani,/pəˈtani/
petani,[pəˈt̪a.ni]
petani ikan,/pəˌtani ˈikan/
petani ikan,[pəˌt̪a.ni ˈi.kan]
petapa,/pəˈta.pa/
petaram,[pəˈtaram]
petasan,/pəˈta.san/
petempur,/ˈpətəmpur/
petempur,[ˈpə.t̪əm.pʊr]
peterana,[pəˈtəˈra.na]
peternak,/pətərˈnak/
peti,/pəˈti/
peti,[pəˈt̪i]
peti es,/pəˈti ˈɛs/
petiduran,/pə.tiˈdu.ran/
petik,/pəˈtiʔ/
petik,[pəˈt̪ɪʔ]
petinju,/pəˈtind͡ʒu/
petinju,[pəˈt̪iɲ.d͡ʒu]
petir,/pəˈtir/
petir,[pəˈt̪ɪr]
petis,/pəˈtis/
petis,[pəˈt̪ɪs]
petisi,/pəˈtisi/
petisi,[pəˈt̪i.si]
petitum,/pəˈtitum/
petitum,[pəˈt̪i.t̪ʊm]
petrokimia,/pətrokiˈmia/
petrokimia,[pət̪̚.ro.kiˈmi.a]
petroleum,[pe.troˈleu.m]
petromaks,/pɛˈtrɔmak/
petromaks,/pɛˈtrɔmaks/
petromaks,[pɛˈt̪rɔ.maks]
petromaks,[pɛˈt̪rɔ.mak̚]
petrus,/pəˈtrʊs/
petrus,/ˈpɛtrus/
petrus,[ˈpɛt̪̚.rʊs]
petuah,[pəˈt̪uah]
petunjuk,/pəˈtʊɲ.d͡ʒʊʔ/
petut,[pəˈtʊt̚]
peubah,/pəˈʊbah/
pewaktu,/pəˈwaktu/
pewaktu,[pəˈwak̚.t̪u]
pewaktuan,/pəwakˈtuan/
pewara,/pəˈwara/
pewara,[pəˈwa.ra]
pewaralaba,[pəwaralaba]
pewarisan,/pə.wa.ˈrɪs.an/
pewarna,/pəˈwarna/
pewarna,[pəˈwar.na]
pewarna buatan,/pə.ˈwar.na bu.ˈat.an/
pewatas,/pəˈwatas/
pewatas,[pəˈwa.t̪as]
pewayang,/pəˈwajaŋ/
pewayang,[pəˈwa.jaŋ]
peyorasi,/pejorasi/
peziarah,/pəziˈarah/
peziarah,[pə.ziˈa.rah]
pezikir,/pəˈzikir/
pezikir,[pəˈzi.kɪr]
pgmi,/pe.ɡe.ˈɛm.i/
pgp,/pe.ˈɡe.pe/
pgpaud,/pe.ɡe.ˈpa.ut/
pgs,/peˈɡe.ɛs/
pgs,[peˈɡe.ɛs]
pgsd,/peɡeˈɛsde/
ph.d.,/peˈha.de/
ph.d.,[peˈha.de]
phang,/ˈphaŋ/
phang,[ˈphaŋ]
phbs,/pehaˈbeɛs/
phk,[peˈhaka]
php,/peˈha.pe/
php,[peˈha.pe]
piadah,/piˈadah/
piagam,/piˈaɡam/
piagam,[piˈa.ɡam]
piala,[piˈa.la]
pialang,/ˈpɪ(j)alaŋ/
piama,/piˈama/
pias,/ˈpias/
pias,[ˈpi.as]
piawai,[piˈawai̯]
picis,[ˈpit͡ʃɪs]
picu,/pit͡ʃu/
pidana,/piˈdana/
pidana mati,/piˈdana ˈmati/
pidato,/piˈdato/
pidato,[piˈda.t̪o]
pigura,[piˈɡu.ra]
pihak,/ˈpihak/
pihak,[ˈpi.hak̚]
pijat,[ˈpid͡ʒat̚]
piket,/ˈpikɛt/
piket,[ˈpi.kɛt̪̚]
pikir,/ˈpikir/
pikir,[ˈpi.kɪr]
pikiran,/piˈki.ran/
pikiri,/piˈki.ri/
pikirkan,/piˈkirkan/
pikirkan,[piˈkir.kan]
piksis,/ˈpiksis/
piksis,[ˈpik̚.sɪs]
piktogram,/pɪk.ˈto.ɡram/
pil,[ˈpɪl]
pilar,[ˈpilar]
pilbup,/ˈpilbup/
pilbup,[ˈpil.bʊp̚]
pildun,/ˈpildun/
pildun,[ˈpil.dʊn]
pileg,[ˈpilɛk̚]
pilgub,/ˈpilɡub/
pilgub,[ˈpil.ɡʊp̚]
pilih,/ˈpilih/
pilih,[ˈpi.lɪh]
pilih kasih,/ˈpi.lɪh ˈka.sɪh/
pilihan,[piˈlɪhan]
pilkada,/pɪl.ˈka.da/
piloks,/ˈpilok/
piloks,/ˈpiloks/
piloks,[ˈpi.loks]
piloks,[ˈpi.lɔk̚]
pilon,/ˈpilon/
pilon,[ˈpi.lɔn]
pilot,/ˈpilɔt̚/
pilpres,/ˈpil.prɛs/
pilpres,[ˈpil.prɛs]
pimpin,[ˈpɪmpɪn]
pimpinan,/pɪm.ˈpɪn.an/
pin,[ˈpɪn]
pinang,/ˈpinaŋ/
pinang,[ˈpi.naŋ]
pinangan,/piˈnaŋan/
pinangan,[piˈna.ŋan]
pindad,/ˈpin.dad/
pindad,[ˈpin.dat̪̚]
pindai,/ˈpindai̯/
pindai,[ˈpin.dai̯]
pindakas,[pɪnˈd̪akas]
pindapata,[pɪndaˈpata]
pinggala,/piŋˈɡala/
pinggala,[piŋˈɡa.la]
pinggan,/ˈpiŋɡan/
pinggan,[ˈpiŋ.ɡan]
pinggang,/ˈpiŋ.ɡaŋ/
pinggang,[ˈpiŋ.ɡaŋ]
pingkih,/ˈpiŋkih/
pingkih,[ˈpiŋ.kɪh]
pingsan,[ˈpɪŋ.san]
pinguin,[ˈpɪŋuɪn]
pinjam,/ˈpind͡ʒam/
pinjam,[ˈpiɲ.d͡ʒam]
pinjam terjemah,[ˈpɪnd͡ʒam tərd͡ʒəˈmah]
pinjaman,/pinˈd͡ʒaman/
pinjaman,[piɲˈd͡ʒa.man]
pinjol,[ˈpɪnd͡ʒɔl]
pinset,[ˈpɪnsɛt̪̚]
pinta,/ˈpinta/
pinta,[ˈpin̪.t̪a]
pintal,/ˈpintal/
pintal,[ˈpin̪.t̪al]
pintar,/ˈpintar/
pintar,[ˈpin̪.t̪ar]
pintaran,/pinˈta.ran/
pintarkan,/pɪnˈtar.kan/
pintu,/ˈpintu/
pintu,[ˈpin̪.t̪u]
pintu air,[ˈpɪntu ˈaɪr]
pion,/pi.on/
pionir,/pionɪr/
pipa,[ˈpipa]
pipi,/ˈpipi/
pipi,[ˈpi.pi]
pipis,/ˈpipis/
pipis,[ˈpi.pɪs]
pipit,/ˈpipit/
pipit,[ˈpi.pɪt̪̚]
pirai,/ˈpirai̯/
pirai,[ˈpi.rai̯]
piramida,/piraˈmida/
piramida,[pi.raˈmi.da]
pirang,/ˈpiraŋ/
pirang,[ˈpi.raŋ]
piranti,/piˈranti/
pirau,/ˈpirau̯/
pirau,[ˈpi.rau̯]
pirenofor,/pireˈnofor/
pirenofor,[pi.reˈno.fɔr]
piring,/ˈpiriŋ/
piring,[ˈpi.rɪŋ]
piroksen,/piˈroksɛn/
piroksen,[piˈrok̚.sɛn]
pirus,/ˈpirus/
pirus,[ˈpi.rʊs]
pisah,[ˈpisah]
pisang,/ˈpisaŋ/
pisang,[ˈpi.saŋ]
pisangga,/piˈsaŋɡa/
pisangga,[piˈsaŋ.ɡa]
pisau,[ˈpisau̯]
pisir,/ˈpisir/
pisir,[ˈpi.sɪr]
pispot,[ˈpɪs.pɔt]
pistol,/ˈpɪstɔl/
piston,/ˈpiston/
piston,[ˈpis.t̪ɔn]
pit,/ˈpit/
pit,[ˈpɪt̪̚]
pita,/pi.ta/
piung,[ˈpiʊŋ]
pivot,/ˈpivɔt/
pivot,[ˈpi.fɔt̪̚]
pj,/ˈpe.d͡ʒe/
pj,/ˈpə.d͡ʒə/
pj,[ˈpə.d͡ʒə]
pjj,[peˈd͡ʒed͡ʒe]
pjka,/pe.d͡ʒe.ˈka.a/
pjl,/pe.d͡ʒe.ɛl/
pjr,/pe.ˈd͡ʒe.ɛr/
pjt,/pe.ˈd͡ʒe.te/
pk,/ˈpe.ka/
pkkmb,/pekakaˈɛmbe/
pkkmb,[pe.ka.kaˈɛm.be]
pkl,/peˈkaɛl/
pkm,[peˈkaɛm]
pl,/ˈpe.ɛl/
plafon,/pəˈlafon/
plafon,/ˈplafon/
plafon,[pəˈla.fɔn]
plafon,[ˈpla.fɔn]
plak,/plak/
plakat,[ˈplakat]
plan,/ˈplan/
plan,[ˈplan]
planet,/ˈplanɛt/
planet,[ˈpla.nɛt̪̚]
planetarium,/planetaˈrium/
planetarium,[pla.ne.t̪aˈri.ʊm]
planing,[ˈpla.nɪŋ]
planografi,/planoɡˈrafi/
planografi,[pla.nok̚ˈra.fi]
planologi,/planoˈloɡi/
plantase,[planˈtasə]
plasebo,[plaˈsebo]
plasenta,[plaˈsɛnta]
plasma,[ˈplas.ma]
plastik,[ˈplast̪ɪk̚]
plastis,[ˈplast̪ɪs]
plastisin,/plasˈtisin/
plastisin,[plasˈt̪i.sɪn]
plastisitas,/plastiˈsitas/
platelet,/plaˈtelət̚/
platform,/ˈplatform/
platform,[ˈplat̪̚.form]
platina,[plaˈtina]
plaza,/ˈplaza/
plaza,[ˈpla.za]
plbn,/pe.ɛl.ˈbe.ɛn/
plebian,/pleˈbian/
plebian,[pleˈbi.an]
pleidoi,/ˈplei.doi̯/
plek,/ˈplək/
plek,[ˈplək̚]
pleno,/ˈpleno/
pleret,/ˈplɛrɛt/
pleret,[ˈplɛ.rɛt̪̚]
plester,[ˈplɛstər]
pleuritis,/pləˈritis/
pleuritis,[pləˈri.t̪ɪs]
plh,[peˈɛlha]
plin-plan,/ˌplin ˈplan/
plin-plan,[ˌplɪn ˈplan]
plombir,[ˈplɔm.bɪr]
plonco,/ˈplont͡ʃo/
plonco,[ˈploɲ.t͡ʃo]
plonga-plongo,/ˌplo.ŋa ˈplo.ŋo/
plonga-plongo,[ˌplo.ŋa ˈplo.ŋo]
plot,/plɔt/
plp,/pe.ˈɛl.pe/
plta,/pe.ɛlˈte.a/
plta,[pe.ɛlˈt̪e.a]
pltu,/pe.ɛlˈte.u/
pltu,[pe.ɛlˈt̪e.u]
plural,/ˈplural/
plural,[ˈplu.ral]
pluralisasi,/pluraliˈsasi/
pluralisasi,[plu.ra.liˈsa.si]
pluralisme,[pluraˈlɪsmə]
pluralistik,[pluralˈɪstɪk]
pluralistis,[pluralˈɪstɪs]
plutokrasi,/plutokˈrasi/
plutokrasi,[plu.t̪ok̚ˈra.si]
pluvial,/pluˈvial/
pluvial,[pluˈfi.al]
pm,/ˈpe(ʔ)ɛm/
pma,/peˈɛm.a/
pma,[peˈɛm.a]
pmdk,/peɛmˈdeka/
pmi,/peˈɛm.i/
pmi,[peˈɛm.i]
pmo,/pe.ˈɛm.o/
pnbp,[peɛnˈbepe]
pneumonia,/newˈmɔ.ni.a/
pneumonia,/pnew.mɔˈni.a/
pns,/pe.ˈɛn.ɛs/
po,/ˈpe.o/
po,[ˈpe.o]
poci,[ˈpot͡ʃi]
podium,/poˈdium/
podium,[poˈdi.ʊm]
pofercis,/ˈpofərt͡ʃis/
pofercis,[ˈpo.fər.t͡ʃɪs]
pogo,/ˈpoɡo/
pogo,[ˈpo.ɡo]
pohon,/ˈpohon/
pohon,[ˈpo.hɔn]
poin,/ˈpoin/
poin,[ˈpo.ɪn]
pokjar,/ˈpokd͡ʒar/
pokjar,[ˈpok̚.d͡ʒar]
pokok,/ˈpokoʔ/
pokok,[ˈpo.kɔʔ]
pokrol,[ˈpɔk.rɔl]
pokta,/ˈpokta/
pokta,[ˈpok̚.t̪a]
pol,[ˈpɔl]
pola,/ˈpola/
pola pikir,/ˈpo.la ˈpi.kɪr/
polah,/ˈpolah/
poldan,[ˈpɔl.dan]
polder,[ˈpɔl.dər]
poleksosbudhankam,/pol.ɛk.sɔs.but.ˈhan.kam/
polemik,/ˈpoləmik/
polemik,[ˈpo.lə.mɪk̚]
polen,/ˈpolən/
poles,/ˈpo.lɛs/
poli,/ˈpoli/
poli,[ˈpo.li]
poliarki,/poliˈarki/
poliarki,[po.liˈar.ki]
polifase,/poliˈfasə/
polifase,[po.liˈfa.sə]
poligami,/poliˈɡami/
poligami,[po.liˈɡa.mi]
poligon,/poˈliɡon/
poligon,[poˈli.ɡɔn]
polimatik,/poliˈmatik/
polimatik,[po.liˈma.t̪ɪk̚]
polimer,/po.ˈli.mɛr/
polimerisasi,/po.li.me.ri.ˈsa.si/
polis,/ˈpolis/
polis,[ˈpo.lɪs]
polisakarida,/polisakaˈrida/
polisakarida,[po.li.sa.kaˈri.da]
polisentrisme,/polisɛnˈtrismə/
polisentrisme,[po.li.sɛn̪ˈt̪ris.mə]
polisi,/poˈlisi/
polisi,[poˈli.si]
polisi militer,/poˈlisi miˈlitɛr/
politeknik,[poliˈtɛknɪk]
politik,[pɔlˈli.tɪk̚]
politikus,/poliˈtikus/
politikus,[po.liˈt̪i.kʊs]
politis,[poˈlitɪs]
politisi,/poliˈtisi/
politisi,[po.liˈt̪i.si]
politomus,/po.liˈto.mus/
politomus,[po.liˈt̪o.mʊs]
polmah,[ˈpɔl.mah]
polri,/ˈpolri/
polri,[ˈpol.ri]
polsoskam,/polˈsos.kam/
polsoskam,[polˈsos.kam]
poltek,/ˈpoltɛk/
poltek,[ˈpol.t̪ɛk̚]
polusi,/poˈlusi/
polusi,[poˈlu.si]
polutan,/poˈlutan/
polutan,[poˈlu.t̪an]
pom,/peˈoem/
pom,[peˈo.ɛm]
pom bensin,/ˌpom ˈbensin/
pom bensin,[ˌpɔm ˈben.sɪn]
pom-pom,[pɔmˈpɔm]
pomade,/poˈmadə/
pomade,[poˈma.də]
pompa,/ˈpɔmpa/
pompa,[ˈpom.pa]
pompa bensin,/ˌpompa ˈbensin/
pompa bensin,[ˌpom.pa ˈben.sɪn]
pon,/ˈpɔn/
pon,[ˈpon]
ponakan,/poˈna.kan/
ponakan,[poˈna.kan]
pondasi,/ponˈdasi/
pondasi,[ponˈda.si]
pondok,/ˈpondoʔ/
pondok,[ˈpon.dɔʔ]
pondok pesantren,[ˈpɔndɔʔ pəˈsantrɛn]
poni,[ˈponi]
ponimin,/poˈnimin/
ponimin,[poˈni.mɪn]
poniyah,/poˈnijah/
poniyah,[poˈni.jah]
ponot,/po.not/
ponpes,/ˈpɔnpəs/
ponsel,/ponsɛl/
ponten,[ˈpɔn.tən]
ponten,[ˈpɔn.tɛn]
pontianak,/pɔntiˈanaʔ/
pontianak,[pɔn̪.t̪iˈa.naʔ]
pontifikal,/pontiˈfikal/
pontifikal,[pon̪.t̪iˈfi.kal]
pontifikat,/pontiˈfikat/
pontifikat,[pon̪.t̪iˈfi.kat̪̚]
ponzu,/ˈponzu/
ponzu,[ˈpon.zu]
pop,/ˈpop/
pop,[ˈpɔp̚]
popi,[ˈpo.pi]
popor,[ˈpopɔr]
popularitas,/po.pu.laˈri.tas/
popularitas,[po.pu.laˈri.t̪as]
populasi,/popuˈlasi/
populer,[poˈpulɛr]
porang,/ˈporaŋ/
porang,[ˈpo.raŋ]
pori,[ˈpori]
porno,[ˈpɔr.no]
pornografi,[pɔr.noˈɡra.fi]
porok,/ˈpo.rɔk/
porok,[ˈpo.rɔk̚]
poros,/ˈpɔ.rɔs/
porselen,[pɔrsəˈlɛn]
porsi,[ˈpɔr.si]
porta,/ˈpɔrta/
porta,[ˈpɔr.t̪a]
portabel,/porˈtabəl/
portabel,[porˈt̪a.bəl]
portal,[ˈpɔr.tal]
portir,[ˈpɔr.tɪr]
portofolio,[pɔr.toˈfo.lio̯]
portugal,/pɔrˈtuɡal/
portugal,[pɔrˈt̪u.ɡal]
porus,/ˈporus/
porus,[ˈpo.rʊs]
pos,/ˈpos/
pos,[ˈpɔs]
pos udara,/ˌpos uˈda.ra/
pos udara,[ˌpɔs uˈda.ra]
posesi,/poˈsesi/
posesi,[poˈse.si]
posisi,[poˈsisi]
positif,/poˈsitif/
positif,[poˈsi.t̪ɪf]
postel,/ˈpostɛl/
postel,[ˈpos.t̪ɛl]
posting,/ˈpɔstɪŋ/
postulan,/posˈtulan/
postulan,[posˈt̪u.lan]
posyandu,/posˈjandu/
posyandu,[posˈjan.du]
pot,/ˈpot/
pot,[ˈpɔt̪̚]
potas,/ˈpotas/
potas,[ˈpo.t̪as]
potehi,[poˈtɛhi]
potensi,[poˈtɛnsi]
potensial,[pot̪ɛnˈsial]
potia,/poˈtia/
potia,[poˈt̪i.a]
potlot,/ˈpotlot/
potlot,[ˈpot̪̚.lɔt̪̚]
poto,[ˈpot̪o]
potong,/ˈpotoŋ/
potong,[ˈpo.t̪ɔŋ]
potong-potong,/ˌpɔtɔŋ ˈpɔtɔŋ/
potong-potong,[ˌpɔ.t̪ɔŋ ˈpɔ.t̪ɔŋ]
potongan,/pɔˈtɔŋan/
potongan harga,/poˌto.ŋan ˈhar.ɡa/
potongan harga,[poˌt̪o.ŋan ˈhar.ɡa]
potret,/potret/
pp,/ˈpepe/
pp,[ˈpe.pe]
ppa,/peˈpe.a/
ppa,[peˈpe.a]
ppat,/pe.peˈa.te/
ppat,[pe.peˈa.t̪e]
ppdb,/pe.pe.de.be/
ppdgj,/pe.pe.de.ˈɡe.d͡ʒe/
ppg,/pe.ˈpe.ɡe/
pph,/peˈpe.ha/
pph,[peˈpe.ha]
ppi,/peˈpe.i/
ppi,[peˈpe.i]
ppk,/pe.ˈpe.ka/
ppka,/pe.pe.ˈka.a/
ppln,/pe.pe.ɛl.ɛn/
ppn,/peˈpe.ɛn/
ppn,[peˈpe.ɛn]
ppp,/peˈpe.pe/
ppp,[peˈpe.pe]
pr,/pɛ.ɛr/
praakademik,/praaˈkadəmik/
praakademik,[pra.(ʔ)aˈka.də.mɪk̚]
praasesmen,/praaˈsɛsmən/
praasesmen,[pra.(ʔ)aˈsɛs.mən]
praba,[ˈpraba]
prabawa,/praˈba.wa/
prabawa,[pɾaˈba.wa]
prabu,/pra.bu/
prada,/ˈprada/
prada,[ˈpra.da]
pradana,[praˈdana]
praduga,/praˈduɡa/
praduga,[praˈdu.ɡa]
pragmatik,/praɡˈmatik/
pragmatik,[prak̚ˈma.t̪ɪk̚]
pragmatika,/praɡmaˈtika/
pragmatika,[prak̚.maˈt̪i.ka]
pragmatis,/praɡˈmatis/
pragmatis,[prak̚ˈma.t̪ɪs]
pragmatisme,/praɡmaˈtismə/
pragmatisme,[prak̚.maˈt̪is.mə]
prah,[ˈprah]
prahara,[praˈhara]
prahoto,[praˈho.to]
praja,[ˈpra.d͡ʒa]
prajurit,[praˈd͡ʒurɪt̚]
prakarsa,/praˈkarsa/
prakarsa,[praˈkar.sa]
prakata,[praˈkat̪a]
prakerja,[prakərˈd͡ʒa]
prakerta,/prakərˈta/
prakira,[praˈkira]
prakiraan,/pra.ki.ˈra.an/
prakiraan cuaca,/pra.ki.ˈra.an ˈt͡ʃu.ˈa.t͡ʃa/
praksis,[ˈpraksɪs]
praktek,/ˈprak̚tɛk̚/
praktik,/ˈprak̚tɪk̚/
praktik kerja lapangan,/ˈprak.tɪk kər.ˈd͡ʒa la.ˈpaŋ.an/
praktikan,[prakˈtikan]
praktikum,[prakˈtikʊm]
praktis,[ˈpraktɪs]
praktisi,[prakˈtisi]
prakuliah,/prakuˈliah/
prakuliah,[pra.kuˈli.ah]
prala,/ˈprala/
prala,[ˈpra.la]
pralahir,/praˈlahir/
pralahir,[praˈla.hɪr]
pralaya,[praˈla.ja]
pramembaca,/praməmˈbat͡ʃa/
pramembaca,[pra.məmˈba.t͡ʃa]
pramenulis,/praməˈnulis/
pramenulis,[pra.məˈnu.lɪs]
pramu-,/pramu/
pramu-,[pra.mu]
pramudi,[praˈmudi]
pramugari,/pramuˈɡari/
pramugari,[pra.muˈɡa.ri]
pramuka,/praˈmuka/
pramuka,[praˈmu.ka]
pramulansia,/pra.mu.lan.sia/
pramurukti,[pramuˈrʊkt̪i]
pramusiwi,/pramuˈsiwi/
pramusiwi,[pra.muˈsi.wi]
pramuterbang,/praˈmu.tər.baŋ/
pramuterbang,[praˈmu.t̪ər.baŋ]
pramutoko,/pramuˈtoko/
pramutoko,[pra.muˈt̪o.ko]
pramuwreda,/pra.mu.wrə.da/
pranala,/praˈnala/
pranala,[praˈna.la]
pranata,[praˈnat̪a]
pranatal,/pra.ˈna.tal/
prancis,/ˈprant͡ʃis/
prancis,[ˈpraɲ.t͡ʃɪs]
prangko,/ˈpraŋ.ko/
prangko,[ˈpraŋ.ko]
prapaskah,/praˈpaskah/
prapaskah,[praˈpas.kah]
prapembayaran,/prapəmbaˈjaran/
prapembayaran,[pra.pəm.baˈja.ran]
prapembelajaran,/prapəmbəlaˈd͡ʒaran/
prapembelajaran,[pra.pəm.bə.laˈd͡ʒa.ran]
prapemilu,/prapəˈmilu/
prapemilu,[pra.pəˈmi.lu]
prapenilaian,/prapəniˈlajan/
prapenilaian,[pra.pə.niˈla.jan]
praperadilan,/pra.pər.a.ˈdɪl.an/
prasada,/pra.sa.da/
prasaja,/praˈsad͡ʒa/
prasaja,[praˈsa.d͡ʒa]
prasangka,/praˈsaŋka/
prasarana,/prasaˈrana/
prasasti,[praˈsas.ti]
prasejarah,/prasəˈd͡ʒarah/
prasejarah,[pra.səˈd͡ʒa.rah]
prasetyo,/praˈset.jo/
prasetyo,[praˈset̪̪.jo]
prasmanan,[prasˈmanan]
prasurvei,/praˈsurvəi̯/
prasurvei,[praˈsur.fəi̯]
prasyarat,/praˈʃarat/
prasyarat,[praˈʃa.rat̪̚]
pratama,/praˈtama/
pratama,[praˈt̪a.ma]
pratikno,/praˈtikno/
pratikno,[praˈt̪ik̚.no]
pratikto,/praˈtikto/
pratikto,[praˈt̪ik̚.t̪o]
pratomo,/praˈtomo/
pratomo,[praˈt̪o.mo]
praujian,/prauˈd͡ʒian/
praujian,[pra.uˈd͡ʒi.an]
prawira,[praˈwira]
prayitno,/praˈjitno/
prayitno,[praˈjit̪̚.no]
predikat,[preˈdikat]
prediktor,/preˈdiktor/
prediktor,[preˈdik̚.t̪ɔr]
prefasi,/preˈfasi/
prefasi,[preˈfa.si]
prefektur,/preˈfɛktur/
prefektur,[preˈfɛk̚.t̪ʊr]
preferensi,/prefəˈrɛnsi/
preferensi,[pre.fəˈren.si]
prei,/ˈprei/
prei,[ˈpre.i]
preipal,/prɛˈipal/
preipal,[prɛˈi.pal]
prekursor,/preˈkursor/
prekursor,[preˈkur.sɔr]
prelat,/ˈpre.lat/
prelat,[ˈpre.lat̪̚]
prelatur,/prəˈlatur/
prelatur,[prəˈla.t̪ʊr]
prelatus,/preˈlatus/
prelatus,[preˈla.t̪ʊs]
preman,[ˈprɛ.man]
prematur,/pre.ˈma.tʊr/
premi,[ˈpre.mi]
premier,/preˈmi.ɛr/
premier,[preˈmi.ɛr]
premis,[prəˈmɪs]
premis,[ˈprɛmɪs]
premium,[preˈmiʊm]
prengus,/prəˈŋus/
prengus,[prəˈŋʊs]
presbiter,/prɛsˈbitɛr/
presbiter,[prɛsˈbi.t̪ɛr]
presbiterat,/prɛsbiˈterat/
presbiterat,[prɛs.biˈt̪e.rat̪̚]
presbiterial,/prɛsbiteˈrial/
presbiterial,[prɛs.bi.t̪eˈri.al]
presbiterian,/prɛsbiteˈrian/
presbiterian,[prɛs.bi.t̪eˈri.an]
presbiterium,[pres.bi.teˈri.ʊm]
preseden,/preˈsedɛn/
preseden,[preˈse.dɛn]
presentasi,/presɛnˈtasi/
presenter,[preˈsɛntər]
presentil,/preˈsɛntil/
presentil,[preˈsen̪.t̪ɪl]
preservasi,/presɛrˈvasi/
preservasi,[pre.sɛrˈfa.si]
presiden,/preˈsidɛn/
presiden,[preˈsi.dɛn]
presidensi,[prɛsiˈdɛnsi]
presidensial,[prɛsidɛnˈsial]
presidentil,[prɛsiˈdɛntɪl]
presipitat,/presiˈpitat̚/
presisi,[preˈsisi]
preskripsi,/prɛsˈkrip.si/
preskripsi,[prɛsˈkrip̚.si]
preskriptif,/prɛsˈkriptif/
preskriptif,[prɛsˈkrip̚.t̪ɪf]
prestasi,[prɛsˈt̪asi]
prestise,[prɛsˈt̪isə]
prestisius,[prɛst̪iˈsiʊs]
prevalensi,[prevaˈlɛnsi]
preventif,/pre.ˈvɛn.tɪf/
pria,/pəˈria/
pria,/ˈpria/
pria,[pəˈri.a]
pria,[ˈpri.a]
priangan,/priˈaŋan/
priangan,[priˈa.ŋan]
priayi,[priˈaji]
pribadi,/pri.ˈba.di/
pribumi,[priˈbu.mi]
prihatin,[priˈhatɪn]
prihatini,/prihaˈtini/
prihatini,[pri.haˈt̪i.ni]
prikitiw,/priˈkitiw/
prikitiw,[priˈki.t̪ɪw]
prima,/ˈpri.ma/
primadona,[primaˈd̪ona]
primas,[ˈpri.mas]
primat,/ˈprimat/
primat,[ˈpri.mat̪̚]
primata,/priˈmata/
primata,[priˈma.t̪a]
primer,/ˈprimɛr/
primer,[ˈpri.mɛr]
primordial,/primorˈdial/
primordial,[pri.morˈdi.al]
prindapan,/prinˈda.pan/
prindapan,[prinˈda.pan]
prinsip,/ˈprɪnsɪp̚/
prinsipiel,/prɪnsiˈpiəl/
printer,/ˈprintər/
printer,[ˈprin̪.t̪ər]
prioritas,/prioˈritas/
pris,[ˈprɪs]
priscilla,/priˈsila/
privasi,/priˈvasi/
privasi,[priˈfa.si]
privat,/ˈprivat/
privat,[ˈpri.fat̪̚]
privilegi,/priviˈleɡi/
privilegi,[pri.fiˈle.ɡi]
privilese,[priviˈlɛsə]
privisi,/priˈvisi/
privisi,[priˈfi.si]
pro,[ˈpro]
probabilitas,[probabiˈlit̪as]
probandus,/proˈbandus/
probandus,[proˈban.dʊs]
problem,[ˈproblem]
probo,/ˈprobo/
probo,[ˈpro.bo]
probolinggo,/proboˈliŋɡo/
probolinggo,/prɔbɔˈliŋɡɔ/
probolinggo,[pro.boˈliŋ.ɡo]
probolinggo,[prɔ.bɔˈliŋ.ɡɔ]
prodeo,/proˈdeo/
prodeo,[proˈde.o]
prodi,/ˈprodi/
prodi,[ˈpro.di]
prodiakon,/prodiˈakon/
prodiakon,[pro.diˈa.kɔn]
produk,/ˈpro.dak/
produk,/ˈpro.dʊk/
produk domestik bruto,/ˌproduk dɔˌmɛstik ˈbruto/
produk domestik bruto,[ˌpro.dʊk̚ dɔˌmɛs.t̪ɪk̚ ˈbru.t̪o]
produksi,/proˈduksi/
produksi,[proˈduk̚.si]
produktif,/proˈduktif/
produktif,[proˈduk̚.t̪ɪf]
produktivitas,/produktiˈvitas/
produktivitas,[pro.duk̚.t̪iˈfi.t̪as]
produsen,[proˈdusɛn]
produser,[proˈdusər]
profase,/proˈfasə/
profesi,[proˈfɛsi]
profesioal,/profɛsiˈɔal/
profesioal,[pro.fɛ.siˈɔ.al]
profesional,/profɛsiˈɔnal/
profesional,[pro.fɛ.siˈɔ.nal]
profesionalisme,/profesionalˈismə/
profesionalisme,[pro.fe.si.o.nalˈis.mə]
profesionalitas,/profesionaˈlitas/
profesionalitas,[pro.fe.si.o.naˈli.t̪as]
profesor,/prɔˈfɛ.sɔr/
profil,[ˈprofɪl]
profil lulusan,/ˌpro.fil luˈlu.san/
profil lulusan,[ˌpro.fɪl luˈlu.san]
profilaksis,/profiˈlaksis/
profilaksis,[pro.fiˈlak̚.sɪs]
program,/ˈproɡram/
program,[ˈpro.ɡram]
programa,[prɔɡˈra.ma]
projek,[ˈprod͡ʒɛk̚]
projek,[ˈprojɛk̚]
prokem,/ˈprɔkɛm/
prokem,[ˈprɔ.kɛm]
prokes,[ˈprokəs]
proklamasi,/proklaˈmasi/
proksi,/ˈproksi/
proksi,[ˈprok̚.si]
proletar,[pro.ləˈtar]
proletariat,/prolətaˈriat/
proletariat,[pro.lə.t̪aˈri.at̪̚]
proliferasi,/pro.li.fə.ˈra.si/
promosi,[proˈmosi]
promosi jabatan,/pro.ˈmo.si d͡ʒa.ˈbat.an/
promotor,[proˈmotɔr]
promovenda,/promoˈvɛnda/
promovenda,[pro.moˈfen.da]
promovendus,/promoˈvɛndʊs/
pronomina,/pro.no.ˈmi.na/
pronomina persona,/pro.no.ˈmi.na pər.ˈso.na/
prop,[ˈprɔp]
propaganda,[pro.paˈɡan.da]
propana,/pro.pa.na/
propemerintah,/propəməˈrintah/
propemerintah,[pro.pə.məˈrin̪.t̪ah]
properti,/pro.pər.ˈti/
propisiasi,/propisiˈasi/
propisiasi,[pro.pi.siˈa.si]
proporsi,/proˈpɔrsi/
proporsional,/prɔ.pɔr.siˈɔ.nal/
proposal,/prɔˈpɔsal/
proposal,[prɔˈpɔ.sal]
prosedur,[proˈsədʊr]
prosedural,/prosəˈdural/
prosedural,[pro.səˈdu.ral]
prosen,[ˈprosɛn]
proses,/ˈprosɛs/
proses,[ˈpro.sɛs]
prosesi,/proˈsesi/
prosesi,[proˈse.si]
prosiding,[proˈsɪd̪ɪŋ]
prospek,[ˈprɔspɛk̚]
prospeksi,/ˈprospəksi/
prospeksi,[ˈpros.pək̚.si]
prota,/ˈprota/
prota,[ˈpro.t̪a]
protagonis,/protaˈɡonis/
protagonis,[pro.t̪aˈɡo.nɪs]
protap,/ˈprotap/
protap,[ˈpro.t̪ap̚]
protein,/proˈteɪn/
proteinuria,/protei̯nuˈria/
proteinuria,/protei̯ˈnuri/
proteinuria,[pro.t̪ei̯.nuˈri.a]
proteinuria,[pro.t̪ei̯ˈnu.ri]
proteksi,[proˈtɛk̚si]
protektorat,/protɛkˈtorat/
protektorat,[pro.t̪ɛk̚ˈt̪o.rat̪̚]
proteolisis,/proteoˈlisis/
proteolisis,[pro.t̪e.oˈli.sɪs]
protes,/ˈprotɛs/
protes,[ˈpro.t̪ɛs]
protestan,/proˈtɛstan/
protestan,[proˈt̪ɛs.t̪an]
protestanisme,/protɛstaˈnismə/
protestanisme,[pro.t̪ɛs.t̪aˈnis.mə]
protokanonik,/protokaˈnonik/
protokanonik,[pro.t̪o.kaˈno.nɪk̚]
protokol,[proˈto.kɔl]
protokol kesehatan,[proˈto.kɔl kəsɛˈhat̚an]
protokoler,[pro.toˈko.lɛr]
protoplasma,/protoˈplasma/
protoplasma,[pro.t̪oˈplas.ma]
prototipe,[protoˈtipə]
provinsi,/proˈvinsi/
provinsi,[proˈfin.si]
provisi,[proˈvisi]
provokasi,/provoˈkasi/
provokasi,[pro.foˈka.si]
provokatif,/prɔ.fɔˈka.tɪf/
provokator,/prɔ.fɔˈka.tɔr/
provos,/ˈprovɔs/
proyek,/ˈprɔjɛk/
proyek,[ˈprɔ.jɛk̚]
proyeksi,/proˈjɛksi/
proyektil,/ˈprojəktil/
proyektil,[ˈpro.jək̚.t̪ɪl]
proyektor,/proˈjɛktor/
proyektor,[proˈjɛk̚.t̪ɔr]
prt,/pe.ˈɛr.te/
prurigo,/pruˈriɡo/
prurigo,[pruˈri.ɡo]
pseudonim,/seuˈdonim/
pseudonim,[se.uˈdo.nɪm]
psikiater,/pəsikiˈatər/
psikiater,[pə.si.kiˈa.t̪ər]
psikiatri,[psiˈkia̯tri]
psikolog,/pəsiˈkoloɡ/
psikolog,[pə.siˈko.lɔk̚]
psikologi,/pəsikoˈloɡi/
psikologi,[pə.si.koˈlo.ɡi]
psikologis,/pəsikoˈloɡis/
psikologis,[pə.si.koˈlo.ɡɪs]
psikomotor,/pəsikoˈmotor/
psikomotor,[pə.si.koˈmo.t̪ɔr]
psikomotorik,/pəsikomoˈtorik/
psikomotorik,[pə.si.ko.moˈt̪o.rɪk̚]
psikosentris,/pəsikoˈsentris/
psikosentris,[pə.si.koˈsen̪.t̪rɪs]
psikotes,/pəsiˈkotɛs/
psikotes,[pə.siˈko.t̪ɛs]
psk,/pɛˈɛs.ka/
psk,[pɛˈɛs.ka]
psn,/pe.ˈɛs.ɛn/
pt,[ˈpete]
ptl,/peˈteel/
ptl,[peˈt̪e.ɛl]
ptm,/peˈteɛm/
ptn,[peˈteɛn]
pts,[peˈteɛs]
ptt,/pe.ˈte.te/
puak,/ˈpuak/
puak,[ˈpu.ak̚]
puan,/ˈpuan/
puan,[ˈpu.an]
puas,/ˈpuas/
puas,[ˈpu.as]
puasa,/puˈasa/
puasa,[puˈa.sa]
publik,[ˈpublɪk]
publikasi,/publiˈkasi/
publisitas,/publiˈsitas/
pucang,/ˈput͡ʃaŋ/
pucang,[ˈpu.t͡ʃaŋ]
pucat,/ˈpu.t͡ʃat/
pucuk,/ˈput͡ʃuk/
pucuk,[ˈpu.t͡ʃʊk̚]
pudel,/ˈpudəl/
pudel,[ˈpu.dəl]
puding,/ˈpudiŋ/
puding,[ˈpu.dɪŋ]
pudir,/ˈpudir/
pudir,[ˈpu.dɪr]
pugar,/ˈpu.ɡar/
puing,/ˈpuɪŋ/
puisi,/puˈisi/
puisi,[puˈi.si]
puja,/pu.d͡ʒa/
pujangga,[puˈd͡ʒaŋɡa]
pujasera,/pud͡ʒasəˈra/
puji,/pu.d͡ʒi/
pujian,/pujian/
puk,/ˈpuk/
puk,[ˈpʊk̚]
pukat,/ˈpukat/
pukat,[ˈpu.kat̪̚]
puki,/ˈpu.ki/
pukimak,/puˈkimaʔ/
pukimak,[puˈki.maʔ]
pukul,/ˈpukul/
pukul,[ˈpu.kʊl]
pukul rata,/ˈpukʊl ˈrata/
pukulkan,/puˈkulkan/
pukulkan,[puˈkul.kan]
pul,[ˈpʊl]
pula,/ˈpula/
pula,[ˈpu.la]
pulai pandak,/ˌpulai̯ ˈpandak/
pulai pandak,[ˌpu.lai̯ ˈpan.dak̚]
pulang,/ˈpulaŋ/
pulang,[ˈpu.laŋ]
pulang kampung,/ˌpu.laŋ ˈkam.puŋ/
pulang kampung,[ˌpu.laŋ ˈkam.pʊŋ]
pulang tongsan,[ˈpulaŋ ˈtɔŋ.san]
pulasara,/pulaˈsara/
pulasara,[pu.laˈsa.ra]
pulau,/ˈpulau̯/
pulau,[ˈpu.lau̯]
pulau jalan,/pu.lau̯ ˈd͡ʒa.lan/
pulau lalu lintas,/pu.lau̯ la.lu ˈlin.tas/
pulau pinang,/ˌpulau̯ ˈpinaŋ/
pulau pinang,[ˌpu.lau̯ ˈpi.naŋ]
pulaukan,/puˈlau̯kan/
pulaukan,[puˈlau̯.kan]
pulih,/ˈpulih/
pulih,[ˈpu.lɪh]
pulmoner,/pulˈmonɛr/
pulmoner,[pulˈmo.nɛr]
pulpen,[ˈpʊlpɛn]
pulsa,[ˈpʊlsa]
puluh,[ˈpulʊh]
pulut,/ˈpulʊt̚/
pun,/ˈpun/
pun,[ˈpun]
punah,[ˈpunah]
punai,/ˈpunai̯/
punai,[ˈpu.nai̯]
punca,/ˈpʊn.t͡ʃa/
puncak,/ˈpʊn.t͡ʃak/
pundak,[ˈpundaʔ]
punggawa,[pʊŋ.ɡa.wa]
punggok,/ˈpuŋɡok/
punggok,[ˈpuŋ.ɡɔk̚]
pungguk,/ˈpuŋɡuk/
pungguk,[ˈpuŋ.ɡʊk̚]
pungsi,/ˈpuŋsi/
pungsi,[ˈpuŋ.si]
pungut,/ˈpuŋut/
pungut,[ˈpu.ŋʊt̪̚]
pungutan,/puˈŋutan/
pungutan,[puˈŋu.t̪an]
punia,/pu.nia̯/
puntung,/pʊntʊŋ/
punya,/ˈpuɲa/
punya,[ˈpu.ɲa]
punyai,/puˈɲai/
punyai,[puˈɲa.i]
punyakan,/puˈɲakan/
punyakan,[puˈɲa.kan]
pupa,[ˈpu.pa]
pupuh,/ˈpʊ.pʊh/
pupuk,/ˈpʊpʊʔ/
pupur,/ˈpupur/
pupur,[ˈpu.pʊr]
pupus,/ˈpupʊs/
puputan,/pu.ˈpʊt.an/
pura,/ˈpura/
pura,[ˈpu.ra]
pura-pura,/ˌpura ˈpura/
pura-pura,[ˌpu.ra ˈpu.ra]
purata,/puˈrata/
purata,[puˈra.t̪a]
purba,[ˈpʊrba]
purba-,[ˈpʊrba]
purbawisesa,[pʊrbawiˈsɛsa]
purgatorium,/purɡatoˈrium/
purgatorium,[pur.ɡa.t̪oˈri.ʊm]
puri,/pu.ri/
purifikatorium,/purifikatoˈrium/
purifikatorium,[pu.ri.fi.ka.t̪oˈri.ʊm]
purina,/pu.ˈri.na/
purna-,/pur.na/
purnama,/purˈnama/
purnama,[purˈna.ma]
purnasarjana,/purnasarˈd͡ʒana/
purnasarjana,[pur.na.sarˈd͡ʒa.na]
purnawirawan,/purnawiˈrawan/
purnawirawan,[pur.na.wiˈra.wan]
puru,/ˈpuru/
puru,[ˈpu.ru]
purulen,/puˈrulən/
purulen,/puˈrulɛn/
purulen,[puˈru.lən]
purulen,[puˈru.lɛn]
purwa,[ˈpʊrwa]
purwa-,[ˈpʊrwa]
purwakanti,/pʊr.wa.ˈkan.ti/
purwanto,/puˈrwanto/
purwanto,[puˈrwan̪.t̪o]
purwarupa,/purwaˈrupa/
purwarupa,[pur.waˈru.pa]
purwokerto,/puˈrwokərto/
purwokerto,/puˈrwɔkərtɔ/
purwokerto,[puˈrwo.kər.t̪o]
purwokerto,[puˈrwɔ.kər.t̪ɔ]
pus,/ˈpus/
pus,[ˈpʊs]
pusa,[ˈpusa]
pusaka,/puˈsaka/
pusaka,[puˈsa.ka]
pusar,/ˈpusar/
pusar,[ˈpu.sar]
pusara,/puˈsara/
pusara,[puˈsa.ra]
pusat,/ˈpusat/
pusat,[ˈpu.sat̪̚]
pusat kesehatan masyarakat,[ˈpusat̚ kəsɛˈhatan maʃaˈrakat̚]
pusat perbelanjaan,[ˈpusat̚ pərbəlanˈd͡ʒaan]
pusdiklat,/pusˈdiʔlat/
pusdiklat,[pusˈdiʔ.lat̪̚]
pusing,[ˈpusɪŋ]
pusing-pusing,/ˌpusiŋ ˈpusiŋ/
pusing-pusing,[ˌpu.sɪŋ ˈpu.sɪŋ]
puskesmas,/ˈpuskəsmas/
puskesmas,[ˈpus.kəs.mas]
puslitbang,/pusˈlitbaŋ/
puslitbang,[pusˈlit̪̚.baŋ]
puso,[ˈpuso]
puspa,[ˈpʊspa]
puspoyo,/pusˈpojo/
puspoyo,[pusˈpo.jo]
pustaha,/pʊsˈtaha/
pustaka,/pusˈtaka/
pustaka,[pusˈt̪a.ka]
pustakawan,/pustaˈkawan/
pustakawan,[pus.t̪aˈka.wan]
pustu,/ˈpustu/
pustu,[ˈpus.t̪u]
putar,/ˈputar/
putar,[ˈpu.t̪ar]
putaran,/pu.ˈta.ran/
putau,/ˈpu.tau̯/
putera,/ˈputəra/
putera,[ˈpu.t̪ə.ra]
putih,/ˈputih/
putih,[ˈpu.t̪ɪh]
putra,/ˈputra/
putra,[ˈput̪̚.ra]
putranto,/putˈranto/
putranto,[put̪̚ˈran̪.t̪o]
putri,/ˈputri/
putri,[ˈput̪̚.ri]
putu,/ˈputu/
putu,[ˈpu.t̪u]
putus,/ˈputus/
putus,[ˈpu.t̪ʊs]
putus rawat,/ˌpu.tus ˈra.wat/
putus rawat,[ˌpu.t̪ʊs ˈra.wat̪̚]
putusan,[puˈt̪ʊsan]
putusan bebas,/puˈtʊsan ˈbɛbas/
puyer,[ˈpujər]
puyu,/ˈpuju/
puyu,[ˈpu.ju]
puyuh,/ˈpu.juh/
puyuh,[ˈpu.jʊh]
q,/k/
q,/ki/
q,/ʔ/
qanun,/qanun/
qasar,/ˈka.sar/
qasar,/ˈqa.sar/
qiraah,/kiˈraah/
qrs,/kiˈɛr.ɛs/
qrs,[kiˈɛr.ɛs]
raba,/ˈraba/
rabat,[ˈrabat̚]
rabi,[ˈrabi]
rabies,/ra.ˈbi.ɛs/
rabitah,/raˈbitah/
rabitah,[raˈbi.t̪ah]
rabiulakhir,/rabiulˈʔaxir/
rabiulakhir,[ra.bi.ulˈʔa.xɪr]
rabiulawal,/rabiulˈʔawal/
rabiulawal,[ra.bi.ulˈʔa.wal]
rabu,/ˈrabu/
rabu,[ˈra.bu]
rabu abu,/ˌrabu ˈabu/
rabu abu,[ˌra.bu ˈa.bu]
rabuk,/ˈrabuk/
rabuk,[ˈra.bʊk̚]
racun,/ˈrat͡ʃun/
racun,[ˈra.t͡ʃʊn]
racuni,/raˈtʃu.ni/
racunin,/raˈtʃu.nɪn/
rad,[ˈrat]
radang,/ˈradaŋ/
radang,[ˈra.daŋ]
radar,/ˈradar/
radar,[ˈra.dar]
radas,/ˈradas/
radas,[ˈra.das]
raden,/ˈra.dɛn/
radiasi,[radiˈasi]
radikal,/raˈdikal/
radikal,[raˈdi.kal]
radikalisasi,/radikalˈɪsasi/
radikalisme,/radikalˈɪsmə/
radio,[ˈrad̪io̯]
radioaktif,/radiˈwaktif/
radioaktif,[ra.diˈwak̚.t̪ɪf]
radiolog,/radiˈoloɡ/
radiolog,[ra.diˈo.lɔk̚]
radiologi,/radioˈloɡi/
radiologi,[ra.di.oˈlo.ɡi]
radiologis,/radioˈloɡis/
radiologis,[ra.di.oˈlo.ɡɪs]
radius,/raˈdiʊs/
rafinasi,[rafiˈnasi]
raga,/ˈraɡa/
raga,[ˈra.ɡa]
ragam,[ˈraɡam]
ragi,[ˈraɡi]
ragil,/ˈra.ɡɪl/
ragu,/ˈraɡu/
raharja,/raˈhard͡ʒa/
raharja,[raˈhar.d͡ʒa]
raharjo,/raˈhard͡ʒo/
raharjo,[raˈhar.d͡ʒo]
rahasia,[raˈhasia̯]
rahayu,/raˈha.ju/
rahayu,/raˈhaju/
rahayu,[raˈha.ju]
rahim,/ˈrahim/
rahim,[ˈra.hɪm]
rahmat,/rahmat/
raib,/ˈra.ɪp̚/
raih,/ˈraih/
raih,[ˈra.ɪh]
raja,/ˈrad͡ʒa/
raja,[ˈra.d͡ʒa]
raja muda,/ˌrad͡ʒa ˈmuda/
raja muda,[ˌra.d͡ʒa ˈmu.da]
raja singa,[ˈrad͡ʒa ˈsiŋa]
rajab,/ˈrad͡ʒab/
rajab,[ˈra.d͡ʒap̚]
rajadiraja,/ra.d͡ʒa.diˈra.d͡ʒa/
rajadiraja,[ra.d͡ʒa.diˈra.d͡ʒa]
rajah,/ˈrad͡ʒah/
rajah,[ˈra.d͡ʒah]
rajal,/ˈrad͡ʒal/
rajal,[ˈra.d͡ʒal]
rajawali,[ra.d͡ʒaˈwa.li]
rak,/ˈrak/
rak,[ˈrak̚]
raka,/ˈraka/
raka,[ˈra.ka]
raker,/ˈrakər/
raker,[ˈra.kər]
rakitan,/raˈkitan/
rakitan,[raˈki.t̪an]
rakor,/ˈrakor/
rakor,[ˈra.kɔr]
raksa,[ˈrak.sa]
raksasa,/rakˈsasa/
raksasa,[rak̚ˈsa.sa]
raksi,/ˈraksi/
raksi,[ˈrak̚.si]
rakus,/ˈrakus/
rakus,[ˈra.kʊs]
rakyat,/ˈrakjat/
rakyat,/ˈraʔjat/
rakyat,[ˈrak̚.jat̪̚]
rakyat,[ˈraʔ.jat̪̚]
rakyat biasa,[ˈraʔjat̪̚ ˈbia̯sa]
rakyu,/ˈraʔju/
ralat,/ˈralat̚/
ram,/ˈram/
ram,[ˈram]
rama,/ˈrama/
rama,[ˈra.ma]
ramadan,/raˈmadan/
ramadan,[raˈma.dan]
ramah,/ˈramah/
ramah,[ˈra.mah]
ramai,/ˈramai̯/
ramai,[ˈra.mai̯]
ramal,/ramal/
ramalan,/ra.ˈmal.an/
ramalan cuaca,/ra.ˈmal.an ˈt͡ʃu.ˈa.t͡ʃa/
rambang,/ˈrambaŋ/
rambang,[ˈram.baŋ]
rambu,/ˈrambu/
rambu,[ˈram.bu]
rambut,/ˈrambut/
rambut,[ˈram.bʊt̪̚]
rambutan,/ramˈbutan/
rambutan,[ramˈbu.t̪an]
rames,/ˈraməs/
rames,[ˈra.məs]
rampai,/ˈrampai̯/
rampai,[ˈram.pai̯]
rampas,/ˈrampas/
rampas,[ˈram.pas]
ramping,/ˈrampiŋ/
ramping,[ˈram.pɪŋ]
rampok,[ˈrampɔk̚]
rampung,/ram.pʊŋ/
ramuan,[raˈmuan]
rana,/ˈra.na/
ranah,/ˈranah/
ranah,[ˈra.nah]
ranap,/ˈranap/
ranap,[ˈra.nap̚]
rancah,/ˈrant͡ʃah/
rancah,[ˈraɲ.t͡ʃah]
rancang,/ˈran.t͡ʃaŋ/
rancangan,[ranˈt͡ʃaŋan]
randa,[ˈrand̪a]
randu alas,/ˌrandu ˈalas/
randu alas,[ˌran.du ˈa.las]
ranggon,/ˈraŋɡon/
ranggon,[ˈraŋ.ɡɔn]
rangka,[ˈraŋka]
rangkaian,/raŋˈkajan/
rangkaian,[raŋˈka.jan]
rangkaian listrik,/raŋ.ˈkai̯.an ˈlɪs.trɪk̚/
rangkasbitung,/raŋkasˈbituŋ/
rangkasbitung,[raŋ.kasˈbi.t̪ʊŋ]
rangkong,/ˈraŋkoŋ/
rangkong,[ˈraŋ.kɔŋ]
rangkuman,/raŋˈkuman/
rangkuman,[raŋˈku.man]
rangsang,/ˈraŋsaŋ/
rangsang,[ˈraŋ.saŋ]
rangu,[ˈraŋu]
rani,/ˈrani/
rani,[ˈra.ni]
ranjang,/ˈran.d͡ʒaŋ/
ransel,/ˈran.səl/
ransum,[ˈransʊm]
rantai,/ˈrantai̯/
rantai,[ˈran̪.t̪ai̯]
rantai komando,/ˌran.tai̯ koˈman.do/
rantai komando,[ˌran̪.t̪ai̯ koˈman.do]
rantaian,/ranˈta.jan/
rantas,/ˈran.tas/
rantas,[ˈran̪.t̪as]
rantau,/ˈran.tau̯/
ranti,/ˈranti/
ranti,[ˈran̪.t̪i]
ranting,/ˈrantiŋ/
ranting,[ˈran̪.t̪ɪŋ]
rantis,/ˈrantis/
rantis,[ˈran̪.t̪ɪs]
ranu,/ˈranu/
ranu,[ˈra.nu]
rapat,/ˈra.pat/
rapat besar,/ˌrapat bəˈsar/
rapat besar,[ˌra.pat̪̚ bəˈsar]
rapel,[ˈra.pɛl]
raperdais,/ra.pərˈda.is/
raperdais,[ra.pərˈda.ɪs]
rapi,/ˈrapi/
rapi,[ˈra.pi]
rapih,/ˈrapih/
rapih,[ˈra.pɪh]
rapor,[ˈra.pɔr]
rapuh,/ˈra.puh/
rapuh,[ˈra.pʊh]
ras,/ˈras/
ras,[ˈras]
rasa,/ˈra.sa/
rasan,/ˈrasan/
rasan,[ˈra.san]
rasberi,/rasˈberi/
rasberi,[rasˈbe.ri]
rase,/ˈrase/
rasi,[ˈrasi]
rasi bintang,/ˈra.si ˈbɪn.taŋ/
rasio,/ˈrasio̯/
rasional,/rasiˈonal/
rasionalis,/rasioˈnalis/
rasionalis,[ra.si.oˈna.lɪs]
rasionalisasi,/rasionaliˈsasi/
rasionalisasi,[ra.si.o.na.liˈsa.si]
rasionalisme,/rasionaˈlismə/
rasionalisme,[ra.si.o.naˈlis.mə]
rasisme,/raˈsɪsmə/
rastafari,/rastaˈfari/
rastafari,[ras.t̪aˈfa.ri]
rasuah,/raˈsuah/
rasuah,[raˈsu.ah]
rasuk,/ˈrasuk/
rasuk,[ˈra.sʊk̚]
rasul,[ˈra.sʊl]
rasywah,/ˈraʃwah/
rasywah,[ˈraʃ.wah]
rat,/ɛˈra.te/
rat,[ɛˈra.t̪e]
rat,[ˈrat̪̚]
rata,[ˈrata]
ratai,/raˈtai/
ratai,/ˈrataj/
ratakan,/raˈta.kan/
ratap,/ˈratap/
ratap,[ˈra.t̪ap̚]
ratapan,/raˈtapan/
ratapan,[raˈt̪a.pan]
ratas,/ˈratas/
ratas,[ˈra.t̪as]
ratna,[ˈratna]
ratu,/ˈratu/
ratu,[ˈra.t̪u]
ratus,/ˈratus/
ratus,[ˈra.t̪ʊs]
ratusan,/raˈtu.san/
raudatul athfal,/rau̯ˈdatul ˈat(ˤ)fal/
raun,[ˈra.ʊn]
rawa,/ˈra.wa/
rawa,[ˈra.wa]
rawak,/ˈrawak/
rawak,[ˈra.wak̚]
rawan,[ˈrawan]
rawat,/ˈrawat/
rawat,[ˈra.wat̪̚]
rawat inap,[ˈrawat ˈɪnap̚]
rawat jalan,[ˈrawat ˈd͡ʒalan]
rawatan,[raˈwat̚an]
rawayan,/raˈwajan/
rawayan,[raˈwa.jan]
rawi,/ˈrawi/
rawi,[ˈra.wi]
rawis,/ˈrawis/
rawis,[ˈra.wɪs]
rawit,/ˈrawit/
rawit,[ˈra.wɪt̪̚]
rawon,/ˈrawɔn/
rawon,[ˈra.wɔn]
raya,/ˈra.ja/
rayakan,/raˈjakan/
rayakan,[raˈja.kan]
rayap,[ˈrajap̚]
rayon,[ˈrajɔn]
rayu,[ˈraju]
rayuan,[raˈjuan]
razia,[ˈra.zia̯]
rb,/ɛr.be/
rdpu,/ɛr.de.ˈpe.u/
reaksi,[reˈak.si]
real,[ˈril]
real estat,/ˈreal ˈɛstat̚/
realis,[rɛˈalɪs]
realisasi,[rɛ.a.liˈsa.si]
realisme,[rɛaˈlɪsmə]
realistis,/reaˈlistis/
realistis,[re.aˈlis.t̪ɪs]
realita,/rəaˈlita/
realita,[rə.aˈli.t̪a]
realitas,/reaˈlitas/
realitas,[re.aˈli.t̪as]
reanimasi,/reanimasi/
rebab,/rəˈbab/
rebab,[rəˈbap̚]
rebah,[rəˈbah]
rebahkan,/rəˈbahkan/
rebahkan,[rəˈbah.kan]
rebewes,[rebəˈwes]
reboisasi,/reboiˈsasi/
rebung,/rəˈbʊŋ/
rebus,/rəˈbus/
rebus,[rəˈbʊs]
reda,/rə.ˈda/
reda,/ˈre.da/
redaksi,[rəˈd̪aksi]
redaktur,[rəˈdaktʊr]
redaman,/rə.ˈdam.an/
reduksi,/reˈdʊksi/
reduksionisme,/re.dʊk.si.o.ˈnɪs.mə/
redundan,/rəˈdundan/
redundan,[rəˈdun.dan]
redundansi,/re.dʊn.ˈdan.si/
redup,[rəˈdʊp̚]
referat,[rɛfəˈrat̚]
referendaris,/re.fə.rɛnˈda.ris/
referendaris,[re.fə.rɛnˈda.rɪs]
referendum,/re.fəˈrɛn.dum/
referendum,[re.fəˈren.dʊm]
referensi,[refəˈrɛnsi]
referensi,[refɛˈrensi]
refleks,/ˈrɛflɛks/
refleks,[ˈrɛf.lɛks]
refleksi,/re.ˈflɛk.si/
reflektif,/reˈflɛktif/
reflektif,[reˈflɛk̚.t̪ɪf]
refluks,/rəfˈluks/
refluks,[rəfˈluks]
reforestasi,/reforɛsˈtasi/
reformasi,/reforˈmasi/
reformasi,[re.forˈma.si]
reformis,/reˈformis/
reformis,[reˈfor.mɪs]
reformisme,/reforˈmismə/
reformisme,[re.forˈmis.mə]
refraksi,/reˈfraksi/
refraksi,[reˈfrak̚.si]
refraktif,/rəfˈraktif/
refraktif,[rəfˈrak̚.t̪ɪf]
refraktor,/reˈfraktor/
refraktor,[reˈfrak̚.t̪ɔr]
regang,[rəˈɡaŋ]
regi,[ˈreɡi]
regimen,[reˈɡimɛn]
regio,/reˈɡi.o/
regio,[reˈɡi.o]
region,[reˈɡiɔn]
regional,/reɡiˈonal/
regional,[re.ɡiˈo.nal]
regionalisme,/reɡionalˈismə/
regionalisme,[re.ɡi.o.nalˈis.mə]
register,[reˈɡɪstər]
registrasi,[reɡɪsˈtrasi]
registri,/re.ˈɡɪs.tri/
regisur,[reˈɡi.sʊr]
reglemen,[reɡləˈmen]
regol,/re.ɡɔl/
regresi,/reˈɡresi/
regresi,[reˈɡre.si]
regu,/rəˈɡu/
regulasi,[reɡuˈlasi]
regulatif,/rəɡuˈlatif/
regulatif,[rə.ɡuˈla.t̪ɪf]
regulator,/re.ɡu.ˈla.tɔr/
reguler,/rɛˈɡulɛr/
rehabilitasi,/rehabiliˈtasi/
rehat,/ˈrehat/
rehat,[ˈre.hat̪̚]
rejasa,/rəˈd͡ʒasa/
rejasa,[rəˈd͡ʒa.sa]
rejimen,[reˈd͡ʒimɛn]
reka,/ˈreka/
reka,[ˈre.ka]
reka-reka,/ˌreka ˈreka/
reka-reka,[ˌre.ka ˈre.ka]
rekaan,/reˈka.(ʔ)an/
rekam,/rəˈkam/
rekaman,[rəˈkaman]
rekan,[rəˈkan]
rekan pendiri,/rəˌkan pənˈdiri/
rekan pendiri,[rəˌkan pənˈdi.ri]
rekat,/rəˈkat/
rekat,[rəˈkat̪̚]
rekayasa,/rekaˈjasa/
rekayasa genetika,/re.ka.ˈja.sa ɡe.ne.ˈti.ka/
rekayasa perangkat lunak,/re.ka.ˈja.sa pər.ˈaŋ.kat ˈlu.naʔ/
rekayasa sosial,/re.ka.ˈja.sa so.ˈsi.al/
reken,[ˈrɛ.kən]
rekening,/rekəˈniŋ/
rekening,[re.kəˈniŋ]
reklamasi,[rɛ.klaˈma.si]
reklame,/rɛkˈlamə/
reklame,[rɛk̚ˈla.mə]
reklasering,[reklaˈsɛrɪŋ]
rekod,/ˈrekod/
rekod,[ˈre.kɔt̪̚]
rekognisi,/rəkoɡˈnisi/
rekognisi,[rə.kok̚ˈni.si]
rekoleksi,[re.koˈlɛk.si]
rekomendasi,/rekomenˈdasi/
rekomendasi,[re.ko.menˈda.si]
rekonsiliasi,/re.kɔn.si.li.ˈa.si/
rekonstruksi,/rekɔnsˈtruksi/
rekonstruksi,[re.kɔnsˈt̪ruk̚.si]
rekonstruktif,/re.konˈstruk.tif/
rekor,[ˈrɛkɔr]
rekreasi,[rekrɛˈasi]
rekreatif,[rekrɛˈatɪf]
rekrut,[ˈrekrʊt]
rekrutmen,/reˈkrʊtmən/
reksa,/rək.sa/
reksa dana,/rək.ˈsa ˈda.na/
rektal,/ˈrɛktal/
rektal,[ˈrɛk̚.t̪al]
rektor,/rɛk.tor/
rektum,/ˈrɛk̚tʊm/
rekuiem,[reˈkui̯.em]
rel,[ˈrɛl]
rela,/ˈre.la/
relai,/rəˈlai̯/
relai,/ˈre.lai̯/
relai,[rəˈlai̯]
relaks,[ˈrɛlaks]
relap,/rəˈlap/
relap,/ˈrelap/
relap,[rəˈlap̚]
relap,[ˈre.lap̚]
relasi,[reˈlasi]
relatif,[reˈlatɪf]
relativitas,[relatiˈvitas]
relevan,/ˈrɛləvan/
relevan,[ˈrɛ.lə.fan]
relevansi,/re.lə.ˈvan.si/
reliabel,/reliˈabəl/
reliabilitas,/reliabiˈlitas/
religi,[reˈli.ɡi]
religius,[reliˈɡiʊs]
relik,[ˈrɛlɪk]
relikui,/rɛˈlikui̯/
relokasi,/re.lo.ˈka.si/
relung,/rə.ˈlʊŋ/
relung ekologi,/rə.ˈlʊŋ e.ko.ˈlo.ɡi/
relung fundamental,/rə.ˈlʊŋ fʊn.da.ˈmɛn.tal/
rem,/ˈrɛm/
remahan,/rəˈmahan/
remahan,[rəˈma.han]
remaja,/rəˈmad͡ʒa/
remaja,[rəˈma.d͡ʒa]
remanen,[reˈma.nɛn]
remas,/rə.ˈmas/
rembang,/rəmˈbaŋ/
rembang,[rəmˈbaŋ]
rembes,/rəmˈbəs/
rembes,/ˈrɛmbəs/
rembes,/ˈrɛmbɛs/
rembesan,/rəmbəsˈan/
rembulan,/rəmˈbulan/
rembulan,[rəmˈbu.lan]
remedi,[reˈmed̪i]
remedi,[rəˈmed̪i]
remedi,[rɛməˈd̪i]
remedial,/rɛməˈdial/
remedial,[rɛ.məˈdi.al]
remetuk,/ˈrəmətuk/
remetuk,[ˈrə.mə.t̪ʊk̚]
remi,[ˈrɛmi]
remisi,[rɛˈmisi]
remiten,/reˈmitɛn/
remiten,[reˈmi.t̪ɛn]
rempah,/rəmˈpah/
rempah,[rəmˈpah]
rempah-rempah,/rəmˌpah rəmˈpah/
rempah-rempah,[rəmˌpah rəmˈpah]
rempah-rempahi,/rəmˌpah rəmˈpahi/
rempah-rempahi,[rəmˌpah rəmˈpa.hi]
rempela,[rəmpəˈla]
remunerasi,[remunəˈrasi]
renaisans,/rəˈnai̯sans/
renaisans,[rəˈnai̯.sans]
renang,/rəˈnaŋ/
renang,[rəˈnaŋ]
rencah,/rənˈt͡ʃah/
rencah,[rəɲˈt͡ʃah]
rencana,[rənˈt͡ʃana]
rencana induk,/rənˌt͡ʃa.na ˈin.duk/
rencana induk,[rəɲˌt͡ʃa.na ˈin.dʊk̚]
rencana pelajaran,/rənˈt͡ʃana pəlaˈd͡ʒaran/
rencanakan,/rənt͡ʃaˈnakan/
rencanakan,[rəɲ.t͡ʃaˈna.kan]
rencang,/rən.ˈt͡ʃaŋ/
renda,[ˈrɛnd̪a]
rendah,/rənˈdah/
rendah,[rənˈdah]
rendah hati,/rənˌdah ˈhati/
rendah hati,[rənˌdah ˈha.t̪i]
rendahan,/rənˈdahan/
rendahan,[rənˈda.han]
rendahkan,/rənˈdahkan/
rendahkan,[rənˈdah.kan]
rendang,[rənˈdaŋ]
rendemen,/rɛn.də.ˈmɛn/
renggang,/rəŋˈɡaŋ/
renggang,[rəŋˈɡaŋ]
rengo,/ren.ɡo/
renjana,/rənˈd͡ʒana/
renjana,[rəɲˈd͡ʒa.na]
renjat,[rənˈd͡ʒat̚]
renjatan,[rənˈd͡ʒat̚an]
renovasi,/rɛnoˈvasi/
renovasi,[rɛ.noˈfa.si]
renstra,/ˈrɛns.tra/
renstra,[ˈrɛns.t̪ra]
renta,/rənˈta/
renta,/ˈrɛnta/
rentang,/rənˈtaŋ/
rentang,/ˈrɛntaŋ/
rente,/ˈrɛntə/
rente,[ˈren̪.t̪ə]
renten,/ˈrɛntən/
renten,[ˈren̪.t̪ən]
rentenir,[rɛn.təˈnɪr]
rentetan,/ˈrəntətan/
rentetan,[ˈrən̪.t̪ə.t̪an]
renvoi,/ˈrɛn.voi̯/
renvoi,[ˈren.foi̯]
renyah,/rəˈɲah/
renyah,[rəˈɲah]
reparasi,/repaˈrasi/
reparasi,[re.paˈra.si]
repatriasi,[repat̚ˈriasi]
repertoar,/repərˈtoar/
repertoar,[re.pərˈt̪o.ar]
repetisi,[repəˈtisi]
replik,[ˈrɛplɪk]
replika,[rɛˈplika]
replikasi,/rɛpliˈkasi/
replikasi,[rɛp̚.liˈka.si]
replikon,/reˈplikon/
replikon,[reˈpli.kɔn]
reportase,[re.pɔrˈta.sə]
representasi,[reprəsɛnˈt̪asi]
represi,/re.ˈpre.si/
represif,/re.ˈpre.sɪf/
reproduksi,/reproˈdʊksi/
reptil,[ˈrɛp̚t̪ɪl]
republik,/reˈpublik/
republik,[reˈpu.blɪk̚]
republik ceko,/reˌpublik ˈt͡ʃɛko/
republik ceko,[reˌpu.blɪk̚ ˈt͡ʃɛ.ko]
republik demokratik kongo,/reˌpu.blik de.moˌkra.tik ˈkoŋ.ɡo/
republik demokratik kongo,[reˌpu.blɪk̚ de.moˌkra.t̪ɪk̚ ˈkoŋ.ɡo]
republik filipina,/reˌpublik filiˈpina/
republik filipina,[reˌpu.blɪk̚ fi.liˈpi.na]
republik indonesia,/reˌpu.blik in.do.neˈsi.a/
republik indonesia,[reˌpu.blɪk̚ in.do.neˈsi.a]
republik rakyat demokratik korea,/reˌpu.blik ˌrak.jat de.moˌkra.tik koˈrɛ.a/
republik rakyat demokratik korea,[reˌpu.blɪk̚ ˌrak̚.jat̪̚ de.moˌkra.t̪ɪk̚ koˈrɛ.a]
republik rakyat tiongkok,/reˌpublik ˌrakjat tiˈoŋkok/
republik rakyat tiongkok,[reˌpu.blɪk̚ ˌrak̚.jat̪̚ t̪iˈoŋ.kɔk̚]
republik tiongkok,/reˌpublik tiˈoŋkok/
republik tiongkok,[reˌpup̚.lɪk̚ t̪iˈoŋ.kɔk̚]
republikan,[repʊpˈlɪkan]
republikanisme,/rəpublikaˈnismə/
republikanisme,[rə.pup̚.li.kaˈnis.mə]
republiken,[repʊpˈlɪken]
reputasi,/repuˈtasi/
rerata,[rəˈrat̪a]
rerata harmonik,/rə.ˈra.ta har.ˈmo.nɪk/
rerataan,/rəraˈtaan/
rerataan,[rə.raˈt̪a.(ʔ)an]
resam,/rə.ˈsam/
resapan,/rə.ˈsap.an/
resensi,[rɛˈsɛnsi]
resentralisasi,/rəsəntraliˈsasi/
resentralisasi,[rə.sən̪.t̪ra.liˈsa.si]
resep,/rəˈsɛp/
resepsi,[rəˈsɛpsi]
reseptor,/reˈsɛptor/
reseptor,[reˈsɛp̚.t̪ɔr]
reserse,[rəˈsɛrsə]
reservasi,/rə.sərˈva.si/
reservasi,[rə.sərˈfa.si]
reserve,[rəˈser.və]
reservoir,/resərˈfoar/
reservoir,/rəsɛrˈfoɪr/
reses,/ˈre.sɛs/
resesi,/rɛˈsɛsi/
resi,[rəˈsi]
resi,[rɛsi]
residen,/reˈsidɛn/
residen,[reˈsi.dɛn]
residensi,/resiˈdɛnsi/
residensi,[re.siˈden.si]
residensial,/abonəmɛn/
residivis,[rɛsiˈdivɪs]
residu,/re.ˈsi.du/
resik,/rəˈsik/
resik,[rəˈsɪk̚]
resiko,[reˈsi.ko]
resiliensi,/resiliˈɛnsi/
resiliensi,[re.si.liˈɛn.si]
resimen,/reˈsimɛn/
resimen,[reˈsi.mɛn]
resistans,/reˈsɪstans/
resistansi,/resɪsˈtansi/
resistensi,/resɪsˈtɛnsi/
resistor,/reˈsɪstɔr/
resleting,/res.lɛ.tiŋ/
resmi,/rəs.mi/
resolusi,[resoˈlusi]
resonansi,/re.so.ˈnan.si/
resor,[ˈresɔr]
resorpsi,/reˈsɔrpsi/
respek,[ˈrɛspɛk]
respirasi,[rɛspiˈrasi]
responden,/rɛsˈpɔndɛn/
respons,[ˈrɛs.pɔns]
responsi,[rɛsˈpɔnsi]
responsif,/rɛsˈponsif/
responsif,[rɛsˈpon.sɪf]
responsorium,/rɛsponsoˈrium/
responsorium,[rɛs.pon.soˈri.ʊm]
restan,[ˈrɛs.tan]
restitusi,/rɛstiˈtusi/
restitusi,[rɛs.t̪iˈt̪u.si]
restoran,/resˈtoran/
restoran,[resˈt̪o.ran]
restorasi,/restoˈrasi/
restorasi,[res.t̪oˈra.si]
restriksi,[rɛsˈtrɪksi]
restrukturisasi,/re.strʊk.tʊr.i.ˈsa.si/
resu,[rəˈsu]
resume,/reˈsume/
resume,[reˈsu.me]
resusitasi,/resusitasi/
retail,/reˈtail/
retail,[reˈt̪a.ɪl]
retak,/rəˈtak/
retak,[rəˈt̪ak̚]
retas,/rəˈtas/
retensi,/rə.tɛn.si/
retina,/reˈtina/
retina,[reˈt̪i.na]
retinoblastoma,/retinoblasˈtoma/
retinoblastoma,[re.t̪i.nop̚.lasˈt̪o.ma]
retorika,/retoˈrika/
retoris,/reˈtorɪs/
retorsi,[reˈtorsi]
retret,/ˈrɛtrɛt/
retret,[ˈrɛt̪̚.rɛt̪̚]
retribusi,/rɛtriˈbusi/
retribusi,[rɛt̪̚.riˈbu.si]
retur,[ˈre.tʊr]
reumatik,/reuˈmatik/
reumatik,[re.uˈma.t̪ɪk̚]
revetmen,/reˈvɛtmɛn/
revetmen,[reˈfɛt̪̚.mɛn]
revisi,[reˈvi.si]
reviu,/ˈrɛviu̯/
reviu,[ˈrɛ.fiu̯]
revolusi,[revoˈlusi]
revolusioner,/revolusiˈoner/
revolusioner,[re.fo.lu.siˈo.nɛr]
rewel,/ˈrɛwɛl/
rewel,[ˈrɛ.wɛl]
rezeki,/rə.zə.ˈki/
rezim,[ˈrɛ.zɪm]
rg,/ˈɛr.ɡe/
rg,[ˈɛr.ɡe]
ri,/ˈɛr.i/
ri,[ˈɛr.i]
riadat,/riˈadat̚/
rial,/ˈrial/
rial,[ˈri.al]
rianti,/riˈ(j)anti/
riba,/ˈriba/
riba,[ˈri.ba]
riben,[ˈri.bɛn]
ribosom,/riˈbosɔm/
ribu,/ˈribu/
ribu,[ˈri.bu]
ribu-ribu,/ˌribu ˈribu/
ribu-ribu,[ˌri.bu ˈri.bu]
ribuan,/riˈbu.an/
ribut,/ˈri.but/
ribut,[ˈri.bʊt̪̚]
rica,/ˈrit͡ʃa/
rica,[ˈri.t͡ʃa]
rida,/ri.dɔ/
rida,/ˈri.da/
rig,/ˈriɡ/
rig,[ˈrɪk̚]
riil,[ˈri.ɪl]
rijsttafel,/rɛi̯stafəl/
rijsttafel,/rɛstafəl/
rileks,[ˈri.lɛks]
rilis,/ˈri.lɪs/
rilisan,/riˈli.san/
rim,/ˈrim/
rim,[ˈrim]
rinci,/ˈrint͡ʃi/
rinci,[ˈriɲ.t͡ʃi]
rindang,/ˈrɪndaŋ/
rindu,[ˈrin.du]
ring,[ˈrɪŋ]
ringan,/ˈriŋan/
ringan,[ˈri.ŋan]
ringan tangan,/ˌriŋan ˈtaŋan/
ringan tangan,[ˌri.ŋan̪ ˈt̪a.ŋan]
ringgit,[ˈrɪŋɡɪt̚]
ringkas,/ˈrɪŋkas/
rintih,/ˈrintih/
rintih,[ˈrin̪.t̪ɪh]
rintis,/ˈrintis/
rintis,[ˈrin̪.t̪ɪs]
riol,/ˈri.ɔl/
rip,/ɛrˈi.pe/
rip,[ɛrˈi.pe]
risalah,/riˈsalah/
risalah rapat,/ri.ˈsa.lah ˈra.pat/
riset,[ˈri.sət̚]
riset operasi,/ˈri.sɛt ɔpə.ˈra.si/
risiko,/riˈsiko/
risiko,[rɪˈsiko]
riskan,/ris.kan/
riskesdas,/ˈriskəsdas/
riskesdas,[ˈris.kəs.das]
risoto,/riˈsoto/
rit,/ˈrit/
rit,[ˈrɪt̪̚]
ritase,/riˈtasə/
ritase,[riˈt̪a.sə]
ritasi,/riˈtasi/
ritasi,[riˈt̪a.si]
ritel,[ˈritɛl]
ritme,[ˈrɪt̚mə]
ritsleting,/rit.slə.tiŋ/
ritsleting,/rits.lə.tiŋ/
ritsleting,/rits.slə.tiŋ/
ritus,[ˈri.tʊs]
riwayat,[riˈwajat̚]
riyal,/ˈrijal/
riyal,[ˈri.jal]
rkb,/ʔɛr ˈka bɛ/
rob,[ˈrɔp̚]
robek,/ˈsobɛk/
robek,[ˈso.bɛk̚]
roboh,/ˈroboh/
roboh,[ˈro.bɔh]
robot,/ˈrɔbɔt/
robot,[ˈrɔ.bɔt̪̚]
robotik,/roˈbo.tik/
robotik,[roˈbo.t̪ɪk̚]
robotika,/ro.boˈti.ka/
robotika,[ro.boˈt̪i.ka]
roda,/ˈroda/
roda,[ˈro.da]
roda gigi,/ˌroda ˈɡiɡi/
roda gigi,[ˌro.da ˈɡi.ɡi]
roda gila,[ˈroda ˈɡila]
roda rantai,/ˌroda ˈrantai̯/
roda rantai,[ˌro.da ˈran̪.t̪ai̯]
rodi,[ˈrod̪i]
rogoh,/ˈroɡoh/
rogoh,[ˈro.ɡɔh]
rogol,/ˈrɔ.ɡɔl/
roh,/ˈroh/
roh,[ˈrɔh]
roh kudus,/ˌroh ˈku.dus/
roh kudus,[ˌrɔh ˈku.dʊs]
rohani,/roˈhani/
rohani,[roˈha.ni]
rojol,/ˈrod͡ʒol/
rojol,[ˈro.d͡ʒɔl]
rok,[ˈrɔk]
rok mini,/ˌrok ˈmi.ni/
rok mini,[ˌrɔk̚ ˈmi.ni]
rokade,/roˈkadə/
rokok,/ˈrokoʔ/
rokok,[ˈro.kɔʔ]
rokum,/ˈrokum/
rokum,[ˈro.kʊm]
rol,[ˈrɔl]
rolade,[roˈlad̪ə]
roma,/ˈroma/
roma,[ˈro.ma]
roman,/ˈroman/
roman,[ˈro.man]
romansa,/roˈmansa/
romantik,/roˈmantik/
romantik,[roˈman̪.t̪ɪk̚]
romantika,/romanˈtika/
romantis,/roˈmantɪs/
rombak,/ˈrombaʔ/
rombak,[ˈrom.baʔ]
rombel,/ˈrombəl/
rombel,[ˈrom.bəl]
rombong,/ˈromboŋ/
rombong,[ˈrom.bɔŋ]
rombongan,/romˈboŋan/
rombongan,[romˈbo.ŋan]
rombongan belajar,/romˌbo.ŋan bəˈla.d͡ʒar/
rombongan belajar,[romˌbo.ŋan bəˈla.d͡ʒar]
romo,/ˈromo/
romo,[ˈrɔmɔ]
rompak,/ˈrompak/
rompak,[ˈrom.pak̚]
rompi,/ˈrompi/
rompi,[ˈrom.pi]
romusa,/roˈmusa/
romusa,[roˈmu.sa]
romusha,/roˈmusa/
romusha,/roˈmuʃa/
romusha,[roˈmu.sa]
romusha,[roˈmu.ʃa]
romusya,/ro.mu.ʃa/
rona,/ˈrona/
rona,[ˈro.na]
ronda,/ˈrɔnda/
ronda,[ˈron.da]
ronde,/ˈrɔnde/
ronde,/ˈrɔndə/
ronde,[ˈron.de]
ronde,[ˈron.də]
rondo,[ˈrɔnd̪o]
rongga,/ˈrɔŋ.ɡä/
ronggeng,/ˈroŋɡəŋ/
ronggeng,[ˈroŋ.ɡəŋ]
ronsen,/ˈrɔnsən/
rontal,[ˈrɔnt̪al]
rontgen,/ˈrɔnsən/
rontgen,/ˈrɔntɡən/
rontok,/ˈrontok/
rontok,/ˈrontoʔ/
rontok,[ˈron̪.t̪ɔk̚]
rontok,[ˈron̪.t̪ɔʔ]
rosario,[roˈsa.rio̯]
rosmarin,/rosˈmarin/
rosmarin,[rosˈma.rɪn]
rotan,/ˈro.tan/
rotasi,[roˈta.si]
roti,/ˈroti/
roti,[ˈro.t̪i]
roti canai,/ˌroti ˈt͡ʃanai̯/
roti canai,[ˌro.t̪i ˈt͡ʃa.nai̯]
rotor,/ˈrotor/
rotor,[ˈro.t̪ɔr]
rouks,/ˈrouks/
rouks,[ˈro.uks]
roya,/ˈroja/
roya,[ˈro.ja]
royal,/ˈrojal/
royal,[ˈro.jal]
royalti,/roˈjalti/
royalti,[roˈjal.t̪i]
rpp,[ɛ̆rˈpɛpɛ]
rrdk,/ɛr.ɛrˈdɛ.ka/
rrdk,[ɛr.ɛrˈdɛ.ka]
rri,/ɛrˈɛr.i/
rri,[ɛrˈɛr.i]
rs,/ɛr.ɛs/
rsj,[ɛrˈɛsd͡ʒe]
rsko,/ɛr.ɛs.ka.o/
rsu,[ɛrˈɛsu]
rsud,[ɛrɛsˈude]
rsup,[ɛrɛsˈupe]
rua,/ˈrua/
rua,[ˈru.a]
ruam,/ˈruam/
ruam,[ˈru.am]
ruang,/ˈruaŋ/
ruang bawah tanah,/ˌru.aŋ ˌba.wah ˈta.nah/
ruang bawah tanah,[ˌru.aŋ ˌba.wah ˈt̪a.nah]
ruang bersalin,/ˌru.aŋ bərˈsa.lin/
ruang bersalin,[ˌru.aŋ bərˈsa.lɪn]
ruang ganti,/ˌruaŋ ˈɡanti/
ruang ganti,[ˌru.aŋ ˈɡan̪.t̪i]
ruang imam,/ˌruaŋ ˈimam/
ruang imam,[ˌru.aŋ ˈi.mam]
ruang kelas,/ˈruaŋ kəˈlas/
ruang mati,/ˈru.aŋ ˈma.ti/
ruang muatan,[ˈruaŋ muˈatan]
ruang tunggu keberangkatan,/ˌru.aŋ ˌtuŋ.ɡu kə.bə.raŋˈka.tan/
ruang tunggu keberangkatan,[ˌru.aŋ ˌt̪uŋ.ɡu kə.bə.raŋˈka.t̪an]
ruangan,/ˈruaŋan/
ruas,/ˈruas/
ruas,[ˈru.as]
rubah,/ˈrubah/
rubah,[ˈru.bah]
rubanah,/ruˈba.nah/
rubanah,[ruˈba.nah]
rubela,/ruˈbɛ.la/
rubela,[ruˈbɛ.la]
rubrik,[ˈru.brɪk]
rudal,/ˈrudal/
rudal,[ˈru.dal]
rudapaksa,[rudaˈpak̚sa]
rudimenter,[rudiˈmɛntər]
rugi,[ˈruɡi]
rugul,/ˈru.ɡul/
ruh,/ˈruh/
ruh,[ˈrʊh]
ruhulkudus,/ru.hulˈku.dus/
ruhulkudus,[ru.hulˈku.dʊs]
rujak,/ˈrud͡ʒaʔ/
rujak,[ˈru.d͡ʒaʔ]
ruji,/ˈrud͡ʒi/
ruji,[ˈru.d͡ʒi]
rujuk,[ˈrud͡ʒʊk̚]
rujukan,[ruˈd͡ʒʊk̚an]
ruko,/ˈruko/
ruko,[ˈru.ko]
rukun,/ˈrukun/
rukun,[ˈru.kʊn]
rukun islam,/ˌru.kun ˈis.lam/
rukun islam,[ˌru.kʊn ˈis.lam]
rumah,/ˈrumah/
rumah,[ˈru.mah]
rumah agam,/ˌru.mah ˈa.ɡam/
rumah agam,[ˌru.mah ˈa.ɡam]
rumah kaca,/ˈrʊmah ˈkat͡ʃa/
rumah kantor,/ˈrumah ˈkantɔr/
rumah makan,/ˈru.mah ˈma.kan/
rumah pelacuran,[ˈrumah pəlaˈt͡ʃʊran]
rumah sakit,/ˌrumah ˈsakit/
rumah sakit,[ˌru.mah ˈsa.kɪt̪̚]
rumah sakit ibu dan anak,/ˌrumah ˌsakit ˌibu dan ˈanak/
rumah sakit ibu dan anak,[ˌru.mah ˌsa.kɪt̪̚ ˌi.bu dan ˈa.nak̚]
rumah sakit jiwa,/ˌrumah ˌsakit ˈd͡ʒiwa/
rumah sakit jiwa,[ˌru.mah ˌsa.kɪt̪̚ ˈd͡ʒi.wa]
rumah sakit lapangan,/ˌrumah ˌsakit laˈpaŋan/
rumah sakit lapangan,[ˌru.mah ˌsa.kɪt̪̚ laˈpa.ŋan]
rumah sakit umum,/ˌrumah ˌsakit ˈumum/
rumah sakit umum,[ˌru.mah ˌsa.kɪt̪̚ ˈu.mʊm]
rumah sakit umum daerah,/ˌrumah ˌsakit ˌumum daˈerah/
rumah sakit umum daerah,[ˌru.mah ˌsa.kɪt̪̚ ˌu.mʊm daˈe.rah]
rumah sakit umum pusat,/ˌrumah ˌsakit ˌumum ˈpusat/
rumah sakit umum pusat,[ˌru.mah ˌsa.kɪt̪̚ ˌu.mʊm ˈpu.sat̪̚]
rumah susun,/ˌrumah ˈsusun/
rumah susun,[ˌru.mah ˈsu.sʊn]
rumah tahanan,[ˈrumah taˈhanan]
rumah tangga,/ˌrumah ˈtaŋɡa/
rumah tangga,[ˌru.mah ˈt̪aŋ.ɡa]
rumah toko,/ˌrumah ˈtoko/
rumah toko,[ˌru.mah ˈt̪o.ko]
rumah tutupan,/ˈrumah tʊˈtʊpan/
rumahan,/ruˈmahan/
rumahan,[ruˈma.han]
rumahsakitkan,/rumahsaˈkitkan/
rumahsakitkan,[ru.mah.saˈkit̪̚.kan]
rumania,/ruˈmania̯/
rumatan,/ruˈmatan/
rumatan,[ruˈma.t̪an]
rumbia,/rumˈbia/
rumbia,[rumˈbi.a]
rumboter,[rʊmˈbo.tər]
ruminansia,/ru.mi.nanˈsi.a/
ruminansia,[ru.mi.nanˈsi.a]
ruminasi,/rumiˈnasi/
ruminasi,[ru.miˈna.si]
rumit,/ˈrumit/
rumit,[ˈru.mɪt̪̚]
rumkit,/ˈrum.kit/
rumkit,[ˈrum.kɪt̪̚]
rumpun,/ˈrumpun/
rumpun,[ˈrum.pʊn]
rumput,/ˈrʊmpʊt̚/
rumus,/ˈrumʊs/
runcing,/ˈruɲ.t͡ʃɪŋ/
runcingkan,/runˈt͡ʃiŋkan/
runcingkan,[ruɲˈt͡ʃiŋ.kan]
runding,/ˈrundiŋ/
runding,[ˈrun.dɪŋ]
runduk,/ˈrʊn.dʊʔ/
rungu,/ˈruŋu/
rungu,[ˈru.ŋu]
runjung,/ˈrund͡ʒuŋ/
runjung,[ˈruɲ.d͡ʒʊŋ]
runjungan,/runˈd͡ʒuŋan/
runjungan,[ruɲˈd͡ʒu.ŋan]
runtuh,/ˈruntuh/
runtuh,[ˈrun̪.t̪ʊh]
runtut,/ˈruntut/
runtut,[ˈrun̪.t̪ʊt̪̚]
rupa,[ˈru.pa]
rupanya,/ruˈpaɲa/
rupanya,[ruˈpa.ɲa]
rupiah,/ruˈpi.ah/
ruptur,[ˈrʊp.tʊr]
rusa,/ˈrusa/
rusa,[ˈru.sa]
rusak,/ˈrusak/
rusak,/ˈrusaʔ/
rusak,[ˈru.sak̚]
rusak,[ˈru.saʔ]
rusia,/ruˈsia/
rusia,[ruˈsi.a]
rusuh,/ˈrusuh/
rusuh,[ˈru.sʊh]
rusuk,/ˈrusuk/
rusuk,[ˈru.sʊk̚]
rusun,/ˈru.sun/
rusun,[ˈru.sʊn]
rusunami,/ru.suˈna.mi/
rusunami,[ru.suˈna.mi]
rusunawa,/ru.suˈna.wa/
rusunawa,[ru.suˈna.wa]
rut,/ˈrut/
rut,[ˈrʊt̪̚]
rutan,/ˈrutan/
rutan,[ˈru.t̪an]
rute,[ˈrutə]
rutin,[ˈrutɪn]
ruu,/ɛrˈu.u/
ruu,[ɛrˈu.(ʔ)u]
s,/ɛs/
s'lalu,/sla.lu/
sa,/sa/
saat,/ˈsaat/
saat,[ˈsa.(ʔ)at̪̚]
saba,[ˈsaba]
sabar,/ˈsabar/
sabat,/ˈsabat/
sabat,[ˈsa.bat̪̚]
sabda,[ˈsap̚da]
saber,/ˈsabər/
saber,[ˈsa.bər]
saber pungli,/ˌsa.bər ˈpuŋ.li/
saber pungli,[ˌsa.bər ˈpuŋ.li]
sabet,/ˈsabət/
sabet,[ˈsa.bət̪̚]
sabi,/sa.bi/
sabit,/ˈsabit/
sabit,[ˈsa.bɪt̪̚]
sabitah,[saˈbi.t̪ah]
sabitan,/sa.ˈbɪt̚.an/
sablon,[ˈsablɔn]
sabo,/sa.bo/
sabotase,[saboˈtasə]
sabrina,/ˈsabrina/
sabtu,/ˈsabtu/
sabtu,[ˈsap̚.t̪u]
sabu-sabu,/ˈsabu ˈsabu/
sabuk,/ˈsabuk/
sabuk,[ˈsa.bʊk̚]
sabun,/ˈsabun/
sabun,[ˈsa.bʊn]
sabung,/sa.bʊŋ/
sabur,/ˈsabur/
sabur,[ˈsa.bʊr]
sadar,/ˈsadar/
sadar,[ˈsa.dar]
sadari,/saˈdari/
sadari,[saˈda.ri]
sadel,[ˈsadəl]
sadeu,/ˈsadɘ/
sadir,/ˈsadɪr/
sadis,[ˈsadɪs]
sadisme,/saˈdismə/
sadisme,[saˈdis.mə]
sado,[ˈsad̪o]
sadu,/sa.du/
saf,/ˈsaf/
saf,[ˈsaf]
safar,/ˈsafar/
safar,[ˈsa.far]
safari,/saˈfari/
safari,[saˈfa.ri]
safir,[ˈsafɪr]
safira,/ˈsafira/
saga,/ˈsaɡa/
saga,[ˈsa.ɡa]
sagu,/saˈɡu/
sah,[ˈsah]
sahabat,/saˈhabat/
sahabat,[saˈha.bat̪̚]
sahaja,[saˈhad͡ʒa]
saham,[ˈsa.ham]
saham beredar,/ˌsaham ˈbərədar/
saham beredar,[ˌsa.ham ˈbə.rə.dar]
sahang,[ˈsahaŋ]
sahara,[sahara]
sahaya,/saˈhaja/
sahaya,[saˈha.ja]
sahih,[sahɪh]
sahur,[sahʊr]
sahut,/ˈsahut/
sahut,[ˈsa.hʊt̪̚]
sahuti,/saˈhu.ti/
saifuddin,/sajˈfu.din/
saifuddin,[sai̯ˈfu.dɪn]
saifullah,/sajˈfu.lah/
saifullah,[sai̯ˈfu.lah]
saing,/ˈsa.ɪŋ/
saingan,/saˈiŋan/
saingan,[saˈi.ŋan]
saingi,/saˈiŋi/
saingi,[saˈi.ŋi]
sains,[ˈsa.ɪns]
saintifik,[saɪnˈtifɪk]
sair,/ˈsaʔir/
sair,[ˈsa.ʔɪr]
sais,[ˈsaɪs]
saja,/ˈsad͡ʒa/
saja,[ˈsa.d͡ʒa]
sajadah,[saˈd͡ʒad̪ah]
sajak,/ˈsad͡ʒak/
sajak,[ˈsa.d͡ʒak̚]
sajam,/ˈsa.d͡ʒam/
sajam,[ˈsa.d͡ʒam]
sajang,/ˈsad͡ʒaŋ/
sajang,/ˈsajaŋ/
sajang,[ˈsa.d͡ʒaŋ]
sajang,[ˈsa.jaŋ]
sajen,[ˈsa.d͡ʒɛn]
sajeng,/ˈsad͡ʒəŋ/
sajeng,[ˈsa.d͡ʒəŋ]
saji,/ˈsad͡ʒi/
saji,[ˈsa.d͡ʒi]
sajian,[saˈd͡ʒian]
sak,[ˈsak]
saka,/ˈsaka/
saka,[ˈsa.ka]
sakar,/ˈsakar/
sakar,[ˈsa.kar]
sakau,/ˈsakau̯/
sakau,[ˈsa.kau̯]
sake,/ˈsake/
sake,[ˈsa.ke]
sakelar,/ˈsakəlar/
sakelar,[ˈsa.kə.lar]
sakelek,[sa.kəˈləʔ]
saki,/ˈsaki/
saki,[ˈsa.ki]
sakinah,/saˈkinah/
sakinah,[saˈki.nah]
saking,/ˈsakiŋ/
saking,/ˈsaŋkiŋ/
saking,[ˈsa.kɪŋ]
saking,[ˈsaŋ.kɪŋ]
sakip,/ˈsakɪp̚/
sakit,/ˈsakit/
sakit,[ˈsa.kɪt̪̚]
saklek,[ˈsaklək]
sakral,/ˈsak.ral/
sakral,[ˈsak̚.ral]
sakramen,/saˈkramɛn/
sakramen,[saˈkra.mɛn]
sakramentalia,/sakramɛntaˈlia/
sakramentalia,[sa.kra.mɛn̪.t̪aˈli.a]
sakrilegi,[sak.riˈle.ɡi]
sakristi,[sak.ˈrɪs.ti]
saksama,[sakˈsa.ma]
saksi,[ˈsaksi]
saksi baptis,/ˌsaksi ˈbaptis/
saksi baptis,[ˌsak̚.si ˈbap̚.t̪ɪs]
saksi mata,/ˌsaksi ˈmata/
saksi mata,[ˌsak̚.si ˈma.t̪a]
saksi yehuwa,/ˌsaksi jəˈhuwa/
saksi yehuwa,[ˌsak̚.si jəˈhu.wa]
saksi-saksi yehuwa,/ˌsaksi ˌsaksi jəˈhuwa/
saksi-saksi yehuwa,[ˌsak̚.si ˌsak̚.si jəˈhu.wa]
saksofon,[sakˈsɔfɔn]
sakti,/sak.ti/
saku,[ˈsa.ku]
sakura,[saˈkura]
sal,/sal/
sala,/sala/
salad,/ˈsalad/
salad,[ˈsa.lat̪̚]
salah,/ˈsalah/
salah,[ˈsa.lah]
salah guna,[ˈsalah ˈɡuna]
salah kaprah,/ˌsa.lah ˈkap.rah/
salah kaprah,[ˌsa.lah ˈkap̚.rah]
salah paham,/salah paham/
salah tafsir,/ˌsa.lah ˈtaf.sir/
salah tafsir,[ˌsa.lah ˈt̪af.sɪr]
salah-salah,/ˌsalah ˈsalah/
salah-salah,[ˌsa.lah ˈsa.lah]
salam,/ˈsalam/
salat,[ˈsalat̚]
salat,[ˈsɔlat̚]
salat,[ˈsˤɑlat̚]
salatri,/salatri/
saldo,[ˈsal.do]
salep,[ˈsaləp̚]
salfok,/ˈsalfok/
salfok,[ˈsal.fɔk̚]
salib,/ˈsalib/
salib,[ˈsa.lɪp̚]
salihah,[saˈlihah]
salim,/ˈsalim/
salim,[ˈsa.lɪm]
salin,/ˈsalin/
salin,[ˈsa.lɪn]
salin tempel,/ˌsalin ˈtɛmpɛl/
salin tempel,[ˌsa.lɪn̪ ˈt̪em.pɛl]
salinan sesuai aslinya,/saˌlinan səˌsuai̯ asˈliɲa/
salinan sesuai aslinya,[saˌli.nan səˌsu.ai̯ asˈli.ɲa]
salindia,/salinˈdia/
salindia,[sa.linˈdi.a]
saling bertindak,/ˌsaliŋ bərˈtindak/
saling bertindak,[ˌsa.lɪŋ bərˈt̪in.dak̚]
salip,/ˈsalip/
salip,[ˈsa.lɪp̚]
salir,/ˈsalir/
salir,[ˈsa.lɪr]
saliwah,/saˈliwah/
saliwah,[saˈli.wah]
salju,/ˈsald͡ʒu/
salju,[ˈsal.d͡ʒu]
salon,/ˈsalon/
salon,[ˈsa.lɔn]
salpeter,/sal.pɛ.tər/
salsabila,/ˈsalsabila/
salting,/ˈsaltiŋ/
salting,[ˈsal.t̪ɪŋ]
salto,/ˈsalto/
salto,[ˈsal.t̪o]
saluran,/saˈluran/
saluran,[saˈlu.ran]
salut,[ˈsalʊt]
salut biji,/ˌsalut ˈbid͡ʒi/
salut biji,[ˌsa.lʊt̪̚ ˈbi.d͡ʒi]
sama,/ˈsama/
sama,[ˈsa.ma]
sama sekali,/ˌsama səˈkali/
sama sekali,[ˌsa.ma səˈka.li]
sama-sama,/ˌsa.ma ˈsa.ma/
sama-sama,[ˌsa.ma ˈsa.ma]
samak,/ˈsamak/
samak,[ˈsa.mak̚]
samapta,[saˈmap.ta]
samaran,/saˈma.ran/
samarinda,/samaˈrɪnda/
samaritu,/samaˈritu/
samaritu,[sa.maˈri.t̪u]
samawa,/saˈmawa/
samawa,[saˈma.wa]
sambal,/ˈsambal/
sambal,[ˈsam.bal]
sambar,/ˈsambar/
sambar,[ˈsam.bar]
sambaran,/samˈbaran/
sambaran,[samˈba.ran]
sambil,/ˈsambil/
sambil,[ˈsam.bɪl]
sambilan,[sam.ˈbɪl.an]
samboja,/samˈbɔdʒa/
sambung,[ˈsambʊŋ]
sambungan,/sam.ˈbʊŋ.an/
sambut,/ˈsambut/
sambut,[ˈsam.bʊt̪̚]
sambutan,/samˈbutan/
sambutlah,/samˈbutlah/
sambutlah,[samˈbut̪̚.lah]
samcan,/sam.t͡ʃan/
sami,/ˈsami/
sami,[ˈsa.mi]
samling,/ˈsamliŋ/
samling,[ˈsam.lɪŋ]
samosa,[saˈmosa]
sampah,/ˈsampah/
sampai,/sampai̯/
sampai jumpa,/ˌsampai̯ ˈd͡ʒumpa/
sampai jumpa,[ˌsam.pai̯ ˈd͡ʒum.pa]
sampai titik darah penghabisan,/ˌsam.pai̯ ˌti.tik ˌda.rah pəŋ.haˈbi.san/
sampai titik darah penghabisan,[ˌsam.pai̯ ˌt̪i.t̪ɪk̚ ˌda.rah pəŋ.haˈbi.san]
sampaikan,/sampai̯.kan/
sampailah,/samˈpai̯lah/
sampailah,[samˈpai̯.lah]
sampaku,[samˈpaku]
sampan,/ˈsampan/
sampan,[ˈsam.pan]
sampang,/ˈsampaŋ/
sampang,[ˈsam.paŋ]
sampanye,[samˈpa.ɲə]
sampel,/ˈsampəl/
sampel,[ˈsam.pəl]
samper,/sampər/
sampir,/ˈsampɪr/
sampling,/ˈsamplɪŋ/
sampo,[ˈsampo]
sampul,/ˈsampul/
sampuli,/samˈpuli/
samsat,/ˈsamsat/
samsat,[ˈsam.sat̪̚]
samsek,/sam.sək/
samseng,/ˈsamsəŋ/
samseng,/ˈsamsɛŋ/
samseng,[ˈsam.səŋ]
samseng,[ˈsam.sɛŋ]
samsu,[ˈsamsu]
samudra,/saˈmudra/
samudra,[saˈmut̪̚.ra]
samudra antarktika,/saˌmud.ra an.tarˈti.ka/
samudra antarktika,[saˌmut̪̚.ra an̪.t̪arˈt̪i.ka]
samudra antartika,/saˌmudra antarˈtika/
samudra antartika,[saˌmu.dra an̪.t̪arˈt̪i.ka]
samudra pasifik,/saˌmudra paˈsifik/
samudra pasifik,[saˌmu.dra paˈsi.fɪk̚]
samurai,/sa.mu.rai/
sana,/ˈsana/
sana,[ˈsa.na]
sana sini,/ˌsana ˈsini/
sana sini,[ˌsa.na ˈsi.ni]
sanak,/sa.naʔ/
sanak saudara,/ˌsanaʔ sau̯ˈdara/
sanak saudara,[ˌsa.naʔ sau̯ˈda.ra]
sanawiah,/sanaˈwiah/
sancan,/san.t͡ʃan/
sancan,/saɲ.t͡ʃan/
sandang,/ˈsandaŋ/
sandar,/ˈsandar/
sandera,/ˈsandəra/
sandera,[ˈsan.də.ra]
sandi,[ˈsandi]
sandi kata,[ˈsand̪i ˈkat̪a]
sandiwara,[sand̪iˈwara]
sandung,/ˈsandʊŋ/
sangat,/ˈsaŋat/
sangat,[ˈsa.ŋat̪̚]
sangatta,/saˈŋata/
sange,/ˈsa.ŋe(ʔ)/
sangga,/ˈsaŋɡa/
sangga,[ˈsaŋ.ɡa]
sanggah,/ˈsaŋɡah/
sanggah,[ˈsaŋ.ɡah]
sanggama,[saŋˈɡama]
sanggar,/ˈsaŋɡar/
sanggar,[ˈsaŋ.ɡar]
sanggar kerja,/ˈsaŋ.ɡar kər.ˈd͡ʒa/
sanggul,/saŋ.ɡʊl/
sanggup,/ˈsaŋɡup/
sanggup,[ˈsaŋ.ɡʊp̚]
sangha,/ˈsaŋha/
sangha,[ˈsaŋ.ha]
sangjit,/ˈsaŋd͡ʒit/
sangjit,[ˈsaŋ.d͡ʒɪt̪̚]
sangka,/saŋ.ka/
sangkakala,/saŋkaˈkala/
sangkakala,[saŋ.kaˈka.la]
sangkalputung,/saŋkalˈputuŋ/
sangkalputung,[saŋ.kalˈpu.t̪ʊŋ]
sangkut,/ˈsaŋkut/
sangkut,[ˈsaŋ.kʊt̪̚]
sangrai,/ˈsaŋrai̯/
sangrai,[ˈsaŋ.rai̯]
sangria,/saŋ.ˈri.a/
sangsi,/saŋ.si/
sangu,[ˈsaŋu]
sanitarian,/sanitaˈrian/
sanitarian,[sa.ni.t̪aˈri.an]
sanitasi,[saniˈt̪asi]
sanjak,/ˈsand͡ʒak/
sanjak,[ˈsaɲ.d͡ʒak̚]
sanjang,/ˈsand͡ʒaŋ/
sanjang,[ˈsaɲ.d͡ʒaŋ]
sanksi,/saŋ.si/
sanskerta,/ˈsanskərta/
sanskerta,[ˈsans.kər.t̪a]
santa,[ˈsan.ta]
santai,/ˈsantai̯/
santai,[ˈsan̪.t̪ai̯]
santan,[ˈsantan]
santap,/ˈsan.tap̚/
santapan,/san.tapan/
santer,/ˈsantər/
santiaji,/santiˈad͡ʒi/
santiaji,[san̪.t̪iˈa.d͡ʒi]
santo,/ˈsanto/
santo,[ˈsan̪.t̪o]
santri,[ˈsantri]
santun,/ˈsantun/
santun,[ˈsan̪.t̪ʊn]
sanubari,/sanuˈbari/
sanubari,[sa.nuˈba.ri]
sanyoko,/saˈɲoko/
sanyoko,[saˈɲo.ko]
sanyono,/saˈɲono/
sanyono,[saˈɲo.no]
sap,/ɛsˈa.pe/
sap,/ˈsap/
sap,[ɛsˈa.pe]
sap,[ˈsap̚]
sapa,/ˈsa.pa/
sapaan,/saˈpaan/
sapaan,[saˈpa.(ʔ)an]
saparyati,/sapaˈrjati/
saparyati,[sa.paˈrja.t̪i]
sapi,/ˈsa.pi/
sapi benggala,/ˌsapi bəŋˈɡala/
sapi benggala,[ˌsa.pi bəŋˈɡa.la]
sapir,[ˈsapɪr]
sapo,[ˈsapo]
sapta-,/sapta/
sapu,/ˈsa.pu/
sapukan,/saˈpukan/
sapukan,[saˈpu.kan]
saputangan,/ˈsäpuˌtäŋan/
sara,/ˈsara/
sara,[ˈsa.ra]
saraf,[ˈsaraf]
sarah,/ˈsarah/
sarah,[ˈsa.rah]
saran,[ˈsa.ran]
sarana,/saˈrana/
sarana,[saˈra.na]
sarang,/ˈsaraŋ/
sarang,[ˈsa.raŋ]
sarap,[ˈsarap̚]
sarapan,/saˈrapan/
sarapan,[saˈra.pan]
sarasehan,/sa.ra.ˈsɛh.an/
sarawak,/saˈrawaʔ/
sarawak,/səˈrawaʔ/
sarden,/ˈsardɛn/
sareh,/ˈsarɛh/
sareh,[ˈsa.rɛh]
sarekat,/saˈrekat/
sarekat,[saˈre.kat̪̚]
saren,[ˈsarɛn]
sarhono,/sarˈhono/
sarhono,[sarˈho.no]
sarhunta,/sarˈhun.ta/
sarhunta,[sarˈhun̪.t̪a]
sari,/ˈsari/
sari,[ˈsa.ri]
sari,[ˈsari]
sari kata,/ˌsari ˈkata/
sari kata,[ˌsa.ri ˈka.t̪a]
saring,[ˈsarɪŋ]
sarira,[saˈrira]
sarjana,/sarˈd͡ʒana/
sarjana,[sarˈd͡ʒa.na]
sarjana muda,[ˈsar.d͡ʒa.naˈmu.da]
sarjana sains,/sarˌd͡ʒana ˈsains/
sarjana sains,[sarˌd͡ʒa.na ˈsa.ins]
sarjana terapan,/sarˌd͡ʒa.na təˈra.pan/
sarjana terapan,[sarˌd͡ʒa.na t̪əˈra.pan]
sarjana utama,/sarˌd͡ʒana uˈtama/
sarjana utama,[sarˌd͡ʒa.na uˈt̪a.ma]
sarkas,/ˈsarkas/
sarkasme,/sarˈkasmə/
sarkastis,/sarˈkastɪs/
sarmila,/sarˈmila/
sarmila,[sarˈmi.la]
sarpras,/ˈsarpras/
sarpras,[ˈsar.pras]
saru,[ˈsaru]
sarung,/ˈsaruŋ/
sarung,[ˈsa.rʊŋ]
sarung tangan,[ˈsarʊŋ ˈtaŋan]
sasak,/ˈsasak/
sasak,[ˈsa.sak̚]
sasana,/sa.sa.na/
sasar,/ˈsasar/
sasar,[ˈsa.sar]
sasaran,[saˈsaran]
saset,/ˈsasɛt/
sasi,[ˈsasi]
sasis,[ˈsasɪs]
sastra,/ˈsastra/
sastra,[ˈsas.t̪ra]
sastra klasik,[ˈsastra ˈklasɪk̚]
sasyimi,[saˈʃimi]
satah,/ˈsa.tah/
satah,[ˈsa.t̪ah]
satai,[ˈsatai̯]
sate,[ˈsate]
satelit,/satəˈlit/
satelit,[sa.t̪əˈlɪt̪̚]
satfung,/ˈsat.fuŋ/
satfung,[ˈsat̪̚.fʊŋ]
satgas,/ˈsatɡas/
satker,/ˈsatkər/
satker,[ˈsat̪̚.kər]
satlantas,/satˈlan.tas/
satlantas,[sat̪̚ˈlan̪.t̪as]
satori,/sa.to.ri/
satpam,/ˈsatpam/
satpam,[ˈsat̪̚.pam]
satpolair,/sat.poˈla.ir/
satpolair,[sat̪̚.poˈla.ɪr]
satpur,/ˈsatpur/
satpur,[ˈsat̪̚.pʊr]
satu,/ˈsatu/
satu,[ˈsa.t̪u]
satu arah,/ˌsa.tu ˈa.rah/
satu arah,[ˌsa.t̪u ˈ(ʔ)a.rah]
satuan,/saˈtuan/
satuan,[saˈt̪u.an]
satuan massa atom,/sa.ˈtu.an ˈma(s).sa ˈatɔm/
satuan tempur,/saˌtuan təmˈpur/
satuan tempur,[saˌt̪u.an̪ t̪əmˈpʊr]
satuan tugas,[saˈtuan ˈtuɡas]
satukan,/saˈtu.kan/
saturnus,/sa.ˈtʊr.nʊs/
satwa,/ˈsat̚wa/
saudade,/sau̯ˈdade/
saudade,[sau̯ˈda.de]
saudagar,[sau̯ˈda.ɡar]
saudara,/sau̯ˈdara/
saudara,[sau̯ˈda.ra]
saudara kandung,/sau̯.da.ra ˈkan.dʊŋ/
saudari,/sau̯dari/
saus,/ˈsaus/
saus,[ˈsa.ʊs]
sauvinis,[sauˈvinɪs]
sauvinisme,[sauviˈnɪsmə]
sawah,[ˈsawah]
sawi,[ˈsawi]
sawit,/ˈsawit/
sawit,[ˈsa.wɪt̪̚]
saya,/ˈsaja/
saya,[ˈsa.ja]
saya tidak peduli,/ˌsa.ja ˌti.dak pəˈdu.li/
saya tidak peduli,[ˌsa.ja ˌt̪i.dak̚ pəˈdu.li]
saya tidak punya uang,/ˌsa.ja ˌti.dak ˌpu.ɲa ˈu.aŋ/
saya tidak punya uang,[ˌsa.ja ˌt̪i.dak̚ ˌpu.ɲa ˈu.aŋ]
sayang,/ˈsajaŋ/
sayang,[ˈsa.jaŋ]
sayap,/ˈsajap/
sayap,[ˈsa.jap̚]
sayatan,/saˈjatan/
sayatan,[saˈja.t̪an]
sayembara,[sajəmˈbara]
sayonara,[sajoˈnara]
sayur,/sajur/
sbi,/ɛsˈbe.i/
sbi,[ɛsˈbe.i]
sbm,/ɛs.ˈbe.ɛm/
sbn,/ɛs.ˈbe.ɛn/
sby,/ɛsˈbe.je/
sby,[ɛsˈbe.je]
sda,/ɛsˈde.a/
sda,[ɛsˈde.a]
sdki,/ɛs.de.ka.i/
sdm,/ɛsˈde.ɛm/
sdm,[ɛsˈde.ɛm]
se,[ˈɛs.e]
se-,/sə/
se- -nya,/sə ɲa/
se7,/səˈtud͡ʒu/
se7,[səˈt̪u.d͡ʒu]
seakal,/səˈakal/
seakal,[səˈa.kal]
seakan-akan,/sə.a.kanˈa.kan/
seandainya,[səˈandai̯ɲa]
searah,/səˈa.rah/
searah,[səˈ(ʔ)a.rah]
searti,/səˈ(ʔ)ar.ti/
seayah,[səˈajah]
sebab,/səˈbab/
sebab,[səˈbap̚]
sebagai,/səˈbaɡai̯/
sebagai,[səˈba.ɡai̯]
sebagaimana,/sə.ba.ɡai̯ˈma.na/
sebagian,/səbaˈɡian/
sebagian,[sə.baˈɡi.an]
sebagus,/səˈbaɡus/
sebagus,[səˈba.ɡʊs]
sebagus-bagusnya,/səˌbaɡus baˈɡusɲa/
sebagus-bagusnya,[səˌba.ɡʊs baˈɡus.ɲa]
sebahasa,/səbaˈhasa/
sebahasa,[sə.baˈha.sa]
sebai,/səˈbai̯/
sebai,[səˈbai̯]
sebaik,/səˈba.ɪk/
sebaiknya,/səˈbai̯k.ɲa/
sebal,/səˈbal/
sebal,[səˈbal]
sebam,/səˈbam/
sebam,/ˈsebam/
sebam,[səˈbam]
sebam,[ˈse.bam]
sebangun,/səˈba.ŋʊn/
sebar,/səˈbar/
sebaran,/səˈbaran/
sebaran,[səˈba.ran]
sebarang,/səˈbaraŋ/
sebarang,[səˈba.raŋ]
sebarangan,/sə.baˈra.ŋan/
sebat,/səˈbat/
sebat,[səˈbat̪̚]
sebatang,/səˈbataŋ/
sebatang,[səˈba.t̪aŋ]
sebaya,/səˈbaja/
sebaya,[səˈba.ja]
sebeda,/səˈbɛ.da/
sebegitu,/səbəˈɡitu/
sebegitu,[sə.bəˈɡi.t̪u]
sebelah,/səbəˈlah/
sebelah,[sə.bəˈlah]
sebelum,/ˈsəbəlum/
sebelum,[ˈsə.bə.lʊm]
sebelum masehi,/ˌsəbəlum maˈsehi/
sebelum masehi,[ˌsə.bə.lʊm maˈse.hi]
sebelumnya,/sə.bəˈlum.ɲa/
sebentar,/sə.bənˈtar/
seberacun,/sə.bəˈra.tʃʊn/
seberhana,/səbərˈhana/
seberhana,[sə.bərˈha.na]
sebermoral,/səbərˈmoral/
seberserak,/səbərˈserak/
sebersyukur,/səbərˈʃukur/
sebesar,/səbəˈsar/
sebesar,[sə.bəˈsar]
sebijaksana,/sə.bi.dʒakˈsa.na/
sebulan,/səˈbulan/
sebulan,[səˈbu.lan]
sebut,/səˈbut/
sebut,[səˈbʊt̪̚]
sebutan,/sə.ˈbʊt.an/
sebuyut,/səˈbujut/
sebuyut,[səˈbu.jʊt̪̚]
secang,/sə.t͡ʃaŋ/
secanggung,/səˈt͡ʃaŋɡuŋ/
secanggung,[səˈt͡ʃaŋ.ɡʊŋ]
secantik,/səˈtʃan.tik/
secara,[səˈt͡ʃara]
secepat-cepatnya,/ˌsət͡ʃəpat t͡ʃəˈpatɲa/
secepat-cepatnya,[ˌsə.t͡ʃə.pat̪̚ t͡ʃəˈpat̪̚.ɲa]
secocok,[səˈtʃɔ.tʃɔk̚]
sedang,/səˈdaŋ/
sedang,[səˈdaŋ]
sedap,[səˈdap̚]
sedari,/səˈdari/
sedari,[səˈda.ri]
sedawa,/sə.da.wa/
sedekah,[səd̪əˈkah]
sedelinggam,/sədəˈliŋɡam/
sedelinggam,[sə.dəˈliŋ.ɡam]
sedenter,/seˈdentɛr/
sedenter,[seˈden̪.t̪ɛr]
sederajat,/sədəˈrad͡ʒat/
sederajat,[sə.dəˈra.d͡ʒat̪̚]
sederhana,/sədərˈhana/
sederhana,[sə.dərˈha.na]
sedia,/səˈdia/
sedia,[səˈdi.a]
sedih,/səˈdih/
sedih,[səˈdɪh]
sedikit,/səˈdi.kɪt̪̚/
sedimen,/seˈdimɛn/
sedimen,[seˈdi.mɛn]
sedimentasi,/sedimɛnˈtasi/
sedimentasi,[se.di.mɛn̪ˈt̪a.si]
sedot,/səˈdot/
sedot,[səˈdɔt̪̚]
sedot lemak,/sə.dɔt̚ ləˈmaʔ/
sedotan,/səˈdo.tan/
segala,[səˈɡala]
segan,/səˈɡan/
segan,[səˈɡan]
seganjen,/səˈɡaɲ.d͡ʒən/
segar,/səˈɡar/
segar,[səˈɡar]
segara,/səˈɡara/
segede gaban,/ˌsəɡəde ˈɡaban/
segede gaban,[ˌsə.ɡə.de ˈɡa.ban]
segel,/sɛɡəl/
segenap,/səɡəˈnap/
segenap,[sə.ɡəˈnap̚]
segera,/ˈsəɡəra/
segera,[ˈsə.ɡə.ra]
segi,[səˈɡi]
segitiga,/sə.ɡi.ti.ɡa/
segitu,/səˈɡitu/
segitu,[səˈɡi.t̪u]
segregasi,[sɛɡrɛˈɡasi]
segugup,/səˈɡu.ɡʊp̚/
seharian,/sə.haˈri.an/
seharian,[sə.haˈri.an]
seharusnya,/sə.ha.rusˈɲa/
sehat,/ˈsehat/
sehat,[ˈse.hat̪̚]
sehelai,/ˈsəhəlai̯/
sehelai,[ˈsə.hə.lai̯]
sehingga,/səˈhiŋ.ɡa/
sei beduk,/ˌsei̯ bəˈduk/
sei beduk,[ˌsei̯ bəˈdʊk̚]
seimbang,[səˈɪmbaŋ]
sein,/seɪ̯n/
seinendan,/sei̯ˈnendan/
seinendan,[sei̯ˈnen.dan]
seiras,/səˈiras/
seiras,[səˈi.ras]
seismik,/seˈismik/
seismik,[seˈis.mɪk̚]
seismolog,/seisˈmoloɡ/
seismolog,[se.isˈmo.lɔk̚]
seismologi,/seismoˈloɡi/
seismologi,[se.is.moˈlo.ɡi]
seismologiwan,/seismoloˈɡiwan/
seismologiwan,[se.is.mo.loˈɡi.wan]
seiyu,[ˈseiju]
sejahtera,/səˈd͡ʒahtəra/
sejahtera,[səˈd͡ʒah.t̪ə.ra]
sejak,[səˈd͡ʒak̚]
sejalan,/səˈdʒa.lan/
sejalang,/səˈdʒa.laŋ/
sejarah,[səˈd͡ʒarah]
sejarawan,/səd͡ʒaˈrawan/
sejarawan,[sə.d͡ʒaˈra.wan]
sejawat,/səˈd͡ʒawat/
sejawat,[səˈd͡ʒa.wat̪̚]
sejuk,/səˈd͡ʒuʔ/
sejuk,[səˈd͡ʒʊʔ]
seka,/səˈka/
seka,/ˈseka/
seka,[səˈka]
seka,[ˈse.ka]
sekadar,[səˈkad̪ar]
sekadar,[səˈkɐd̪ar]
sekak,/səˈkak/
sekak,[səˈkak̚]
sekakmat,/səˈkak.mat/
sekakmat,[səˈkak̚.mat̪̚]
sekala,[səˈkala]
sekali,/səˈkali/
sekali,[səˈka.li]
sekali pakai,/səˌka.li ˈpa.kai̯/
sekali pakai,[səˌka.li ˈpa.kai̯]
sekaligus,/səkaˈliɡus/
sekaligus,[sə.kaˈli.ɡʊs]
sekalung,/səˈka.lʊŋ/
sekam,/sə.ˈkam/
sekap,/səˈkap/
sekap,[səˈkap̚]
sekapitalis,/səkapiˈtalis/
sekar,[səˈkar]
sekarang,/səˈkaraŋ/
sekarang,/ˈskaraŋ/
sekarang,[səˈka.raŋ]
sekarang,[ˈska.raŋ]
sekarat,/səˈkarat/
sekarat,[səˈka.rat̪̚]
sekat,/sə.ˈkat̚/
sekatan,/sə.ˈkat.an/
sekaut,[səˈka.ʊt]
sekebaca,/səkəˈbat͡ʃa/
sekebaca,[sə.kəˈba.t͡ʃa]
sekedar,[səˈkəd̪ar]
sekehendak,/sə.kə.hənˈdaʔ/
seken,/ˈsɛkən/
seken,[ˈsɛ.kən]
sekeram,[səˈkɛram]
sekertaris,/sɛkərˈtaris/
sekertaris,[sɛ.kərˈt̪a.rɪs]
seketiduran,/sə.kə.tiˈdu.ran/
seketika,/səkəˈtika/
seketika,[sə.kəˈt̪i.ka]
sekian,/səˈkian/
sekian,[səˈki.an]
sekilwak,[səˈkɪl.wak]
sekip,[səˈkɪp̚]
sekitar,[səˈkitar]
sekjen,/ˈsɛkd͡ʒən/
sekjen,[ˈsɛk̚.d͡ʒən]
seklusi,/səkˈlusi/
seklusi,[sək̚ˈlu.si]
seko,/se.ko/
seko,/sə.ko/
seko,/sɛ.ko/
sekolah,/səˈkolah/
sekolah,[səˈko.lah]
sekolah ambah,[səˈkolah ˈambah]
sekolah dasar,/səˌkolah ˈdasar/
sekolah dasar,[səˌko.lah ˈda.sar]
sekolah lanjutan,[səˈkolah lanˈd͡ʒutan]
sekolah menengah,/səˌkolah ˈmənəŋah/
sekolah menengah,[səˌko.lah ˈmə.nə.ŋah]
sekolah menengah atas,/səˌkolah ˌmənəŋah ˈatas/
sekolah menengah atas,[səˌko.lah ˌmə.nə.ŋah ˈa.t̪as]
sekolah menengah kejuruan,[səˈkolah mənəˈŋah kəd͡ʒuˈruan]
sekolah menengah pertama,/səˌkolah ˌmənəŋah pərˈtama/
sekolah menengah pertama,[səˌko.lah ˌmə.nə.ŋah pərˈt̪a.ma]
sekolah menengah tinggi,[səˈkolah mənəˈŋah ˈtɪŋɡi]
sekolah menengah umum,/sə.ko.lah mə.nə.ŋah u.mʊm/
sekolah negeri,/səˈkolah nəɡəˈri/
sekolah partikulir,/səˈkolah partiˈkulɪr/
sekolah rakyat,[səˈkolah ˈraʔjat̚]
sekolah rendah,/səˈkolah rənˈdah/
sekolah swasta,/səˈkolah ˈswasta/
sekolah tinggi,[səˈkolah ˈtɪŋɡi]
sekolah vokasi,[səˈkolah voˈkasi]
sekolahkan,/sə.koˈlah.kan/
sekolahrumah,/səkolahˈrumah/
sekolahrumah,[sə.ko.lahˈru.mah]
sekon,/səˈkon/
sekon,/ˈsekon/
sekon,[səˈkon]
sekon,[ˈse.kɔn]
sekong,/se.koŋ/
sekonstruktif,/sə.konˈstruk.tif/
sekonstruktif,[sə.kɔnˈst̪rʊk̚.t̪ɪf]
sekop,[səˈkɔp]
sekresi,/səˈkresi/
sekretariat,/sekrətaˈriat/
sekretariat,[se.krə.t̪aˈri.at̪̚]
sekretaris,/sɛkrəˈtaris/
sekretaris,[sɛk̚.rəˈt̪a.rɪs]
sekretaris jenderal,/sɛ.krəˌta.ris d͡ʒən.dəˈral/
sekretaris jenderal,[sɛ.krəˌt̪a.rɪs d͡ʒən.dəˈral]
sekring,/ˈsekrɪŋ/
sekrup,/səˈkrup/
sekrup,[səˈkrʊp̚]
seks,[ˈsɛks]
seksi,/sɛk.si/
seksio sesarea,/sekˌsio sesaˈrea/
seksio sesarea,[sekˌsi.o se.saˈre.a]
seksionalisme,/sɛksionalˈismə/
seksionalisme,[sɛk̚.si.o.nalˈis.mə]
seksual,[sɛkˈsual]
seksualitas,[sɛksuaˈlitas]
sektarian,/sektaˈrian/
sektarian,[sek̚.t̪aˈri.an]
sekte,/ˈsɛktə/
sekte,[ˈsɛk̚.t̪ə]
sektor,[ˈsɛktɔr]
sektor publik,/ˈsɛk.tɔr ˈpu.blɪk/
sekuel,/səˈku.əl/
sekuel,[səˈku.əl]
sekujur,/səˈkud͡ʒur/
sekujur,[səˈku.d͡ʒʊr]
sekularis,[sɛkuˈlarɪs]
sekularisasi,[sɛkulariˈsasi]
sekularisme,[sɛkulaˈrɪsmə]
sekuler,[sɛˈku.lɛr]
sekulerisme,[sɛkulɛˈrɪsmə]
sekulir,[səˈku.lɪr]
sekum,/səˈkʊm/
sekunder,/səˈkʊn.dɛr/
sekuritas,[səkuˈritas]
sekuriti,[səkuˈriti]
sekutu,[səˈkutu]
sel,[ˈsɛl]
sela,/səˈla/
sela,/ˈsela/
sela,[səˈla]
sela,[ˈse.la]
selada,/səˈlada/
selada,[səˈla.da]
selagi,[səˈlaɡi]
selai,[səˈlai̯]
selak,/sə.ˈlak/
selak,/ˈse.lak/
selaka,/sə.ˈla.ka/
selalu,/səlalu/
selam,/səˈlam/
selam,[səˈlam]
selamat,/səˈlamat/
selamat,[səˈla.mat̪̚]
selamat pagi,/səlamat paɡi/
selamatan,[səlaˈmat̪an]
selamba,/səˈlamba/
selamba,[səˈlam.ba]
selambat,/səˈlambat/
selambat,[səˈlam.bat̪̚]
selambat-lambatnya,/səˌlam.bat lamˈbat.ɲa/
selambat-lambatnya,[səˌlam.bat̪̚ lamˈbat̪̚.ɲa]
selambatnya,/səlamˈbatɲa/
selambatnya,[sə.lamˈbat̪̚.ɲa]
selampai,/səˈlampai̯/
selampai,[səˈlam.pai̯]
selancang,/səˈlant͡ʃaŋ/
selancang,[səˈlaɲ.t͡ʃaŋ]
selang,/səˈlaŋ/
selang,[səˈlaŋ]
selaput,/səˈlaput/
selaput,[səˈla.pʊt̪̚]
selaput air,/səˌlaput ˈair/
selaput air,[səˌla.pʊt̪̚ ˈa.ɪr]
selaput batuan,/səˌlaput baˈtuan/
selaput batuan,[səˌla.pʊt̪̚ baˈt̪u.an]
selaput dara,/səˌlaput ˈdara/
selaput dara,[səˌla.pʊt̪̚ ˈda.ra]
selaput udara,/səˌlaput uˈdara/
selaput udara,[səˌla.pʊt̪̚ uˈda.ra]
selari,/səˈla.ri/
selasa,/səˈlasa/
selasa,[səˈla.sa]
selat,/səˈlat/
selat,[səˈlat̪̚]
selatan,[səˈlat̪an]
selawak,/səˈlawaʔ/
selawak,[səˈla.waʔ]
selawat,/səˈlawat/
selawat,[səˈla.wat̪̚]
selebgram,/səˈlɛbɡram/
selebgram,[səˈlɛp̚.ɡram]
selebran,[seləˈbran]
selebrasi,[seleˈbrasi]
selebritas,[sələˈbritas]
seledri,/səˈledri/
seledri,[səˈle.dri]
selekas-lekasnya,/ˌsələkas ləˈkasɲa/
selekas-lekasnya,[ˌsə.lə.kas ləˈkas.ɲa]
seleksi,[səˈlɛksi]
selendang,/səˈlendaŋ/
selendang,[səˈlen.daŋ]
selepetan,/sələˈpɛtan/
selepetan,[sə.ləˈpɛ.t̪an]
selera,[səˈlɛra]
selesai,/ˈsələsai̯/
selesai,[ˈsə.lə.sai̯]
selesaikan,/sələˈsai̯kan/
selesaikan,[sə.ləˈsai̯.kan]
selesma,[səˈlɛsma]
selia,/səlia/
selibasi,/seliˈbasi/
selibasi,[se.liˈba.si]
selibat,[seˈlibat̚]
selimut,/səˈlimut/
selimut,[səˈli.mʊt̪̚]
selingkuh,[səliŋˈkuh]
selip,/sə.ˈlɪp/
selira,[səˈlira]
selis,[sɛlɪs]
selisih,/səˈli.sih/
selisih,[səˈli.sɪh]
selo,/ˈsɛlo/
selofan,[seˈlofan]
selongsong,/səˈloŋsoŋ/
selongsong,[səˈloŋ.sɔŋ]
selonjong,/səˈlɔɲ.d͡ʒɔŋ/
selop,[səˈlɔp]
selotip,[səˈlotɪp]
selter,[ˈsɛltər]
seluler,[sɛˈlulɛr]
selulitis,/səluˈlitis/
selulitis,[sə.luˈli.t̪ɪs]
seluloid,[seluˈloɪt̚]
selulosa,/sɛluˈlosa/
selulosa,[sɛ.luˈlo.sa]
selundupan,[səlʊnˈdʊp̚an]
seluntur,/səˈluntur/
seluntur,[səˈlun̪.t̪ʊr]
seluruh,[səˈlurʊh]
semacam,/səˈma.t͡ʃam/
semadi,[səˈmadi]
semah,/səˈmah/
semah,[səˈmah]
semak,/səˈmaʔ/
semak,/ˈsemaʔ/
semak,[səˈmaʔ]
semak,[ˈse.maʔ]
semakin,/səˈmakin/
semakin,[səˈma.kɪn]
semalam,/səˈma.lam/
semalaman,/sə.ma.la.man/
semalaman,/sə.ma.lam.an/
semalem,/səˈma.ləm/
semaleman,/sə.ma.lə.man/
semana santa,/səˌmana ˈsanta/
semana santa,[səˌma.na ˈsan̪.t̪a]
semang,/seˈmaŋ/
semangat,/sə.ma.ŋat/
semanggi,/səˈmaŋ.ɡi/
semangka,/sə.maŋ.ka/
semantik,/sɛˈman.tik/
semantik,[sɛˈman̪.t̪ɪk̚]
semantis,/sɛˈmantis/
semantis,[sɛˈman̪.t̪ɪs]
semara,[səˈma.ra]
semarang,/səˈmaraŋ/
semarang,[səˈma.raŋ]
sematerialistis,/səmateriaˈlistis/
sematerialistis,[sə.ma.t̪e.ri.aˈlis.t̪ɪs]
semau,/səˈmau̯/
semau-maunya,/sə.mau̯ˈmau̯.ɲa/
semaya,/səˈmaja/
semayam,/səˈmajam/
sembah,/səmˈbah/
sembah,[səmˈbah]
sembah sujud,/səmˌbah ˈsu.d͡ʒud/
sembah sujud,[səmˌbah ˈsu.d͡ʒʊt̪̚]
sembahyang,/səmˈbahjaŋ/
sembahyang,[səmˈbah.jaŋ]
sembako,/səmˈba.ko/
sembako,[səmˈba.ko]
sembarang,/səmˈbaraŋ/
sembarang,[səmˈba.raŋ]
sembarangan,/səmbaˈraŋan/
sembarangan,[səm.baˈra.ŋan]
sembelih,/səmbəˈlih/
sembelih,[səm.bəˈlɪh]
sembelihan,/səmbəˈlihan/
sembelihan,[səm.bəˈli.han]
sembilan,/səmˈbilan/
sembilan,[səmˈbi.lan]
semboyan,[səmˈbojan]
sembrono,/səm.ˈb(ə̆)ro.no/
sembrono,/səmˈbrɔnɔ/
sembuh,/səmˈbuh/
sembuh,[səmˈbʊh]
sembunyi,/səmˈbuɲi/
sembunyi,[səmˈbu.ɲi]
semematikan,/səməmaˈtikan/
semematikan,[sə.mə.maˈt̪i.kan]
semen,/səˈmɛn/
semen,/ˈsɛmɛn/
semenanjung,/səməˈnand͡ʒʊŋ/
semenjak,/səmənˈd͡ʒak/
semenjak,[sə.məɲˈd͡ʒak̚]
semenjanjikan,/sə.məɲ.dʒaɲˈdʒi.kan/
sementara,/səmənˈtara/
semesta,/ˈsəməsta/
semesta,[ˈsə.məs.t̪a]
semester,[səˈmɛstər]
semestinya,/sə.məsˈti.ɲa/
semi,/səˈmi/
semi,[səˈmi]
semiloka,/sə.mi.ˈlo.ka/
seminar,/səˈminar/
seminar,[səˈmi.nar]
seminari,/sɛmiˈnari/
seminaris,[sɛmiˈnarɪs]
seminggu,/səˈmiŋɡu/
seminggu,[səˈmiŋ.ɡu]
semir,/səˈmir/
semoga,/səˈmoɡa/
semoga,[səˈmo.ɡa]
semong,/səˈmɔŋ/
sempadan,/səmˈpa.dan/
sempadan,[səmˈpa.dan]
sempak,[ˈsɛmpak]
sempat,/səmˈpat̚/
sempat-sempatnya,/səmˈpat̚.səm.pat̚ˈɲa/
sempati,/səmˈpa.ti/
sempatkan,/səmˈpat̚.kan/
sempena,/səm.pə.ˈna/
sempet,/səmˈpət/
sempidan,/səmˈpidan/
sempidan,[səmˈpi.dan]
sempit,/səmˈpit/
sempit,[səmˈpɪt̪̚]
sempoa,/səmˈpoa/
sempoa,[səmˈpo.a]
sempro,/səmˈpro/
sempro,[səmˈpro]
sempulian,/səmpuˈlian/
sempulian,[səm.puˈli.an]
sempurna,/səmˈpurna/
sempurna,[səmˈpur.na]
semu,/səˈmu/
semu,[səˈmu]
semua,/səˈmua/
semua,[səˈmu.a]
semuka,/sə.ˈmu.ka/
semur,/sə.ˈmʊr/
semut,/səˈmut/
semut,[səˈmʊt̪̚]
sen,[ˈsɛn]
sena,[ˈse.na]
senam,/səˈnam/
senam,[səˈnam]
senandika,[sənanˈd̪ika]
senandung,/səˈnandʊŋ/
senang,/səˈnaŋ/
senantiasa,/sənantiˈasa/
senantiasa,[sə.nan̪.t̪iˈa.sa]
senapan,/səˈna.pan/
senapan,[səˈna.pan]
senapati,[se.naˈpa.ti]
senar,[səˈnar]
senarai,/sə.ˈna.rai̯/
senat,[ˈsɛnat̪̚]
senator,/se.ˈna.tɔr/
senaya,[seˈna.ja]
sendawa,/sən.da.wa/
sendawar,/sənˈdawar/
sendi,/sənˈdi/
sendi peluru,/sənˈdi pəˈluru/
sendiri,[sənˈdiri]
sendok,/ˈsɛndok/
sendok,[ˈsen.dɔk̚]
sendratari,/sən.dra.ta.ri/
sendratasik,/səndraˈtasik/
sendratasik,[sən.draˈt̪a.sɪk̚]
sendu,/sənˈdu/
sendu,[sənˈdu]
senduduk,/sənˈduduk/
senduduk,[sənˈdu.dʊk̚]
senewen,/səˈnɛwən/ [səˈnɛ.wən]
seng,/ˈseŋ/
seng,[ˈseŋ]
sengaja,/səˈŋad͡ʒa/
sengaja,[səˈŋa.d͡ʒa]
sengal,/səˈŋal/
sengal,[səˈŋal]
sengal-sengal,/səˌŋal səˈŋal/
sengal-sengal,[səˌŋal səˈŋal]
sengau,/səˈŋau̯/
sengau,[səˈŋau̯]
senggang,/səŋˈɡaŋ/
senggang-tenggang,/səŋ.ɡaŋ.təŋˈɡaŋ/
senggangkan,/səŋˈɡaŋkan/
senggangkan,[səŋˈɡaŋ.kan]
senggol,/ˈsɛŋɡɔl/
senggol,[ˈseŋ.ɡɔl]
senggol-menyenggol,/ˌsɛŋɡɔl məˈɲɛŋɡɔl/
senggol-menyenggol,[ˌsɛŋ.ɡɔl məˈɲeŋ.ɡɔl]
senggolan,/sɛŋˈɡolan/
senggolan,[sɛŋˈɡo.lan]
sengir,/səˈŋir/
sengir,[səˈŋɪr]
sengit,/səˈŋit/
sengit,[səˈŋɪt̪̚]
sengkar,/səŋˈkar/
sengkar,[səŋˈkar]
sengkarut,/səŋˈkarut/
sengkarut,[səŋˈka.rʊt̪̚]
sengkel,[ˈsɛŋ.kɛl]
sengketa,[səŋˈkɛta]
sengsai,/səŋˈsai̯/
sengsai,/ˈsɛŋsai̯/
sengsai,[səŋˈsai̯]
sengsai,[ˈseŋ.sai̯]
sengsara,/səŋ.sa.ra/
seni,/səˈni/
seni,[səˈni]
seni bina,/sə.ˈni ˈbi.na/
seni murni,/sə.ˈni ˈmʊr.ni/
seni rupa,/sə.ˈni ˈru.pa/
seni tradisional,[səˈni tradisiˈonal]
senilis,/seˈnilis/
senilis,[seˈni.lɪs]
seniman,/səˈniman/
seniman,[səˈni.man]
senin,/səˈnin/
senin,[səˈnin]
senior,/seˈniɔr/
senior,[seˈni.ɔr]
senja,[sənˈd͡ʒa]
senjang,/sən.d͡ʒaŋ/
senjata,/sənˈd͡ʒa.ta/
senjata,[səɲˈd͡ʒa.t̪a]
senjata tajam,/sənˌd͡ʒa.ta ˈta.d͡ʒam/
senjata tajam,[səɲˌd͡ʒa.t̪a ˈt̪a.d͡ʒam]
seno,/səˈno/
seno,[səˈno]
senormal,/səˈnɔr.mal/
senpi,[sənˈpi]
sensasi,/sɛnˈsasi/
sensasi,[sɛnˈsa.si]
sensei,/ˈsɛnsei̯/
sensei,[ˈsen.sei̯]
sensi,[ˈsɛnsi]
sensitif,[sɛnˈsitɪf]
sensitisasi,/sənsitiˈsasi/
sensitisasi,[sən.si.t̪iˈsa.si]
sensitivitas,/sɛnsitiˈvitas/
senso,/ˈsɛnso/
senso,[ˈsen.so]
sensor,[ˈsɛnsɔr]
sensori,/sɛnˈsori/
sensori,[sɛnˈso.ri]
sensorik,/sɛnˈsorik/
sensorik,[sɛnˈso.rɪk̚]
sensoris,/sɛnˈsoris/
sensoris,[sɛnˈso.rɪs]
sensus,/ˈsensus/
sensus,[ˈsen.sʊs]
sentana,/sənˈtana/
sentana,[sən̪ˈt̪a.na]
senter,/ˈsɛntər/
sentiasa,/səntiˈasa/
sentiasa,[sən̪.t̪iˈa.sa]
sentimen,/sɛn.ˈti.mɛn/
sentiong,[sənˈtiɔŋ]
sentong,/sənˈtoŋ/
sentong,[sən̪ˈt̪oŋ]
sentosa,/sənˈtosa/
sentosa,[sən̪ˈt̪o.sa]
sentra,[ˈsɛntra]
sentral,/ˈsɛntral/
sentralisasi,[sɛntraliˈsasi]
sentralisme,/sɛntralˈismə/
sentralisme,[sɛn̪.t̪ralˈis.mə]
sentralistis,/sɛntraˈlɪstɪs/
sentuh,/sənˈtuh/
sentuh,[sən̪ˈt̪ʊh]
sentuhan,/sənˈtuhan/
sentuhan,[sən̪ˈt̪u.han]
sentul,/sənˈtul/
sentul,[sən̪ˈt̪ʊl]
senyawa,/səˈɲawa/
senyawa,[səˈɲa.wa]
senyum,/səˈɲum/
senyum,[səˈɲum]
senyuman,/səˈɲuman/
senyuman,[səˈɲu.man]
senyur,/ˈseɲur/
senyur,[ˈse.ɲʊr]
seolah-olah,/sə.ɔ.lahˈɔ.lah/
seorang,/səˈoraŋ/
seorang,[səˈo.raŋ]
sep,[ˈsɛp]
sepa,/səˈpa/
sepa,/ˈsepa/
sepa,[səˈpa]
sepa,[ˈse.pa]
sepah,/səˈpah/
sepah,[səˈpah]
sepaham,/səˈpa.ham/
sepak,/səˈpak̚/
sepak,/ˈse.pʌk̚/
sepakat,[səˈpakat̚]
sepaku,/səˈpaku/
sepandai-pandai,/sə.pan.dai̯ˈpan.dai̯/
sepang,/səˈpaŋ/
sepang,[səˈpaŋ]
sepasif,/səˈpasif/
sepasif,[səˈpa.sɪf]
sepat,/səˈpat/
sepat,[səˈpat̪̚]
sepata,/səˈpata/
sepata,[səˈpa.t̪a]
sepatu,/səˈpatu/
sepatu,[səˈpa.t̪u]
sepatuh,/səˈpa.tʊh/
sepeda,/səˈpɛda/
sepeda,[səˈpɛ.da]
sepeda motor,/səˌpɛda ˈmotor/
sepeda motor,[səˌpɛ.da ˈmo.t̪ɔr]
sepede,/səˈpede/
sepede,[səˈpe.de]
sepel,[səˈpɛl]
sepelarian,/sə.pə.laˈri.an/
sepelompat,/sə.pəˈlɔm.pat̚/
sepelompatan,/sə.pə.lɔmˈpa.tan/
sepemakan,/səpəˈmakan/
sepemakan,[sə.pəˈma.kan]
sepemakan sirih,/səpəˌmakan ˈsirih/
sepemakan sirih,[sə.pəˌma.kan ˈsi.rɪh]
sepemandangan,/səpəmanˈdaŋan/
sepemandangan,[sə.pə.manˈda.ŋan]
sepemanggil,/səpəˈmaŋɡil/
sepemanggil,[sə.pəˈmaŋ.ɡɪl]
sependapat,[sə.pənˈdapat̚]
sepengetahuan,/sə.pə.ŋə.taˈhu.an/
sepenurut,/sə.pəˈnu.rʊt̚/
seperitus,[səpəˈrɪt̪ʊs]
seperseratus,[səpərsəˈratʊs]
seperti,/ˈsəpərti/
seperti,[ˈsə.pər.t̪i]
sepi,/səˈpi/
sepi,[səˈpi]
sepihak,/səˈpihak/
sepihak,[səˈpi.hak̚]
sepik,/səˈpik/
sepik,[səˈpɪk̚]
sepilis,[səˈpilɪs]
sepiritus,[səpiˈrɪt̪ʊs]
sepokat,/səˈpokat/
sepokat,[səˈpo.kat̪̚]
sepong,/sə.poŋ/
sepongin,/səˈpɔŋin/
seprai,/səp.rai/
seprei,/səp.rei/
sepsis,/ˈsɛpsis/
sepsis,[ˈsɛp̚.sɪs]
september,/sepˈtembər/
september,[sep̚ˈt̪em.bər]
septia,/ˈsɛpti(j)a/
septik,/ˈsɛptik/
septik,[ˈsɛp̚.t̪ɪk̚]
septuaginta,/sɛptuaˈɡinta/
septuaginta,[sɛp̚.t̪u.aˈɡin̪.t̪a]
sepuh,/sə.ˈpʊh/
sepuit,/səˈpuit/
sepuit,[səˈpu.ɪt̪̚]
sepul,[səˈpʊl]
sepulih,/səˈpulih/
sepulih,[səˈpu.lɪh]
sepuluh,/səˈpuluh/
sepuluh,[səˈpu.lʊh]
sepuluh ribu,/səpulʊh ribu/
sepupu,/səˈpupu/
sepupu,[səˈpu.pu]
sepur,/səˈpur/
sepur,[səˈpʊr]
sepur simpan,/səˌpur ˈsim.pan/
sepur simpan,[səˌpʊr ˈsim.pan]
seput,/səˈput/
seput,[səˈpʊt̪̚]
seputar,[səˈputar]
serabi,/səˈra.bi/
serabut,/səˈrabut/
serabut,[səˈra.bʊt̪̚]
serabutan,/səraˈbutan/
serabutan,[sə.raˈbu.t̪an]
seragam,/səˈraɡam/
seragam,[səˈra.ɡam]
serah,/səˈrah/
serah,/ˈse.rah/
serah,[səˈrah]
serah,[ˈse.rah]
serak,/səˈrak/
serak,/ˈserak/
serak-serakkan,/serakseˈrakkan/
serak-serik,/səraksəˈrik/
serak-seruk,/səraksəˈruk/
serakah,/səˈrakah/
serakah,[səˈra.kah]
serakkan,/seˈrakkan/
seram,/səˈram/
seram,/ˈseram/
seram,[səˈram]
seram,[ˈse.ram]
serambi,[səˈrambi]
serampang,/səˈram.paŋ/
serampang,[səˈram.paŋ]
serang,/səˈraŋ/
serang,/ˈse.raŋ/
serang,/ˈseraŋ/
serang,[səˈraŋ]
serang,[ˈse.raŋ]
serangan,[səˈraŋan]
serangan udara,/səˌraŋan uˈdara/
serangan udara,[səˌra.ŋan uˈda.ra]
serangga,/səˈraŋɡa/
serangga,[səˈraŋ.ɡa]
serani,/səˈrani/
serani,[səˈra.ni]
serantai,/səˈran.tai̯/
serap,/səˈrap/
serap,/ˈserap/
serap,[səˈrap̚]
serap,[ˈse.rap̚]
serapah,[səˈrapah]
serapan,[səˈrapan]
serasi,/səˈrasi/
serasi,[səˈra.si]
serat,/səˈrat/
serat,[səˈrat̪̚]
seratus,/səˈratʊs/
seratus ribu,[səratus ribu]
serawan,[səˈrawan]
seraya,/səˈraja/
seraya,[səˈra.ja]
seraya,[səˈraja]
serba,[sərˈba]
serbat,/sərˈbat/
serbat,[sərˈbat̪̚]
serbet,[ˈsərbɛt]
serbuk sari,/sərˈbʊk̚ ˈsari/
serdadu,/sərˈdadu/
serdadu,[sərˈda.du]
serdam,/sərˈdam/
serdam,[sərˈdam]
serdawa,/sərˈdawa/
serdawa,[sərˈda.wa]
sereal,[seˈreal]
serealistis,/səreaˈlistis/
serealistis,[sə.re.aˈlis.t̪ɪs]
serebelum,/sereˈbelum/
serebelum,[se.reˈbe.lʊm]
serebral,/seˈrebral/
serebral,[seˈrep̚.ral]
serebri,/səˈrebri/
serebri,[səˈre.bri]
serebrum,/seˈrebrum/
serebrum,[seˈrep̚.rʊm]
serem,/ˈsərəm/
serem,[ˈsə.rəm]
seremoni,/se.re.mo.ni/
serendah,/sərənˈdah/
serendah,[sə.rənˈdah]
serendah-rendahnya,/ˌsərəndah rənˈdahɲa/
serendah-rendahnya,[ˌsə.rən.dah rənˈdah.ɲa]
serep,[səˈrəp̚]
serep,[ˈsɛrəp̚]
serep,[ˈsɛrɛp̚]
seret,/səˈrət/
seret,/ˈsɛrɛt/
seret,[səˈrət̪̚]
seret,[ˈsɛ.rɛt̪̚]
seri,/sə.ˈri/
seri,/ˈse.ri/
serial,[seˈrial]
seribu,/səˈribu/
seribu,[səˈri.bu]
serigala,/səriˈɡala/
serigala,[sə.riˈɡa.la]
serikat,/səˈri.kat/
serikat,[səˈri.kat̪̚]
serikat buruh,/səˌrikat ˈburuh/
serikat buruh,[səˌri.kat̪̚ ˈbu.rʊh]
serikat pekerja,/səˌri.kat pə.kərˈd͡ʒa/
serikat pekerja,[səˌri.kat̪̚ pə.kərˈd͡ʒa]
serindit,/səˈrindit/
serindit,[səˈrin.dɪt̪̚]
sering,/səˈrɪŋ/
serisik,/səˈrisik/
serisik,[səˈri.sɪk̚]
serius,/səˈrius/
serius,/sɛˈrius/
serius,[səˈri.ʊs]
serius,[sɛˈri.ʊs]
sero,/ˈsero/
sero,[ˈse.ro]
seroja,/səˈrod͡ʒa/
seroja,[səˈro.d͡ʒa]
seroma,/seˈroma/
seroma,/səˈroma/
seroma,[seˈro.ma]
seroma,[səˈro.ma]
serong,/ˈsɛrɔŋ/
seronok,/sə.ˈro.nɔʔ/
seroprevalensi,/səroprəˈvalənsi/
seroprevalensi,[sə.rop̚.rəˈfa.lən.si]
sersan,[ˈsɛrsan]
serta,/sərˈta/
serta,[sərˈt̪a]
sertaan,/sərˈtaan/
sertaan,[sərˈt̪a.(ʔ)an]
sertifikasi,[sɛrtifiˈkasi]
sertifikat,/sertifikat/
sertifikat,/sertipikat/
sertifikat tanah,[sertiˈfikat̚ ˈtanah]
seru,/səˈru/
seru,[səˈru]
seruan,/səˈruan/
seruan,[səˈru.an]
seruduk,/səˈru.dʊʔ/
seruling,/səˈruliŋ/
seruling,[səˈru.lɪŋ]
serum,/səˈrum/
serum,/ˈserum/
serum,[səˈrum]
serum,[ˈse.rʊm]
serumpun,/səˈrumpun/
serumpun,[səˈrum.pʊn]
serunai,/səˈrunai̯/
serunai,[səˈru.nai̯]
seruncing,/səˈruɲ.t͡ʃɪŋ/
serundeng,/sə.ˈrʊn.dɛŋ/
serupa,/səˈrupa/
serupa,[səˈru.pa]
serupih,[səˈrupɪh]
serviks,/ˈsɛrviks/
serviks,[ˈsɛr.fiks]
servis,/ˈsɛr.fɪs/
sesaat,/səˈsaat/
sesaat,[səˈsa.(ʔ)at̪̚]
sesajen,[səˈsa.d͡ʒɛn]
sesaji,[səˈsa.d͡ʒi]
sesak,/sə.ˈsak/
sesal,/səˈsal/
sesal,[səˈsal]
sesam,[ˈsesam]
sesar,[səˈsar]
sesat,/səˈsat/
sesat,[səˈsat̪̚]
sesegera-segeranya,/səˌsəɡəra səɡəˈraɲa/
sesegera-segeranya,[səˌsə.ɡə.ra sə.ɡəˈra.ɲa]
seseorang,/səsəˈoraŋ/
seseorang,[sə.səˈo.raŋ]
sesepuh,/ˈsəsəpuh/
sesepuh,[ˈsə.sə.pʊh]
seser,/ˈsɛsɛr/
seser,[ˈsɛ.sɛr]
seserak,/səˈserak/
sesi,/ˈsesi/
sesi,[ˈse.si]
sesingkat-singkatnya,/sə.sɪŋ.kat.sɪŋˈkat̚.ɲa/
sesinting,/səˈsin.tiŋ/
sesinting,[səˈsin̪.t̪ɪŋ]
sesobek,/səˈsobɛk/
sesobek,[səˈso.bɛk̚]
sesopan,/səˈsɔ.pan/
sesuai,/sə.suˈai̯/
sesubur,/səˈsu.bur/
sesudah,/səˈsudah/
sesudah,[səˈsu.dah]
set,[ˈsɛt]
setahu,/səˈta.(h)u/
setahun,[səˈtahʊn]
setal,[səˈtal]
setali tiga uang,/sə.ta.li ti.ɡa ˈ(ʔ)u.aŋ/
setan,/ˈsetan/
setan,[ˈse.t̪an]
setan gundul,/ˌsetan ˈɡundul/
setan gundul,[ˌse.t̪an ˈɡun.dʊl]
setan jalanan,/ˌsetan d͡ʒaˈlanan/
setan jalanan,[ˌse.t̪aɲ d͡ʒaˈla.nan]
setang,[səˈtaŋ]
setang bor,/səˌtaŋ ˈbor/
setang bor,[səˌt̪aŋ ˈbɔr]
setanggi,[səˈtaŋɡi]
setangkup,/səˈtaŋkup/
setangkup,[səˈt̪aŋ.kʊp̚]
setapak,/səˈtapaʔ/
setapak,[səˈt̪a.paʔ]
setara,/səˈtara/
setara,[səˈt̪a.ra]
setat,[səˈtat]
setawar,/səˈtawar/
setawar,[səˈt̪a.war]
seteguk,/ˈsətəɡuk/
seteguk,[ˈsə.t̪ə.ɡʊk̚]
setek,[səˈtɛk]
setel,[səˈtɛl]
setelah,/ˈsətəlah/
setelah,[ˈsə.t̪ə.lah]
setelan,/səˈtɛlan/
setelan,[səˈt̪ɛl.an]
setem,/səˈtɛm/
setem,[səˈt̪em]
setempat,/sətəmˈpat̚/
setengah,[sə.tə.ˈŋah]
setenggar,/ˈsətəŋɡar/
setenggar,[ˈsə.t̪əŋ.ɡar]
seter,[səˈtɛr]
seterawat,/sə.təˈra.wat/
seterbaca,/sətərˈbat͡ʃa/
seterbaca,[sə.t̪ərˈba.t͡ʃa]
seterbuang,/sə.tərˈbu.aŋ/
seterika,/sə.tə.ri.ka/
seterlupakan,/sə.tər.luˈpa.kan/
seterserak,/sətərˈserak/
seteru,/sətəˈru/
seteru,[sə.t̪əˈru]
setia,/səˈtia/
setia,[səˈt̪i.a]
setia usaha,/səˌtia uˈsaha/
setia usaha,[səˌt̪i.a uˈsa.ha]
setiba,/səˈtiba/
setiba,[səˈt̪i.ba]
setip,/səˈtip/
setip,[səˈt̪ɪp̚]
setir,/səˈtir/
setir,[səˈt̪ɪr]
setolop,/səˈtɔlɔp/
setom,/səˈtɔm/
setom,[səˈt̪om]
setop,[səˈt̪ɔp̚]
setoples,[səˈtɔp̚ləs]
setor,[səˈt̪ɔr]
setor muka,/səˌtor ˈmu.ka/
setor muka,[səˌt̪ɔr ˈmu.ka]
setra,/ˈsetra/
setra,[ˈse.t̪ra]
setrap,/səˈtrap/
setrap,[səˈt̪rap̚]
setrat,[ˈsətrat]
setrika,/sətˈrika/
setrika,[sət̪̚ˈri.ka]
setrip,[sətˈrɪp]
setruk,/sətˈruk/
setruk,[sət̪̚ˈrʊk̚]
setrum,/səˈtrum/
setrum,[səˈt̪rʊm]
setrup,[səˈtrʊp̚]
setrupwafel,/sətruˈpwafəl/
setrupwafel,[sət̪̚.ruˈpwa.fəl]
setubuh,/səˈtubuh/
setubuh,[səˈt̪u.bʊh]
setuju,/səˈtud͡ʒu/
setuju,[səˈt̪u.d͡ʒu]
setulus-tulusnya,/səˌtulus tuˈlusɲa/
setulus-tulusnya,[səˌt̪u.lʊs t̪uˈlus.ɲa]
setum,[səˈtʊm]
setumpak,/səˈtumpak/
setumpak,[səˈt̪um.pak̚]
setup,[səˈtʊp]
seudati,/sɘˈdati/
seumpama,/səmˈpama/
seumpama,[səmˈpa.ma]
sewa,/ˈsewa/
sewa,[ˈse.wa]
sewaktu,/səˈwaktu/
sewaktu,[səˈwak̚.t̪u]
sewu,/ˈsɛwu/
sewu,[ˈsɛ.wu]
señor,/ˈsɛɲɔr/
señor,[ˈsɛ.ɲɔr]
shabu,[ˈsabu]
shabu,[ˈʃabu]
shinto,/ˈʃinto/
shinto,[ˈʃin̪.t̪o]
shm,/ɛsˈha.ɛm/
shm,[ɛsˈha.ɛm]
shun,/ɛshaˈuɛn/
si,/ˈsi/
si,/ˈɛs.i/
si,[ˈsi]
si jago merah,/ˌsi ˌd͡ʒaɡo ˈmerah/
si jago merah,[ˌsi ˌd͡ʒa.ɡo ˈme.rah]
sial,/ˈsial/
sial,[ˈsi.al]
sialan,/si.a.lan/
siam,/ˈsiam/
siam,[ˈsi.am]
siang,/ˈsiaŋ/
siang,[ˈsi.aŋ]
siap,/ˈsiap/
siap,[ˈsi.ap̚]
siapa,/siˈapa/
siapa,[siˈa.pa]
"siapa cepat, dia dapat",/si.a.pa t͡ʃəˈpat̚
"siapa cepat, dia dapat",diˈa da.pat̚/
siar,/ˈsiar/
siar,[ˈsi.ar]
siaran langsung,/siˌaran ˈlaŋsuŋ/
siaran langsung,[siˌa.ran ˈlaŋ.sʊŋ]
siasat,/siˈa.sat/
siasat,[siˈa.sat̪̚]
siau,/ˈsiau̯/
siau,[ˈsi.au̯]
siber,/ˈsibər/
sibernetika,[sibərnəˈtika]
sibori,/siˈbori/
sibori,[siˈbo.ri]
sida,/ˈsida/
sida,[ˈsi.da]
sidak,/ˈsidaʔ/
sidak,[ˈsi.daʔ]
sidang,/ˈsidaŋ/
sidang,[ˈsi.daŋ]
sidang paripurna,/ˌsidaŋ pariˈpurna/
sidang paripurna,[ˌsi.daŋ pa.riˈpur.na]
sidang raya,/ˌsidaŋ ˈraja/
sidang raya,[ˌsi.daŋ ˈra.ja]
sidang umum,/ˌsidaŋ ˈumum/
sidang umum,[ˌsi.daŋ ˈu.mʊm]
sidi,/ˈsidi/
sidi,[ˈsi.di]
sidik,/ˈsidik/
sidik,[ˈsi.dɪk̚]
siesta,/si.ˈɛs.ta/
sif,[ˈsɪf]
sifar,/ˈsifar/
sifar,[ˈsi.far]
sifat,/ˈsifat/
sifat,/ˈsipat/
sifat,[ˈsi.fat̪̚]
sifat,[ˈsi.pat̪̚]
sifilis,[siˈfilɪs]
sifon,/ˈsifon/
sifon,[ˈsi.fɔn]
sigar,/ˈsiɡar/
sigar,[ˈsi.ɡar]
sigaret,/siˈɡarɛt/
sigaret,[siˈɡa.rɛt̪̚]
sigmoid,/siɡˈmoid/
sigmoid,[sik̚ˈmo.ɪt̪̚]
signifikan,[sɪk̚niˈfikan]
signifikansi,/siɡnifiˈkansi/
signifikansi,[sik̚.ni.fiˈkan.si]
sigung,/ˈsiɡuŋ/
sigung,[ˈsi.ɡʊŋ]
sihir,[sihɪr]
sijil,/sid͡ʒɪl/
sikap,[ˈsikap̚]
sikat,/ˈsikat/
sikat,[ˈsi.kat̪̚]
sikat gigi,[ˈsikat̚ ˈɡiɡi]
sikatan,/siˈkatan/
sikatan,[siˈka.t̪an]
siklis,[ˈsɪklɪs]
sikloheksana,/siklohɛkˈsana/
sikloheksana,[sik̚.lo.hɛk̚ˈsa.na]
siklon,/ˈsiklon/
siklon,[ˈsi.klɔn]
siklotron,[sɪkˈlotrɔn]
siklus,[ˈsɪklʊs]
siklus hidup,/si.klʊs ˈhi.dʊp̚/
sikon,/ˈsikon/
sikon,[ˈsi.kɔn]
siksa,[ˈsɪk.sa]
siku,[ˈsi.ku]
sikut,/ˈsikut/
sikut,[ˈsi.kʊt̪̚]
sil,/ˈsil/
sil,[ˈsɪl]
sila,[ˈsila]
silabel,[siˈlabəl]
silabifikasi,/silabifiˈkasi/
silabifikasi,[si.la.bi.fiˈka.si]
silabis,/si.ˈla.bɪs/
silabus,[siˈlabʊs]
silalatu,/silaˈlatu/
silalatu,[si.laˈla.t̪u]
silam,/si.lam/
silang,/ˈsilaŋ/
silang,[ˈsi.laŋ]
silang dalam,/ˈsi.laŋ ˈda.lam/
silap,/ˈsilap/
silap,[ˈsi.lap̚]
silat,/ˈsi.lat/
silat,[ˈsi.lat̪̚]
silet,/ˈsilɛt̚/
silinder,[siˈlɪndər]
silpa,/ˈsilpa/
silpa,[ˈsil.pa]
silpin,/ˈsɪl.pɪn/
silsilah,/sɪlˈsilah/
siluet,/si.ˈlu.ɛt/
sim,/ˈsim/
sim,[ˈsim]
sima,/ˈsi.ma/
simak,/ˈsimaʔ/
simak,[ˈsi.maʔ]
simaksi,/siˈmaksi/
simaksi,[siˈmak̚.si]
simbar,/ˈsimbar/
simbar,[ˈsim.bar]
simbol,[ˈsɪmbɔl]
simbolik,[sɪmˈbolɪk̚]
simbolis,[sɪmˈbolɪs]
simbolisasi,/simboliˈsasi/
simbolisasi,[sim.bo.liˈsa.si]
simbolisme,[sɪmboˈlɪsmə]
simetri,[siˈmɛtri]
simetris,[siˈmɛtrɪs]
simit,/ˈsi.mit/
simit,[ˈsi.mɪt̪̚]
simon,/ˈsimon/
simon,[ˈsi.mɔn]
simpanan,/simpanan/
simpang susun,/sɪm.paŋ ˈsu.sʊn/
simpang susun semanggi,/sɪm.paŋ su.sʊn səˈmaŋ.ɡi/
simpangan,/simˈpaŋan/
simpangan,[simˈpa.ŋan]
simpangan baku,/simˌpaŋan ˈbaku/
simpangan baku,[simˌpa.ŋan ˈba.ku]
simpangan mutlak,/simˌpaŋan ˈmutlak/
simpangan mutlak,[simˌpa.ŋan ˈmut̪̚.lak̚]
simpanse,[sɪmˈpanse]
simpel,/ˈsimpəl/
simpel,[ˈsim.pəl]
simpleks,[ˈsɪmpləks]
simposium,/sɪm.po.ˈsi.ʊm/
simpul,[ˈsɪmpʊl]
simpulan,[sɪmˈpʊlan]
simulakra,[simuˈlakra]
sinapsis,/si.ˈnap.sɪs/
sinar,/ˈsinar/
sinar,[ˈsi.nar]
sinar bumi,/ˌsi.nar ˈbu.mi/
sinar bumi,[ˌsi.nar ˈbu.mi]
sinci,[ˈsɪnt͡ʃi]
sincia,[sin.ˈt͡ʃja]
sinden,/ˈsɪn.dɛn/
sinder,/ˈsindər/
sinder,[ˈsin.dər]
sindikalisme,/sindikaˈlismə/
sindikalisme,[sin.di.kaˈlis.mə]
sindikat,[sɪnˈd̪ikat̪]
sindir,/ˈsindir/
sindir,[ˈsin.dɪr]
sindrom,/ˈsindrom/
sindrom,[ˈsin.drɔm]
sindrom down,/ˌsindrom ˈdaun/
sindrom down,[ˌsin.drɔm ˈda.ʊn]
sindrom klinefelter,/ˌsin.drom kli.nɛˈfɛl.tər/
sindrom klinefelter,[ˌsin.drɔm kli.nɛˈfɛl.t̪ər]
sindrom marfan,/ˌsin.drom ˈmar.fan/
sindrom marfan,[ˌsin.drɔm ˈmar.fan]
sindrom tourette,/ˌsindrom ˈturet/
sindrom tourette,[ˌsin.drɔm ˈt̪u.rɛt̪̚]
sindur,/ˈsindur/
sindur,[ˈsin.dʊr]
sineas,/siˈneas/
sineas,[siˈne.as]
sinema,[sɪˈne.ma]
sinergi,/si.ˈnɛr.ɡi/
sinetron,/siˈnɛ.tron/
sinetron,[siˈnɛ.t̪rɔn]
singa,/ˈsiŋa/
singa,[ˈsi.ŋa]
singa batu,/ˌsiŋa ˈbatu/
singa batu,[ˌsi.ŋa ˈba.t̪u]
singapura,/siŋaˈpura/
singel,/ˈsiŋəl/
singel,[ˈsi.ŋəl]
singgah,/ˈsɪŋɡah/
singgasana,/siŋ.ɡa.sa.na/
singgung,/ˈsiŋɡuŋ/
singgung,[ˈsiŋ.ɡʊŋ]
singgungan,/siŋˈɡuŋan/
singgungan,[siŋˈɡu.ŋan]
singkat,/ˈsiŋkat/
singkat,[ˈsiŋ.kat̪̚]
singkatan,/siŋˈkatan/
singkatan,[siŋˈka.t̪an]
singkatkan,/sɪŋˈkat.kan/
singkatnya,/sɪŋˈkat̚.ɲa/
singkek,/ˈsiŋkeʔ/
singkek,[ˈsiŋ.kɛʔ]
singkong,[ˈsɪŋkɔŋ]
singse,/ˈsiŋsə/
singse,[ˈsiŋ.sə]
sini,/ˈsini/
siniar,[siˈniar]
sinis,[ˈsinɪs]
sinisme,[siˈnɪsmə]
sinkop,[ˈsɪnkɔp̚]
sinkope,[sɪnˈkope]
sinkron,[ˈsɪnkrɔn]
sinkronisasi,[sɪnkroniˈsasi]
sinode,[siˈnodə]
sinofobia,[sinoˈfobia̯]
sinonim,[siˈnonɪm]
sinopsis,/siˈnopsis/
sinopsis,[siˈnop̚.sɪs]
sinoptik,/siˈnoptik/
sinoptik,[siˈnop̚.t̪ɪk̚]
sinoptis,/siˈnoptis/
sinoptis,[siˈnop̚.t̪ɪs]
sinovial,/sinoˈvial/
sinovial,[si.noˈfi.al]
sinse,/ˈsinse/
sinse,[ˈsin.se]
sintaksis,/sinˈtaksis/
sintaksis,[sin̪ˈt̪ak̚.sɪs]
sintas,/ˈsɪntas/
sintetik,[sɪnˈtɛtɪk]
sintetis,[sɪnˈtɛtɪs]
sinting,/ˈsin.tiŋ/
sinting,[ˈsin̪.t̪ɪŋ]
sinuhun,/si.ˈnu.hun/
sinus,[ˈsinʊs]
sinyal,/siɲal/
sinyal,/siɲar/
sinyal,[ˈsi.ɲal]
sinyalir,[si.ˈɲa.lɪr]
sinyo,/ˈsiɲo/
sinyo,[ˈsi.ɲo]
sioca,[ˈsio̯t͡ʃa]
siomai,/siˈomai̯/
siomai,[siˈo.mai̯]
siomay,/siˈo.maj/
siomay,[siˈo.mai̯]
sip,/ɛs.ˈi.pe/
sip,[ˈsɪp]
sipahi,[siˈpa.hi]
sipil,/sipɪl/
sipir,[ˈsipɪr]
siprus,/ˈsiprus/
siprus,[ˈsip̚.rʊs]
siput,/ˈsiput/
siput,[ˈsi.pʊt̪̚]
sirah,/ˈsirah/
sirah,[ˈsi.rah]
siraja,/siˈrad͡ʒa/
siraja,[siˈra.d͡ʒa]
siram,/ˈsiram/
siram,[ˈsi.ram]
sirene,[siˈrenə]
siri,/ˈsiri/
siri,[ˈsi.ri]
sirih,/ˈsirih/
sirih,[ˈsi.rɪh]
sirik,/ˈsirik/
sirik,[ˈsi.rɪk̚]
sirikan,/siˈrikan/
sirikan,[siˈri.kan]
siring,/ˈsiriŋ/
siring,[ˈsi.rɪŋ]
sirip dada,/si.rɪp ˈda.da/
sirkit,[ˈsɪrkɪt̪̚]
sirkol,[ˈsɪr.kol]
sirkuit,[sɪrˈkuɪt̪̚]
sirkular,[sɪrˈkular]
sirkulasi,[sɪr.kuˈla.si]
sirkuler,/sɪrˈkulɛr/
sirkumsisi,[sirkʊmˈsisi]
sirkus,[ˈsɪrkʊs]
sirlak,[ˈsɪrlak̚]
sirna,[ˈsɪr.na]
sirop,[ˈsirɔp]
sirop,[ˈsirʊp]
sirsak,/ˈsirsak/
sirsak,[ˈsir.sak̚]
sirurgis,/siˈrurɡis/
sirurgis,[siˈrur.ɡɪs]
sisa,[ˈsisa]
sisi,/ˈsisi/
sisi,[ˈsi.si]
sisih,/ˈsisih/
sisih,[ˈsi.sɪh]
sisik,/ˈsisik/
sisik,[ˈsi.sɪk̚]
sisipan,/siˈsipan/
sisipan,[siˈsi.pan]
sisir,/ˈsisir/
sisir,[ˈsi.sɪr]
siskamling,/sisˈkamliŋ/
siskamling,[sisˈkam.lɪŋ]
sistem,[ˈsɪstem]
sistem,[ˈsɪstəm]
sistem karier,/ˌsis.təm kaˈri.ər/
sistem karier,[ˌsis.t̪əm kaˈri.ər]
sistem kebut semalam,/ˌsis.təm kəˌbut səˈma.lam/
sistem kebut semalam,[ˌsis.t̪əm kəˌbʊt̪̚ səˈma.lam]
sistem politik,/ˈsɪs.tɛm po.ˈli.tɪk/
sistematik,[sɪst̪eˈmatɪk]
sistematika,[sɪst̪emaˈtika]
sistematis,[sɪst̪eˈmatɪs]
sistemis,/sɪs.ˈte.mɪs/
sistim,[ˈsɪst̪im]
siswa,/ˈsɪswa/
siswanto,/siˈswanto/
siswanto,[siˈswan̪.t̪o]
siswantoyo,/siswanˈtojo/
siswantoyo,[sis.wan̪ˈt̪o.jo]
siswasmas,/siˈswas.mas/
siswasmas,[siˈswas.mas]
sita,/ˈsita/
sita,[ˈsi.t̪a]
sita jaminan,/ˌsita d͡ʒaˈminan/
sita jaminan,[ˌsi.t̪a d͡ʒaˈmi.nan]
sitaan,/siˈtaan/
sitaan,[siˈt̪a.(ʔ)an]
sitasi,/si.ˈta.si/
sitat,[ˈsi.tat]
siter,[ˈsitər]
sitir,[ˈsitɪr]
sitkom,/ˈsitkom/
sitkom,[ˈsit̪̚.kɔm]
sitokin,/siˈtokin/
sitokin,[siˈt̪o.kɪn]
sitologi,[sitoˈloɡi]
sitoplasma,/sitoˈplasma/
situasi,[situˈasi]
situasional,/situasiˈonal/
situs,[ˈsitʊs]
situs web,/ˌsitus ˈwɛb/
situs web,[ˌsi.t̪ʊs ˈwɛp̚]
siwa,[ˈsi.wa]
siwar,/ˈsiwar/
siwar,[ˈsi.war]
siwer,/ˈsiwər/
siwer,[ˈsi.wər]
sjsn,[ɛsd͡ʒeˈɛsɛn]
sk,/ˈɛs.ka/
skabies,/skaˈbi.ɛs/
skabies,[skaˈbi.ɛs]
skala,/s(ə̆)kala/
skalabilitas,/skalabiˈlitas/
skalabilitas,[ska.la.biˈli.t̪as]
skalar,/ska.lar/
skandal,/ˈskandal/
skandal,[ˈskan.dal]
skb,/ɛsˈka.be/
skb,[ɛsˈka.be]
skbri,/ɛs.ka.beˈɛ.ri/
skbri,[ɛs.ka.beˈɛ.ri]
skck,[ɛskaˈt͡ʃeka]
skedul,[ˈskɛdʊl]
skema,/ˈskema/
skema,[ˈske.ma]
skematik,/skeˈmatik/
skematik,[skeˈma.t̪ɪk̚]
skematis,/skeˈmatis/
skematis,[skeˈma.t̪ɪs]
skenario,[s(k)eˈnario̯]
sketsa,[ˈskɛt̚sa]
skim,/s(ə)kɪm/
skkb,[ɛskaˈkabe]
skl,/ɛsˈka.ɛl/
skl,[ɛsˈka.ɛl]
skn,/ɛs.ka.ɛn/
skolastik,/skoˈlastik/
skolastik,[skoˈlas.t̪ɪk̚]
skop,[ˈskɔp]
skor,/skor/
skor,[sə̆kɔr]
skor,[ˈskɔr]
skotel,/ˈskotəl/
skotel,[ˈsko.t̪əl]
skotlandia,/skɔtˈlandia̯/
skp,/ɛsˈka.pe/
skp,[ɛsˈka.pe]
skpd,/ɛs.kaˈpe.de/
skpd,[ɛs.kaˈpe.de]
skrining,[ˈskrinɪŋ]
skrip,[ˈskrɪp̚]
skripsi,[ˈskrɪp̚si]
sks,/ɛs.ˈka.ɛs/
sksd,/ɛs.kaˈɛs.de/
sksd,[ɛs.kaˈɛs.de]
skuad,[ˈsku.at]
skuy,/ˈskuj/
skuy,[ˈskui̯]
slalu,/sla.lu/
slang,/s(ə)laŋ/
slank,/slɑŋk/
slendro,/slɛn.dro/
slip,[ˈslip]
slof,[ˈslɔf]
slogan,/s(ə̆)lo.ɡan/
slot,/slɔt̚/
sma,/ɛs.ɛm.a/
sma,/ɛs.ɛm.ʔa/
smk,/ɛsˈɛmka/
smk,[ɛsˈɛm.ka]
smokel,[ˈsmo.kəl]
smp,/ɛsˈɛmpe/
smp,[ɛsˈɛm.pe]
sms,/ɛsˈɛm.ɛs/
sms,[ɛsˈɛm.ɛs]
snoker,[ˈsno.kər]
snorkel,/ˈsnor.kəl/
snorkel,[ˈsnor.kəl]
soak,[ˈsoaʔ]
soal,/ˈso.ʔal/
soalnya,/sɔˈ(ʔ)al.ɲa/
soang,/ˈsoaŋ/
soang,[ˈso.aŋ]
soba,/ˈsoba/
soba,[ˈso.ba]
sobat,[ˈsobat̪̚]
sobek,/ˈsobɛk/
sobek,[ˈso.bɛk̚]
soe,[ˈsoe]
sofa,/ˈsofa/
sofa,[ˈso.fa]
softeks,/ˈsoftɛks/
softeks,/ˈsoptɛk/
softeks,[ˈsof.t̪ɛks]
softeks,[ˈsop̚.t̪ɛk̚]
soga,/ˈsoɡa/
soga,[ˈso.ɡa]
sogi,/ˈsoɡi/
sogi,[ˈso.ɡi]
sohun,/ˈsohun/
sohun,[ˈso.hʊn]
soja,/ˈsod͡ʒa/
soja,[ˈso.d͡ʒa]
sok suci,/sɔʔ ˈsu.t͡ʃi/
sok-sokan,/sɔʔˈsɔʔan/
sokap,/ˈsɔkap/
sokap,[ˈsɔ.kap̚]
soket,[ˈsokɛt̪̚]
sokin,/ˈsɔkin/
sokin,[ˈsɔkɪn]
soko,/ˈsoko/
soko,[ˈso.ko]
sokongan,/soˈkoŋan/
sokongan,[soˈko.ŋan]
sol,[ˈsɔl]
solar,/ˈsolar/
solar,[ˈso.lar]
solder,[ˈsɔldɛr]
soleh,/ˈso.lɛh/
solid,/ˈsolid/
solid,[ˈso.lɪt̪̚]
solidaritas,/so.li.da.ˈri.tas/
solilokui,/soliˈlokui̯/
solilokui,[so.liˈlo.kui̯]
solis,/ˈsolis/
solis,[ˈso.lɪs]
solo,/ˈsolo/
solo,/ˈsɔlɔ/
solo,[ˈso.lo]
solo,[ˈsɔ.lɔ]
solusi,[soˈlusi]
solutif,[soˈlutɪf]
som,[ˈsɔm]
soma,/ˈsoma/
soma,[ˈso.ma]
sombar,/ˈsombar/
sombar,[ˈsom.bar]
sombong,[ˈsɔm.bɔŋ]
son,/ˈson/
son,[ˈson]
sonde,[ˈsɔnde]
sonde,[ˈsɔndə]
sonder,/ˈsonder/
sonder,/ˈsondər/
sonder,[ˈson.dər]
sonder,[ˈson.dɛr]
songket,/soŋkɛ̀t/
sopan,/ˈsɔ.pan/
sopani,/sɔˈpani/
sopankan,/sɔˈpan.kan/
sopir,/ˈsopir/
sopir,/ˈsɔpir/
sopir,[ˈso.pɪr]
sopir,[ˈsɔ.pɪr]
sorak,/ˈso.rak/
sorban,/ˈsorban/
sorban,[ˈsor.ban]
sore,/so.re/
sorgum,[ˈsɔrɡʊm]
soroban,[soˈroban]
sorot,/ˈsorot/
sorot,[ˈso.rɔt̪̚]
sorotan,/soˈrotan/
sorotan,[soˈrot̪̚.an]
sortir,[ˈsɔrtɪr]
sosbud,/ˈsosbud/
sosbud,[ˈsos.bʊt̪̚]
sosek,/ˈsosɛk/
sosek,[ˈsos.ɛk̚]
sosi,/ˈsosi/
sosi,[ˈso.si]
sosial,/soˈsial/
sosial,[soˈsi.al]
sosialisasi,[sosialiˈsasi]
sosialisme,/sosialˈismə/
sosialisme,[so.si.alˈis.mə]
sosialita,[sɔsiˈalit̪a]
sosin,/ˈsosin/
sosin,[ˈso.sɪn]
sosiodrama,/sosiodˈrama/
sosiodrama,[so.si.ot̪̚ˈra.ma]
sosiolog,[soˈsio̯.lɔk]
sosiologi,[so.sio̯ˈlo.ɡi]
sosiologi pengajaran,/so.si.oˌlo.ɡi pə.ŋaˈd͡ʒa.ran/
sosiologi pengajaran,[so.si.oˌlo.ɡi pə.ŋaˈd͡ʒa.ran]
sosiologis,/sosioˈloɡis/
sosiologis,[so.si.oˈlo.ɡɪs]
sosis,[ˈsosɪs]
sositet,[soˈsi.tɛt]
sosok,/ˈsosɔʔ/
sosong,/ˈsosoŋ/
sosong,[ˈso.sɔŋ]
soteriologi,/soterioˈloɡi/
soteriologi,[so.t̪e.ri.oˈlo.ɡi]
soto,/ˈsoto/
soto,[ˈso.t̪o]
sotong,/ˈsɔtɔŋ/
sotong,[ˈsɔ.t̪ɔŋ]
sotosop,/soˈtosop/
sotosop,[soˈt̪o.sɔp̚]
sound,/ˈsaun/
sound,/ˈson/
sound,[ˈsa.ʊn]
sound,[ˈson]
soya,/ˈsoja/
soya,[ˈso.ja]
spada,/ˈspada/
spada,[ˈspa.da]
spam,/ɛs.pe.ˈa.ɛm/
spanduk,/ˈspanduk/
spanduk,[ˈspan.dʊk̚]
spaning,/spa.niŋ/
spanyol,/ˈspaɲol/
spanyol,[ˈspa.ɲɔl]
sparing,[ˈspa.rɪŋ]
spasi,[ˈspasi]
spasial,/spaˈsial/
spasial,[spaˈsi.al]
spaten,/ˈspatən/
spaten,[ˈspa.t̪ən]
spbe,/ɛs.pe.ˈbe.e/
spbu,/ɛs.peˈbe.u/
spbu,[ɛs.peˈbe.u]
spekuk,/spəˈkuk/
spekuk,[spəˈkʊk̚]
spekulan,[spɛˈkulan]
spekulasi,[spɛkuˈlasi]
spekulatif,[spɛkuˈlatɪf]
spekulator,[spɛkuˈlatɔr]
sperma,/ˈspɛrma/
sperma,[ˈspɛr.ma]
spesial,/spəˈsial/
spesial,[spəˈsi.al]
spesialis,[spɛsiˈalɪs]
spesialisasi,/spe.si.a.li.ˈsa.si/
spesies,/spɛ.ˈsi.ɛs/
spesifik,/spɛˈsifɪk̚/
spesifikasi,[speˈsifikasi]
spesifisitas,/spesifiˈsitas/
spesimen,/speˈsimen/
spesimen,[speˈsi.mɛn]
spg,/ɛsˈpe.ɡe/
spg,[ɛsˈpe.ɡe]
spidol,/ˈspidol/
spidol,[ˈspi.dɔl]
spiku,/ˈspiku/
spiku,[ˈspi.ku]
spina,/ˈspina/
spina,[ˈspi.na]
spinal,/ˈspinal/
spinal,[ˈspi.nal]
spion,[ˈspiɔn]
spionase,[spioˈnasə]
spiral,/ˈspiral/
spiral,[ˈspi.ral]
spirit,/ˈspirit/
spirit,[ˈspi.rɪt̪̚]
spiritus,[spiˈrɪt̪ʊs]
spirometer,/spirɔˈmɛtər/
spirometer,[spi.rɔˈmɛ.t̪ər]
splp,/espe(ʔ)elpe/
spm,/ɛsˈpe.ɛm/
spm,[ɛsˈpe.ɛm]
spmb,/ɛs.peˈɛm.be/
spmb,[ɛs.peˈɛm.be]
spmk,/ɛs.pe.ˈɛm.ka/
spo,/we.ˈɛn.a/
spoed,[ˈspʊt]
spoelhoek,/spʊlhʊk̚/
spok,/ɛs.pe.ˈo.ka/
sponsor,/ˈspɔn.sɔr/
spontan,[ˈspɔntan]
spora,/ˈspora/
spora,[ˈspo.ra]
sporadis,/spo.ˈra.dɪs/
spot,[ˈspɔt]
spp,/ɛsˈpe.pe/
spp,[ɛsˈpe.pe]
sppd,/ɛs.peˈpe.de/
sppd,[ɛs.peˈpe.de]
sppt,/ɛs.peˈpe.te/
sppt,[ɛs.peˈpe.t̪e]
sprei,/s(ə)p.rei/
sprin,[sə̆ˈprɪn]
sprin,[ˈsprɪn]
sprint,/ˈsprɪn(t)/
sputum,[ˈsputʊm]
sr,/ʔɛs.ʔɛr/
sragen,/ˈsraɡɛn/
sragen,[ˈsra.ɡɛn]
sri,/s(ə)ri/
sri lanka,[ˌsri ˈlaŋka]
srigunting,/sriˈɡuntiŋ/
srigunting,[sriˈɡun̪.t̪ɪŋ]
sriti,/ˈsriti/
sriti,[ˈsri.t̪i]
sriti kembang,/ˌsriti kəmˈbaŋ/
sriti kembang,[ˌsri.t̪i kəmˈbaŋ]
sriti lumut,/ˌsriti ˈlumut/
sriti lumut,[ˌsri.t̪i ˈlu.mʊt̪̚]
sriti rumput,/ˌsriti ˈrumput/
sriti rumput,[ˌsri.t̪i ˈrum.pʊt̪̚]
ssat,/ɛ.sɛˈsa.te/
ssat,[ɛ.sɛˈsa.t̪e]
ssp,/ɛsˈɛs.pe/
ssp,[ɛsˈɛs.pe]
stabil,/ˈstabil/
stabil,[ˈst̪a.bɪl]
stabilisasi,/stabiliˈsasi/
stabilitas,/stabiˈlitas/
stabilitas,[st̪a.biˈli.t̪as]
stadion,/staˈdion/
stadion,[st̪aˈdi.ɔn]
stadium,/staˈdiʊm/
staf,/staf/
staf,[s(ə̆)taf]
staf,[s(ə̆)tap̚]
staf pimpinan,/ˌstaf pimˈpi.nan/
staf pimpinan,[ˌst̪af pimˈpi.nan]
stafsus,/ˈstafsus/
stafsus,[ˈst̪af.sʊs]
stambom,[ˈstam.bɔm]
stambuk,[ˈstambʊk]
stambul,[ˈstambʊl]
standar,/ˈstan.dar/
standar nasional pendidikan,/ˌstandar nasiˌonal pəndiˈdikan/
standar nasional pendidikan,[ˌst̪an.dar na.siˌo.nal pən.diˈdi.kan]
standardisasi,/stan.dar.di.sa.si/
standarisasi,/stan.da.ri.sa.si/
standarisasi,/stan.dar.i.sa.si/
stase,[ˈstasə]
stasi,/stasi/
stasioner,/stasiˈonɛr/
stasiun,/staˈsiun/
stasiun,/sətaˈsiun/
stasiun,[st̪aˈsi.ʊn]
stasiun,[sə.t̪aˈsi.ʊn]
stasiun pemadam kebakaran,/staˌsi.un pəˌma.dam kə.baˈka.ran/
stasiun pemadam kebakaran,[st̪aˌsi.ʊn pəˌma.dam kə.baˈka.ran]
stasiun pengisian bahan bakar umum,/staˌsi.un pə.ŋiˌsi.an ˌba.han ˌba.kar ˈu.mum/
stasiun pengisian bahan bakar umum,[st̪aˌsi.ʊn pə.ŋiˌsi.an ˌba.han ˌba.kar ˈu.mʊm]
statif,/ˈsta.tɪf/
statika,/staˈtika/
statika,[st̪aˈt̪i.ka]
statis,[ˈstatɪs]
statistik,[s(ĕ)t̪aˈt̪ɪst̪ɪk]
statistik,[st̪aˈt̪ɪst̪ɪk]
statistika,[s(ĕ)t̪at̪ɪsˈt̪ika]
statistika,[st̪at̪ɪsˈt̪ika]
statistika terapan,/statɪsˈtika təˈrapan/
statistikawan,/statistiˈkawan/
statistikawan,[st̪a.t̪is.t̪iˈka.wan]
statistis,[s(ĕ)t̪aˈt̪ɪst̪ɪs]
statistis,[st̪aˈt̪ɪst̪ɪs]
statistisi,/statisˈtisi/
statistisi,[st̪a.t̪isˈt̪i.si]
stator,/ˈstator/
stator,[ˈst̪a.t̪ɔr]
status,[ˈsta.tʊs]
statuta,[staˈtuta]
statuter,[staˈtutɛr]
steger,/ˈsteɡər/
steger,[ˈst̪e.ɡər]
stek,/ˈstek/
stek,[ˈst̪ɛk̚]
steker,/ˈstekər/
steker,[ˈst̪e.kər]
stele,[ˈstele]
stem,/ˈstɛm/
stem,[ˈst̪ɛm]
stempel,[ˈst̪ɛmpəl]
step,/ˈstɛp/
step,[ˈst̪ɛp̚]
ster,/ˈstɛr/
ster,[ˈst̪ɛr]
stereotipe,/stereoˈtipə/
steril,[ˈst̪ɛrɪl]
sterilisasi,/ste.ri.li.ˈsa.si/
stia,/ɛsˈte.ja/
stia,[ɛsˈt̪e.ja]
stikes,/ˈsti.kəs/
stikes,[ˈst̪i.kəs]
stilus,[ˈstilʊs]
stimulus,[stiˈmulʊs]
stimulus,[sə̆tiˈmulʊs]
stipendium,[sti.pɛnˈdi.ʊm]
stkip,/ɛs.te.kaˈi.pe/
stkip,[ɛs.t̪e.kaˈi.pe]
stm,/ɛsˈte.ɛm/
stm,[ɛsˈt̪e.ɛm]
stn,/ɛsˈte.ɛn/
stn,[ɛsˈt̪e.ɛn]
stnk,/ɛs.teˈɛn.ka/
stnk,[ɛs.t̪eˈɛn.ka]
sto,/ɛsˈte.o/
sto,[ɛsˈt̪e.o]
stoikiometri,/stoi̯kioˈmetri/
stoikiometri,[st̪oi̯.ki.oˈme.t̪ri]
stok,[ˈstɔk̚]
stola,/ˈstola/
stola,[ˈst̪o.la]
stop,[ˈst̪ɔp̚]
stopkontak,/stɔpˈkontak/
stopkontak,[st̪ɔp̚ˈkon̪.t̪ak̚]
stoples,/səˈtɔplɛs/
stoples,/ˈstɔplɛs/
stpdn,/ɛs.te.peˈde.ɛn/
stpdn,[ɛs.t̪e.peˈde.ɛn]
str,/esˈte.er/
str,[esˈt̪e.ɛr]
strata,[ˈstrata]
strategi,/straˈteɡi/
strategi,[st̪raˈt̪e.ɡi]
strategis,[straˈtɛɡɪs]
stratifikasi,[st̪rat̪ifiˈkasi]
stratokrasi,/stratokˈrasi/
stratokrasi,[st̪ra.t̪ok̚ˈra.si]
stratovolkano,/stratovolˈkano/
stratovolkano,[st̪ra.t̪o.folˈka.no]
stratovulkano,/stratovulˈkano/
stratovulkano,[st̪ra.t̪o.fulˈka.no]
stratum,[ˈstratʊm]
stres,[ˈstrɛs]
stroberi,[s(ə)trobɛri]
strok,[ˈstrɔk]
struktur,/ˈstruk.tur/
struktur,[ˈst̪rʊk̚.t̪ʊr]
struktural,/strukˈtu.ral/
strukturalisasi,/strʊk̚.tu.ra.liˈsa.si/
strukturalisme,/struk.tu.raˈlis.mə/
struma,[ˈstruma]
stsi,/ɛs.teˈɛ.si/
stsi,[ɛs.t̪eˈɛ.si]
sttb,/ɛs.teˈte.be/
sttb,[ɛs.t̪eˈt̪e.be]
studen,/ˈstudən/
studen,[ˈst̪u.dən]
studi,[ˈstudi]
studi kasus,/ˈstu.di ˈka.sʊs/
studio,[ˈstudio̯]
su,/ˈɛs.u/
su,[ˈɛs.u]
suai,/ˈsuai̯/
suai,[ˈsu.ai̯]
suaian,/suˈai̯an/
suaian,[suˈai̯.an]
suami,/ˈsua̯.mi/
suap,/ˈsuap/
suap,[ˈsu.ap̚]
suar,[ˈsua̯r]
suara,/suˈara/
suara,[suˈa.ra]
suasa,/suˈasa/
suasa,[suˈa.sa]
suasana,/suaˈsana/
suasana,[su.aˈsa.na]
suatu,/suˈatu/
suatu,[suˈa.t̪u]
subadi,/suˈbadi/
subadi,[suˈba.di]
subang,/ˈsu.baŋ/
subang,[ˈsu.baŋ]
subjek,/sub.d͡ʒɛk/
sublimasi,/subliˈmasi/
sublimasi,/sʊpliˈmasi/
submisif,/subˈmisif/
submisif,[sup̚ˈmi.sɪf]
subsider,[sʊbˈsidɛr]
subsidi,[sʊp̚ˈsidi]
subsidiaritas,/subsidiaˈritas/
subsidiaritas,[sup̚.si.di.aˈri.t̪as]
substansial,/substanˈsial/
substansial,[subs.t̪anˈsi.al]
substantif,[sʊp̚ˈstantɪf]
substitusi,/sʊp.sti.ˈtu.si/
subuco,/su.bu.t͡ʃo/
subuh,/ˈsubuh/
subuh,[ˈsu.bʊh]
subur,/ˈsu.bur/
suburban,/suˈburban/
suburban,[suˈbur.ban]
suburbanisasi,/suburbaniˈsasi/
suburbanisasi,[su.bur.ba.niˈsa.si]
subversi,/ˈsubvərsi/
subversi,[ˈsup̚.fər.si]
subversif,[sʊpˈvɛrsɪf]
subyek,/sub.jək/
subyek,/sub.jɛk/
suci,/ˈsut͡ʃi/
suci,[ˈsu.t͡ʃi]
suda,/ˈsu.da/
suda,[ˈsu.da]
sudah,/ˈsudah/
sudah,[ˈsu.dah]
sudahkan,/suˈdahkan/
sudahkan,[suˈdah.kan]
sudan selatan,/ˌsudan səˈlatan/
sudan selatan,[ˌsu.dan səˈla.t̪an]
sudarsono,/sudarˈsono/
sudarsono,[su.darˈso.no]
sudaryanto,/sudaˈrjanto/
sudaryanto,[su.daˈrjan̪.t̪o]
sudi,[ˈsud̪i]
sudibyo,/suˈdibjo/
sudibyo,[suˈdip̚.jo]
sudoku,/su.do.ku/
sudono,/suˈdono/
sudono,[suˈdo.no]
sudra,/ˈsudra/
sudra,[ˈsu.dra]
sudu,/ˈsudu/
sudu,[ˈsu.du]
sudut,/ˈsu.dʊt/
suf,/ˈsʊf/
sufor,/ˈsufor/
sufor,[ˈsu.fɔr]
sugeng,/ˈsuɡəŋ/
sugeng,[ˈsu.ɡəŋ]
sugesti,[suˈɡɛsti]
sugi,/ˈsuɡi/
sugi,[ˈsu.ɡi]
sugih,/ˈsuɡih/
sugih,[ˈsu.ɡɪh]
sugiyanto,/suɡiˈjanto/
sugiyanto,[su.ɡiˈjan̪.t̪o]
suh,/ˈsuh/
suh,[ˈsʊh]
suhariyanto,/suhariˈjanto/
suhariyanto,[su.ha.riˈjan̪.t̪o]
suharyanto,/suhaˈrjanto/
suharyanto,[su.haˈrjan̪.t̪o]
suhian,/suˈhian/
suhu,[ˈsu.hu]
suiseki,/suiˈseki/
suiseki,[su.iˈse.ki]
sujadi,/suˈd͡ʒadi/
sujadi,[suˈd͡ʒa.di]
sujiman,/suˈd͡ʒiman/
sujiman,[suˈd͡ʒi.man]
sujud,/ˈsud͡ʒʊt̚/
suka,/ˈsuka/
suka,[ˈsu.ka]
sukabumi,/sukaˈbumi/
sukabumi,[su.kaˈbu.mi]
sukacita,[sukaˈt͡ʃita]
sukakan,/suˈkakan/
sukakan,[suˈka.kan]
sukanto,/suˈkanto/
sukanto,[suˈkan̪.t̪o]
sukar,/ˈsukar/
sukar,[ˈsu.kar]
sukarela,/sukaˈrela/
sukarela,[su.kaˈre.la]
sukarelawan,/sukareˈlawan/
sukarelawan,[su.ka.reˈla.wan]
sukarmin,/suˈkarmin/
sukarmin,[suˈkar.mɪn]
sukarno,/suˈkarno/
sukarno,[suˈkar.no]
sukasno,/suˈkasno/
sukasno,[suˈkas.no]
suket,/ˈsukət̚/
suket,/ˈsukɛt/
suket,[ˈsu.kɛt̪̚]
sukini,/suˈkini/
sukini,[suˈki.ni]
sukirnanto,/sukirˈnanto/
sukirnanto,[su.kirˈnan̪.t̪o]
sukirno,/suˈkirno/
sukirno,[suˈkir.no]
sukma,/ˈsuʔma/
sukma,[ˈsuʔ.ma]
sukses,/ˈsuksɛs/
sukses,[ˈsuk̚.sɛs]
suksesi,[sʊʔˈsɛsi]
suksesif,[sʊʔˈsɛsɪf]
sukseskan,/sukˈsɛskan/
sukseskan,[suk̚ˈsɛs.kan]
suksini,/sukˈsini/
suksini,[suk̚ˈsi.ni]
suku,/ˈsuku/
suku,[ˈsu.ku]
suku bangsa,[ˈsuku ˈbaŋsa]
suku bunga,[ˈsuku ˈbuŋa]
suku cadang,/ˌsuku ˈt͡ʃadaŋ/
suku cadang,[ˌsu.ku ˈt͡ʃa.daŋ]
suku dinas,[ˈsuku ˈd̪inas]
suku kata,[ˈsuku ˈkat̪a]
sukuk,/ˈsu.kuk/
sukuk,[ˈsu.kʊk̚]
sukun,/ˈsukun/
sukun,[ˈsu.kʊn]
sukurno,/suˈkurno/
sukurno,[suˈkur.no]
sulang,/ˈsulaŋ/
sulang,[ˈsu.laŋ]
sulap,/ˈsulap/
sulap,[ˈsu.lap̚]
sulawesi,[sulaˈwesi]
sulawesi tenggara,/sulaˌwɛsi təŋˈɡara/
sulawesi tenggara,[su.laˌwɛ.si t̪əŋˈɡa.ra]
sulbar,/ˈsulbar/
sulbar,[ˈsul.bar]
sulfur,/ˈsulfur/
sulfur,[ˈsul.fʊr]
sulih,/ˈsulih/
sulih,[ˈsu.lɪh]
suling,/ˈsuliŋ/
suling,[ˈsu.lɪŋ]
sulit,/ˈsulɪt̚/
sulsel,/ˈsulsəl/
sulsel,[ˈsul.səl]
sultan,[ˈsʊltan]
sulteng,/ˈsultəŋ/
sulteng,[ˈsul.t̪əŋ]
sultra,/ˈsultra/
sultra,[ˈsul.t̪ra]
suluh,/ˈsu.luh/
suluh,[ˈsu.lʊh]
sulung,/ˈsuluŋ/
sulung,[ˈsu.lʊŋ]
sulut,/ˈsulut/
sulut,[ˈsu.lʊt̪̚]
sumadi,/suˈmadi/
sumadi,[suˈma.di]
sumanto,/suˈmanto/
sumanto,[suˈman̪.t̪o]
sumardi,/suˈmardi/
sumardi,[suˈmar.di]
sumarjono,/sumarˈd͡ʒono/
sumarjono,[su.marˈd͡ʒo.no]
sumarno,/suˈmarno/
sumarno,[suˈmar.no]
sumartono,/sumarˈtono/
sumartono,[su.marˈt̪o.no]
sumarwoto,/sumaˈrwoto/
sumarwoto,[su.maˈrwo.t̪o]
sumatera,/suˈma.tra/
sumatera,/suˈma.tə.ra/
sumatera,[suˈma.t̪ra]
sumatera,[suˈma.t̪ə.ra]
sumatif,/su.ˈma.tɪf/
sumbangan,/sumˈbaŋan/
sumbangan,[sumˈba.ŋan]
sumbangsih,/sumˈbaŋsih/
sumbangsih,[sumˈbaŋ.sɪh]
sumbar,/ˈsumbar/
sumbar,[ˈsum.bar]
sumbawa,/sumˈbawa/
sumbawa,[sumˈba.wa]
sumber,/ˈsumbər/
sumber,[ˈsum.bər]
sumber daya,/ˌsumbər ˈdaja/
sumber daya,[ˌsum.bər ˈda.ja]
sumbu,/ˈsumbu/
sumbu,[ˈsum.bu]
sumbu simetri,/ˌsumbu siˈmetri/
sumbu simetri,[ˌsum.bu siˈme.t̪ri]
sumbut,[ˈsʊmbʊt̚]
sumo,/su.mo/
sumpah,/ˈsumpah/
sumpah,[ˈsum.pah]
sumpah serapah,/ˈsʊmpah səˈrapah/
sumpit,/ˈsumpit/
sumpit,[ˈsum.pɪt̪̚]
sumsel,/ˈsumsəl/
sumsel,[ˈsum.səl]
sumsum,/ˈsumsum/
sumsum,[ˈsum.sʊm]
sumur,/ˈsumur/
sumur,[ˈsu.mʊr]
sumur bor,/ˌsumur ˈbor/
sumur bor,[ˌsu.mʊr ˈbɔr]
sumuran,/suˈmu.ran/
sumuran,[suˈmu.ran]
sumut,/ˈsumut/
sumut,[ˈsu.mʊt̪̚]
sun,[ˈsʊn]
sunah,/ˈsunah/
sunah,[ˈsu.nah]
sunarjo,/suˈnard͡ʒo/
sunarjo,[suˈnar.d͡ʒo]
sunarman,/suˈnarman/
sunarman,[suˈnar.man]
sunarmin,/suˈnarmin/
sunarmin,[suˈnar.mɪn]
sunarmo,/suˈnarmo/
sunarmo,[suˈnar.mo]
sunarso,/suˈnarso/
sunarso,[suˈnar.so]
sunarsoyo,/sunarˈsojo/
sunarsoyo,[su.narˈso.jo]
sunarto,/suˈnarto/
sunarto,[suˈnar.t̪o]
sunaryo,/suˈnarjo/
sunaryo,[suˈnar.jo]
sunat,[ˈsunat̪̚]
sunda,/ˈsunda/
sunda,[ˈsun.da]
sundal,[ˈsʊndal]
sundari,/sunˈdari/
sundari,[sunˈda.ri]
sundari,[sʊnˈdari]
sundul,/sun.dʊl/
sung,/ˈsuŋ/
sung,[ˈsuŋ]
sungai,/ˈsuŋai̯/
sungai,[ˈsu.ŋai̯]
sungguh,/ˈsuŋɡuh/
sungguh,[ˈsuŋ.ɡʊh]
sungguh-sungguh,/ˌsuŋɡuh ˈsuŋɡuh/
sungguh-sungguh,[ˌsuŋ.ɡʊh ˈsuŋ.ɡʊh]
sungkit,/ˈsuŋkit/
sungkit,[ˈsuŋ.kɪt̪̚]
sungsang,/ˈsʊŋsaŋ/
sungut,/ˈsuŋʊt/
sunmori,/sanˈmori/
sunmori,/sunˈmori/
sunmori,[sanˈmo.ri]
sunmori,[sunˈmo.ri]
suntik,/ˈsuntik/
suntik,[ˈsun̪.t̪ɪk̚]
suntikan,/sunˈtikan/
suntikan,[sun̪ˈt̪i.kan]
sunting,/ˈsuntiŋ/
sunting,[ˈsun̪.t̪ɪŋ]
suntingan,[sʊntiŋan]
suntono,/sunˈtono/
suntono,[sun̪ˈt̪o.no]
sunyi,[ˈsuɲi]
sup,[ˈsʊp̚]
suparman,/suˈparman/
suparman,[suˈpar.man]
supaya,/suˈpaja/
supel,/ˈsu.pəl/
superadmin,/supərˈadmin/
superadmin,[su.pərˈat̪̚.mɪn]
superadministrator,/supəradminisˈtrator/
superadministrator,[su.pər.at̪̚.mi.nisˈt̪ra.t̪ɔr]
superior,/su.pəˈri.or/
superior,[su.pəˈri.ɔr]
superpli,/suˈpərpli/
superpli,[suˈpər.pli]
supervisi,/supərˈvisi/
supervisi,[su.pərˈfi.si]
suplai,/ˈsʊplai̯/
supomo,/suˈpomo/
supomo,[suˈpo.mo]
suporter,/suˈpɔrtər/
suporter,[suˈpɔr.t̪ər]
supositoria,/su.pɔ.si.tɔˈri.a/
supranasional,/supranasiˈonal/
supranasional,[sup̚.ra.na.siˈo.nal]
supranasionalisme,/supranasionaˈlismə/
supranasionalisme,[sup̚.ra.na.si.o.naˈlis.mə]
supremasi,/supreˈmasi/
supremasi,[sup̚.reˈma.si]
supriyanto,/supriˈjanto/
supriyanto,[sup̚.riˈjan̪.t̪o]
supriyono,/supriˈjono/
supriyono,[sup̚.riˈjo.no]
suprono,/supˈrono/
suprono,[sup̚ˈro.no]
surabaya,/suraˈbaja/
surah,[ˈsurah]
surakarta,/suraˈkarta/
surakarta,[su.raˈkar.t̪a]
suralaya,[suraˈlaja]
surat,/ˈsurat/
surat,[ˈsu.rat̪̚]
surat edaran,/ˈsu.rat ˈɛdar.an/
surat izin mengemudi,/ˌsurat ˌizin məŋəˈmudi/
surat izin mengemudi,[ˌsu.rat̪̚ ˌi.zɪn mə.ŋəˈmu.di]
surat kabar,/ˌsurat ˈkabar/
surat kabar,[ˌsu.rat̪̚ ˈka.bar]
surat kematian,[ˈsurat̚ kəmaˈtian]
surat keputusan,/ˌsu.rat kə.puˈtu.san/
surat keputusan,[ˌsu.rat̪̚ kə.puˈt̪u.san]
surat muatan kapal,/ˈsu.rat mu.ˈat.an ˈka.pal/
surat perintah,[ˈsurat peˈrɪntah]
surat perintah penahanan,[ˈsurat peˈrɪntah pənaˈhanan]
surat sanggup,/ˌsurat ˈsaŋɡup/
surat sanggup,[ˌsu.rat̪̚ ˈsaŋ.ɡʊp̚]
surat tanda tamat belajar,/ˌsu.rat ˌtan.da ˌta.mat bəˈla.d͡ʒar/
surat tanda tamat belajar,[ˌsu.rat̪̚ ˌt̪an.da ˌt̪a.mat̪̚ bəˈla.d͡ʒar]
surati,/suˈrati/
surati,[suˈra.t̪i]
suratkan,/suˈratkan/
suratkan,[suˈrat̪̚.kan]
surau,[ˈsurau̯]
surga,/ˈsʊrɡa/
suri,/ˈsuri/
suri,[ˈsu.ri]
suriah,[suˈriah]
suriname,/suriˈnamə/
suriname,[su.riˈna.mə]
surjan,/ˈsurd͡ʒan/
surjan,[ˈsur.d͡ʒan]
suroto,/suˈroto/
suroto,[suˈro.t̪o]
suruh,/ˈsuruh/
suruh,[ˈsu.rʊh]
suruhkan,/suˈruhkan/
suruhkan,[suˈruh.kan]
survei,/ˈsʊr.vei̯/
surya,/ˈsurja/
surya,[ˈsur.ja]
suryakanta,[sʊrjaˈkanta]
suryani,/suˈrjani/
suryani,[suˈrja.ni]
suryo,/ˈsurjo/
suryo,[ˈsur.jo]
suryodarmo,/surjoˈdarmo/
suryodarmo,[sur.joˈdar.mo]
sus,/ˈsus/
sus,[ˈsʊs]
susetyo,/suˈsətjo/
susetyo,[suˈsət̪̪.jo]
susila,/suˈsila/
susila,[suˈsi.la]
suspek,[ˈsʊspɛk̚]
suspensi,/susˈpɛnsi/
suspensi,[susˈpen.si]
suster,/ˈsustər/
suster,[ˈsus.t̪ər]
susu,/ˈsusu/
susu,[ˈsu.su]
susu formula,/ˌsu.su forˈmu.la/
susu formula,[ˌsu.su forˈmu.la]
susuk,/ˈsusʊʔ/
susul,/ˈsusul/
susul,[ˈsu.sʊl]
susulan,[suˈsʊlan]
susun,/ˈsusun/
susun,[ˈsu.sʊn]
susunan,/suˈsunan/
susunan,[suˈsu.nan]
susur,/ˈsusur/
susur,[ˈsu.sʊr]
susut,/ˈsu.sʊt̚/
susutan,/suˈsu.tan/
susuti,/suˈsuti/
susuti,[suˈsu.t̪i]
suswantoyo,/suswanˈtojo/
suswantoyo,[sus.wan̪ˈt̪o.jo]
susyi,/su.ʃi/
sutarto,/suˈtarto/
sutarto,[suˈt̪ar.t̪o]
sutlung,/ˈsutluŋ/
sutlung,[ˈsut̪̚.lʊŋ]
sutm,/ɛ.suˈte.te/
sutm,[ɛ.suˈt̪e.t̪e]
sutopo,/suˈtopo/
sutopo,[suˈt̪o.po]
sutra,/su.tra/
sutradara,[sutraˈdara]
sutradara,[sʊtraˈdara]
sutura,/suˈtura/
sutura,[suˈt̪u.ra]
suvenir,/suvəˈnir/
suvenir,[su.fəˈnɪr]
suwanto,/suˈwanto/
suwanto,[suˈwan̪.t̪o]
suwer,/ˈsuwer/
suwer,[ˈsu.wɛr]
suwir,/ˈsuwir/
suwir,[ˈsu.wɪr]
suyono,/suˈjono/
suyono,[suˈjo.no]
swaatur,/swaˈatur/
swaatur,[swaˈa.t̪ʊr]
swacala,/swaˈt͡ʃala/
swacala,[swaˈt͡ʃa.la]
swafilter,/swaˈfiltər/
swafilter,[swaˈfil.t̪ər]
swafoto,/swa.fo.to/
swakriya,/swaˈkrija/
swalayan,[swaˈlajan]
swamedikasi,/swamɛdiˈkasi/
swamedikasi,[swa.mɛ.diˈka.si]
swapanggah,/swaˈpaŋɡah/
swapanggah,[swaˈpaŋ.ɡah]
swapraja,[swaˈpra.d͡ʒa]
swarga,/swarɡa/
swasembada,/swa.səm.ba.da/
swasta,/ˈswasta/
swasta,[ˈswas.t̪a]
swatantra,/swaˈtantra/
swatantra,[swaˈt̪an̪.t̪ra]
swike,[ˈswike]
swipoa,[ˈswi.poa̯]
swiss,/ˈs(u)wɪs/
syabas,/ˈʃa.bas/
syah,/ˈʃah/
syah,[ˈʃah]
syahadat,/ʃaˈha.dat̚/
syahbandar,/ʃah.ban.dar/
syahdan,[ˈʃahdan]
syahid,/ˈʃahid/
syahid,[ˈʃa.hɪt̪̚]
syahsiah,/ʃahˈsiah/
syahsiah,[ʃahˈsi.ah]
syahwat,[ˈʃahwat]
syair,[ˈʃaɪr]
syaitan,/ˈʃai̯tan/
syaitan,[ˈʃai̯.t̪an]
syak,/ˈʃak̚/
syakban,/ˈʃaʔban/
syakban,[ˈʃaʔ.ban]
syal,/ˈʃal/
syal,[ˈʃal]
syala,[ˈʃala]
syalom,/ˈʃalom/
syalom,[ˈʃa.lɔm]
syamsi,/ˈʃamsi/
syamsu,/ˈʃamsu/
syamsu,[ˈʃam.su]
syamsuddin,/ʃamˈsudin/
syamsuddin,[ʃamˈsu.dɪn]
syarah,[ˈʃarah]
syarahan,/ʃa.ˈrah.an/
syarat,/ˈʃarat/
syarat,[ˈʃa.rat̪̚]
syarat dan ketentuan,[ˈʃarat̚ ˈdan kətənˈtuan]
syarbat,[ˈʃarbat̚]
syariat,/ʃaˈriat/
syariat,[ʃaˈri.at̪̚]
syarikah,/ʃaˈrikah/
syarikah,[ʃaˈri.kah]
syarikat,/ʃaˈrikat/
syarikat,[ʃaˈri.kat̪̚]
syawal,/ˈʃawal/
syawal,[ˈʃa.wal]
syirik,/ˈʃirik/
syirik,[ˈʃi.rɪk̚]
syiwa,[ˈʃi.wa]
syodo,/ˈʃodo/
syodo,[ˈʃo.do]
syogun,/ˈʃoɡun/
syogun,[ˈʃo.ɡʊn]
syok,/ˈʃok/
syok,[ˈʃɔk̚]
syok kardiogenik,/ˈʃɔk kar.dio.ˈɡe.nɪk/
syoyu,[ˈʃoju]
syukur,/ʃuˈkʊr/
syukur,/ˈʃukʊr/
syukuri,/ʃuˈkuri/
syuriken,/ʃu.ri.kɛn/
syuu,/ˈʃuu̯/
syuu,[ˈʃu.(ʔ)u̯]
ta,[ˈtea]
taaruf,/taaruf/
taasub,/ˌtaˈa.sub/
taasub,[ˌt̪aˈa.sʊp̚]
taat,/ˈta.ʔat̚/
tabah,[ˈtabah]
tabal,/ˈta.bal/
tabayun,/taˈbajun/
tabayun,[t̪aˈba.jʊn]
tabe,[ˈtabe]
tabebuya,/tabeˈbuja/
tabebuya,[t̪a.beˈbu.ja]
tabel,/ˈtabəl/
tabel,/ˈtabɛl/
tabel kebenaran,/ˈta.bəl kə.bə.ˈnar.an/
tabelaris,/tabəlarɪs/
tabernakel,[ta.bərˈna.kəl]
tabiat,/taˈbiat/
tabiat,[t̪aˈbi.at̪̚]
tabib,/ˈta.bib/
tabib,[ˈt̪a.bɪp̚]
tabik,/ˈtabiʔ/
tabik,[ˈt̪a.bɪʔ]
tabir,[ˈt̪abɪr]
tablet,[ˈtablɛt]
tablig,/ˈtablɪk̚/
tablo,/ˈtablo/
tablo,[ˈt̪a.blo]
tabok,/ˈtabok/
tabok,[ˈt̪a.bɔk̚]
tabrak,/tabˈraʔ/
tabrakan,/tabˈra.kan/
tabu,/ˈtabu/
tabuh,/ˈtabuh/
tabuh,[ˈt̪a.bʊh]
tabuhan,[taˈbʊhan]
tabung,/ˈtabuŋ/
tabung,[ˈt̪a.bʊŋ]
tabung benih,/ˌtabuŋ bəˈnih/
tabung benih,[ˌt̪a.bʊŋ bəˈnɪh]
tabungan,/taˈbʊŋan/
tabur,/ˈtabʊr/
taburan,/ta.ˈbʊr.an/
taburkan,/taˈburkan/
taburkan,[t̪aˈbur.kan]
tabut,/ˈtabʊt̚/
taci,/ˈtat͡ʃi/
taci,[ˈt̪a.t͡ʃi]
taco,/ˈta.t͡ʃo/
taco,[ˈt̪a.t͡ʃo]
tadah,/ˈtadah/
tadarus,/tadarus/
tadeus,/taˈdeus/
tadeus,[t̪aˈde.ʊs]
tafeta,/taˈfɛta/
tafeta,[t̪aˈfɛ.t̪a]
tafsir,/ˈtafsɪr/
tafsiran,/tafˈsi.ran/
tafsirin,/tafˈsi.rɪn/
tafsirkan,/tafˈsir.kan/
tagar,/ˈtaɡar/
tagar,[ˈt̪a.ɡar]
tagih,/ˈtaɡih/
tagih,[ˈt̪a.ɡɪh]
tagihan,/taˈɡihan/
tagihan,[t̪aˈɡi.han]
tahan,/ˈtahan/
tahan,[ˈt̪a.han]
tahana,/taˈhana/
tahana,[t̪aˈha.na]
tahanan,/taˈhanan/
tahanan politik,/ta.ˈhan.an po.ˈli.tik/
tahap,/ˈta.hap/
tahbis,/ˈtahbis/
tahbis,[ˈt̪ah.bɪs]
tahbisan,/tahˈbisan/
tahbisan,[t̪ahˈbi.san]
tahi,/ta.hi/
tahi,/ta.i/
tahil,[tahil]
tahir,/ˈtahir/
tahir,[ˈt̪a.hɪr]
tahkim,/ˈtahkɪm/
tahsin,/ˈtahsin/
tahsin,[ˈt̪ah.sɪn]
tahu,/ˈtahu/
tahu,/ˈtau̯/
tahu,[ˈt̪a.hu]
tahu,[ˈt̪au̯]
tahu-menahu,/ˌtahu məˈnahu/
tahu-menahu,/ˌtau məˈnau/
tahu-menahu,/ˌtau̯ məˈnahu/
tahu-menahu,[ˌt̪a.hu məˈna.hu]
tahu-menahu,[ˌt̪a.u məˈna.u]
tahu-menahu,[ˌt̪au̯ məˈna.hu]
tahu-tahu,/ta.(h)uˈta.(h)u/
tahui,/taˈhu.i/
tahun,/ˈtahun/
tahun,[ˈt̪a.hʊn]
tahun anggaran,[ˈtahʊn aŋˈɡaran]
tahun baru,/tahʊn baru/
tahun baru imlek,/ˌtahun ˌbaru ˈimlek/
tahun baru imlek,[ˌt̪a.hʊn ˌba.ru ˈim.lɛk̚]
tahun buku,/ˈtahʊn ˈbuku/
tahun cahaya,/tahʊn t͡ʃahaja/
tahun kalender,/ta.hʊn kaˈlen.dər/
tahun takwim,/ta.hʊn ˈtaʔ.wim/
tahunan,/taˈhunan/
tahunan,[t̪aˈhu.nan]
taifun,[ˈtai̯fun]
taiko,[ˈtai̯ko]
taikun,[ˈtai̯kʊn]
taipan,/ˈtai̯pan/
taipan,[ˈt̪ai̯.pan]
taiso,/tai.so/
taiwan,/ˈtai̯.wan/
tajam,/ˈtad͡ʒam/
tajam,[ˈt̪a.d͡ʒam]
tajen,/ˈtad͡ʒen/
tajen,[ˈt̪a.d͡ʒɛn]
taji,[ˈtad͡ʒi]
tajin,/ta.d͡ʒɪn/
tajir,[ˈta.d͡ʒɪr]
taju,/ˈtad͡ʒu/
tajuk,[ˈta.d͡ʒʊk̚]
tajwid,/ˈtad͡ʒwid/
tajwid,[ˈt̪ad͡ʒ.wɪt̪̚]
tak,/ˈtak/
tak,/ˈtaʔ/
tak,[ˈt̪ak̚]
tak,[ˈt̪aʔ]
takaful,/taˈkaful/
takaful,[t̪aˈka.fʊl]
takah,/ˈtakah/
takah,[ˈt̪a.kah]
takak,/ˈtakak/
takak,[ˈt̪a.kak̚]
takal,/ˈta.kal/
takar,/ˈtakar/
takarir,[t̪aˈkarɪr]
takbenda,/taʔbənˈda/
takbenda,[t̪aʔ.bənˈda]
takdir,/ˈtakdir/
takdir,[ˈt̪ak̚.dɪr]
takeyari,/ta.ke.ya.ri/
takhta,/tax.ta/
takik,/ˈtakik/
takik,[ˈt̪a.kɪk̚]
takikardia,/ta.ki.ˈkar.dia̯/
takjil,/ˈtakd͡ʒil/
takjil,[ˈt̪ak̚.d͡ʒɪl]
takjilan,/takˈd͡ʒilan/
takjilan,[t̪ak̚ˈd͡ʒi.lan]
taklimat,/taʔˈlimat̚/
takluk,/ˈtakluk/
takluk,/ˈtaʔluk/
takluk,[ˈt̪ak̚.lʊk̚]
takluk,[ˈt̪aʔ.lʊk̚]
taklukan,/takˈlukan/
taklukan,/taʔˈlukan/
taklukan,[t̪ak̚ˈlu.kan]
taklukan,[t̪aʔˈlu.kan]
taklukkan,/takˈlukan/
taklukkan,/taʔˈlukan/
taklukkan,[t̪ak̚ˈlu.kan]
taklukkan,[t̪aʔˈlu.kan]
tako,/ˈta.ko/
tako,[ˈt̪a.ko]
takometer,/takoˈmetər/
takometer,[t̪a.koˈme.t̪ər]
takoyaki,/takoˈjaki/
takoyaki,[t̪a.koˈja.ki]
takraw,/ˈtak̚.rau̯/
takraw,/ˈtak̚.raw/
takrif,/ˈtaʔrɪf/
takrir,[ˈt̪aʔrɪr]
taksaka,/takˈsaka/
taksi,/ˈtaksi/
taksi,[ˈt̪ak̚.si]
taksir,/ˈtak̚sɪr/
taksu,[ˈtaʔsu]
taktik,[ˈtaktɪk]
taktil,/ˈtaktil/
taktil,[ˈt̪ak̚.t̪ɪl]
takut,/ˈtakut/
takut,[ˈt̪a.kʊt̪̚]
takwa,/ˈtaʔwa/
takwa,[ˈt̪aʔ.wa]
takwid,/ˈtakwid/
takwid,[ˈt̪ak̚.wɪt̪̚]
takwim,/ˈtakwim/
takwim,[ˈt̪ak̚.wɪm]
takziah,/taʔˈziah/
takziah,[t̪aʔˈzi.ah]
takzir,/ˈtaʔzir/
takzir,[ˈt̪aʔ.zɪr]
tala,/ˈtala/
tala,[ˈt̪a.la]
talak,/ˈtalak/
talak,[ˈt̪a.lak̚]
talalahu,/talaˈlahu/
talalahu,[t̪a.laˈla.hu]
talam,[ˈt̪alam]
talas,[ˈt̪a.las]
talenta,/ta.ˈlɛn.ta/
tali,/ˈtali/
tali,[ˈt̪a.li]
tali busur,/ˈta.li ˈbu.sʊr/
tali pinggang,[ˈtali ˈpɪŋɡaŋ]
tali pusar,/ˌtali ˈpusar/
tali pusar,[ˌt̪a.li ˈpu.sar]
tali pusat,/ˌtali ˈpusat/
tali pusat,[ˌt̪a.li ˈpu.sat̪̚]
talian,/taˈlian/
talk,[ˈtalk]
talk,[ˈtalə̆k]
taluki,/taˈluki/
taluki,[t̪aˈlu.ki]
talunan,/taˈlu.nan/
tamadun,/taˈmadun/
tamadun,[t̪aˈma.dʊn]
tamagoyaki,[tamaɡoˈjaki]
tamak,[ˈtamaʔ]
taman,[ˈt̪a.man]
taman bacaan,/ˈta.man baˈtʃa.ʔan/
taman hiburan,/ˌta.man hiˈbu.ran/
taman hiburan,[ˌt̪a.man hiˈbu.ran]
taman kanak-kanak,/ˈtaman ˈkanak̚ ˈkanak̚/
taman nasional,/ˌtaman nasiˈonal/
taman nasional,[ˌt̪a.man na.siˈo.nal]
taman pustaka,/ˈta.man pusˈta.ka/
taman sesat,/ˈta.man sə.ˈsat̚/
taman wisata alam,/ˌta.man wiˌsa.ta ˈa.lam/
taman wisata alam,[ˌt̪a.man wiˌsa.t̪a ˈa.lam]
tamasya,[taˈma.ʃa]
tamat,/ˈtamat/
tamat,[ˈt̪a.mat̪̚]
tamatan,/taˈmat̚an/
tamatkan,/taˈmatkan/
tamatkan,[t̪aˈmat̪̚.kan]
tambah,/ˈtambah/
tambah,[ˈt̪am.bah]
tambahan,[tamˈbahan]
tambahkan,/tamˈbahkan/
tambahkan,[t̪amˈbah.kan]
tambak,/ˈtambaʔ/
tambak,[ˈt̪am.baʔ]
tambakan,/tamˈbakan/
tambakan,[t̪amˈba.kan]
tambalan,/tamˈbalan/
tambalan,[t̪amˈba.lan]
tambang,[ˈtambaŋ]
tambur,/ˈtambʊr/
tamil,/ˈtamil/
tamil,[ˈt̪a.mɪl]
tampak,/ˈtampak/
tampak,/ˈtampaʔ/
tampak,[ˈt̪am.pak̚]
tampak,[ˈt̪am.paʔ]
tampaknya,/tamˈpaʔɲa/
tampaknya,[t̪amˈpaʔ.ɲa]
tampal,/ˈtampal/
tampal,[ˈt̪am.pal]
tampan,/ˈtam.pan/
tampanan,/tamˈpa.nan/
tampang,[ˈtampaŋ]
tampar,/ˈtampar/
tampar,[ˈt̪am.par]
tampi,[ˈtampi]
tampil,/tampil/
tampung,/ˈtampʊŋ/
tampungan,/tamˈpuŋan/
tampungan,[t̪amˈpu.ŋan]
tamtama,/tamˈtama/
tamu,[tamu]
tanah,/ˈtanah/
tanah,[ˈt̪a.nah]
tanah air,/ˌtanah ˈair/
tanah air,[ˌt̪a.nah ˈa.ɪr]
tanah genting,/ˌtanah ɡənˈtiŋ/
tanah genting,[ˌt̪a.nah ɡən̪ˈt̪iŋ]
tanah grogot,/ˈtanah ˈɡrɔɡɔt/
tanah longsor,[ˈtanah ˈlɔŋsɔr]
tanah pucuk,/ˌtanah ˈput͡ʃuk/
tanah pucuk,[ˌt̪a.nah ˈpu.t͡ʃʊk̚]
tanak,/ˈtanak/
tanak,[ˈt̪a.nak̚]
tanam,/ˈtanam/
tanaman,/tanaman/
tanda,/ˈtanda/
tanda,[ˈt̪an.da]
tanda kutip,/ˌtanda ˈkutip/
tanda kutip,[ˌt̪an.da ˈku.t̪ɪp̚]
tanda pagar,/ˌtanda ˈpaɡar/
tanda pagar,[ˌt̪an.da ˈpa.ɡar]
tanda petik,/ˌtanda pəˈtik/
tanda petik,[ˌt̪an.da pəˈt̪ɪk̚]
tanda tangan,/ˌtanda ˈtaŋan/
tanda tangan,[ˌt̪an.da ˈt̪a.ŋan]
tanda vital,/ˌtan.da ˈvi.tal/
tanda vital,[ˌt̪an.da ˈfi.t̪al]
tanda-tanda,/tan.daˈtan.da/
tandak,/ˈtandak/
tandak,[ˈt̪an.dak̚]
tandan kosong kelapa sawit,/ˌtandan ˌkosoŋ kəˌlapa ˈsawit/
tandan kosong kelapa sawit,[ˌt̪an.dan ˌko.sɔŋ kəˌla.pa ˈsa.wɪt̪̚]
tandang,/ˈtan.daŋ/
tandas,/ˈtandas/
tandas,[ˈt̪an.das]
tandatangan,/tandaˈtaŋan/
tandatangan,[t̪an.daˈt̪a.ŋan]
tanding,/ˈtandiŋ/
tanding,[ˈt̪an.dɪŋ]
tandingan,/tanˈdiŋan/
tandingan,[t̪anˈdiŋ.an]
tandon,/ˈtandon/
tandon,[ˈt̪an.dɔn]
tandu,/ˈtandu/
tandu,[ˈt̪an.du]
tanduk,/ˈtanduk/
tanduk,[ˈt̪an.dʊk̚]
tang,[ˈtaŋ]
tangan,/ˈtaŋan/
tangan,[ˈt̪a.ŋan]
tangan jahat,[ˈtaŋan ˈd͡ʒahat̚]
tangani,/taˈŋani/
tangani,[t̪aˈŋa.ni]
tangga,/ˈtaŋɡa/
tangga,[ˈt̪aŋ.ɡa]
tangga berjalan,/ˈtaŋɡa bərˈd͡ʒalan/
tangga lagu,/ˌtaŋ.ɡa ˈla.ɡu/
tangga lagu,[ˌt̪aŋ.ɡa ˈla.ɡu]
tangga nada,/ˈtaŋɡa ˈnada/
tanggah,/ˈtaŋɡah/
tanggal,/ˈtaŋɡal/
tanggal,[ˈt̪aŋ.ɡal]
tanggal merah,/ˌtaŋ.ɡal ˈme.rah/
tanggal merah,[ˌt̪aŋ.ɡal ˈme.rah]
tanggalan,/taŋˈɡalan/
tanggapan,/taŋ.ɡa.pan/
tangguh,/ˈtaŋɡuh/
tangguh,[ˈt̪aŋ.ɡʊh]
tanggul,[ˈtaŋɡʊl]
tanggung,/ˈtaŋɡuŋ/
tanggung,[ˈt̪aŋ.ɡʊŋ]
tanggung jawab,/ˌtaŋɡuŋ ˈd͡ʒawab/
tanggung jawab,[ˌt̪aŋ.ɡʊŋ ˈd͡ʒa.wap̚]
tanggung jawab sosial perusahaan,/ˈtaŋ.ɡʊŋ ˈd͡ʒa.wap so.ˈsi.al pər.ʊsa.ˈha.an/
tangkai,/ˈtaŋkai̯/
tangkai,[ˈt̪aŋ.kai̯]
tangkai daun,/ˌtaŋkai̯ ˈdaun/
tangkai daun,[ˌt̪aŋ.kai̯ ˈda.ʊn]
tangkai putik,/ˌtaŋkai̯ ˈputik/
tangkai putik,[ˌt̪aŋ.kai̯ ˈpu.t̪ɪk̚]
tangkal,/ˈtaŋ.kal/
tangkal,[ˈt̪aŋ.kal]
tangkap,/ˈtaŋkap/
tangkap,[ˈt̪aŋ.kap̚]
tangkeb,[ˈtaŋkəp̚]
tangki,/ˈtaŋ.ki/
tangkup,/ˈtaŋkup/
tangkup,[ˈt̪aŋ.kʊp̚]
tanglung,/ˈtaŋluŋ/
tanglung,[ˈt̪aŋ.lʊŋ]
tangsel,/ˈtaŋ.səl/
tangsel,[ˈt̪aŋ.səl]
tangsi,[ˈtaŋsi]
tani,/ˈtani/
tani,[ˈt̪a.ni]
tanja,[tand͡ʒa]
tanjung,/ˈtand͡ʒuŋ/
tanjung,[ˈt̪aɲ.d͡ʒʊŋ]
tanjung kelumpang,/ˌtand͡ʒuŋ kəˈlumpaŋ/
tanjung kelumpang,[ˌt̪aɲ.d͡ʒʊŋ kəˈlum.paŋ]
tanjung redeb,/ˈtandʒʊŋ ˈrədəp/
tanjung verde,/ˌtand͡ʒuŋ ˈvərdə/
tanjung verde,[ˌt̪aɲ.d͡ʒʊŋ ˈfər.də]
tank,/ˈtaŋ/
tank,/ˈtɛŋk/
tankobon,[t̪anˈkobɔn]
tanpa,/ˈtanpa/
tanpa,[ˈt̪an.pa]
tantang,/ˈtantaŋ/
tantang,[ˈt̪an̪.t̪aŋ]
tantangan,/tanˈtaŋan/
tantangan,[t̪an̪ˈt̪a.ŋan]
tante,/ˈtantə/
tantiem,/tanˈtiɛm/
tantiem,[t̪an̪ˈt̪i.ɛm]
tantri,[ˈtantri]
tanur,[ˈt̪anʊr]
tanya,/ta.ɲa/
taoci,/taˈot͡ʃi/
taoci,[t̪aˈo.t͡ʃi]
taoco,[taˈot͡ʃo]
taoge,/ˈtau̯ɡe/
taoge,[ˈt̪au̯.ɡe]
tapa,/ˈtapa/
tapa,[ˈt̪a.pa]
tapa-tapa,/ˌtapa ˈtapa/
tapa-tapa,[ˌt̪a.pa ˈt̪a.pa]
tapai,[ˈtapai̯]
tapak,/ˈta.pak/
tapal,[ˈtapal]
tapas,/ˈtapas/
tapas,[ˈt̪a.pas]
taper,/ˈtapər/
taper,[ˈt̪a.pər]
tapera,/ˈtapəra/
tapera,[ˈt̪a.pə.ra]
tapioka,[ta.piʲo.ka]
tapis,/ˈtapis/
tapis,[ˈt̪a.pɪs]
tapisan,/taˈpisan/
tapisan,[t̪aˈpi.san]
taplak,/ˈta.plak/
tapol,/ˈta.pol/
tapol,[ˈt̪a.pɔl]
tar,/tar/
tara,/ˈtara/
tara,[ˈt̪a.ra]
taraf,/ˈta.raf/
taraf kesukaran,/ˈta.raf kə.su.ˈkar.an/
tarah,/ˈtarah/
tarah,[ˈt̪a.rah]
tardif,/ˈtardif/
tardif,[ˈt̪ar.dɪf]
tarekat,/taˈrɛkat̚/
target,/ˈtarɡɛt/
target,[ˈt̪ar.ɡɛt̪̚]
tari,/ˈtari/
tari,[ˈt̪a.ri]
tarif,[ˈtarɪf]
tarif dasar,[ˈtarɪf ˈdasar]
tarif premi,[ˈtarɪf ˈpremi]
tarif tetap,[ˈtarɪf təˈtap̚]
tarik,/ˈtarik/
tarik,[ˈt̪a.rɪk̚]
tarikan,/taˈrikan/
tarikan,[t̪aˈri.kan]
tarikh,[ˈtarɪx]
taring,/ta.rɪŋ/
tarkas,/ˈtarkas/
taruh,/ˈtaruh/
taruh,[ˈt̪a.rʊh]
tarum,/ˈtarum/
tarum,[ˈt̪a.rʊm]
taruna,/taˈruna/
taruna,[t̪aˈru.na]
taruno,/taˈruno/
taruno,[t̪aˈru.no]
tas,/ˈtas/
tasbih,/ˈtasbih/
tasbih,[ˈt̪as.bɪh]
tashih,/ˈtas.hɪh/
tasik,/ˈtasik/
tasik,[ˈt̪a.sɪk̚]
tasiman,/taˈsiman/
tasiman,[t̪aˈsi.man]
tasrih,[ˈtasrɪh]
tata,/ˈtata/
tata,[ˈt̪a.t̪a]
tata bahasa,/ˌtata baˈhasa/
tata bahasa,[ˌt̪a.t̪a baˈha.sa]
tata cara,[ˈtata ˈt͡ʃara]
tata graha,/ˌtata ˈɡraha/
tata graha,[ˌt̪a.t̪a ˈɡra.ha]
tata hukum,[ˈtata ˈhukʊm]
tata kelola,/ˈtata kəˈlola/
tata laksana,/ˌta.ta lakˈsa.na/
tata laksana,[ˌt̪a.t̪a lak̚ˈsa.na]
tata letak,[ˈtata ləˈtak̚]
tata negara,[ˈtata nəˈɡara]
tata olah,/ˌtata ˈolah/
tata olah,[ˌt̪a.t̪a ˈo.lah]
tata ruang,[ˈtata ˈruaŋ]
tata surya,/ˈta.ta ˈsur.ja/
tata surya,/ˌtata ˈsurja/
tata surya,[ˌt̪a.t̪a ˈsur.ja]
tata usaha,/ˌta.ta uˈsa.ha/
tata usaha,[ˌt̪a.t̪a uˈsa.ha]
tataan,/taˈtaan/
tataan,[t̪aˈt̪a.(ʔ)an]
tatah,/ˈtatah/
tatah,[ˈt̪a.t̪ah]
tatal,[ˈt̪at̪al]
tatami,/taˈtami/
tatami,[t̪aˈt̪a.mi]
tatanan,/taˈtanan/
tatanan,[t̪aˈt̪a.nan]
tatang,/ˈtataŋ/
tatang,[ˈt̪a.t̪aŋ]
tatap,/ˈtatap/
tatap,[ˈt̪a.t̪ap̚]
tatap muka,/ta.tap̚ ˈmu.ka/
tatapan,/taˈta.pan/
tatapi,/taˈtapi/
tatapi,[t̪aˈt̪a.pi]
tatar,/ˈtatar/
tatar,[ˈt̪a.t̪ar]
tatkala,/tatˈkala/
tatkala,[t̪at̪̚ˈka.la]
tato,/ˈtato/
tau,/ˈtau/
tau,[ˈt̪a.u]
taubat,/taˈubat/
taubat,[t̪aˈu.bat̪̚]
taufik,/taufɪk/
tauke,/ˈtau̯ke/
tauke,[ˈt̪au̯.ke]
taun,/ˈta.ʊn/
taurat,/taˈurat/
taurat,[t̪aˈu.rat̪̚]
taut,/ˈtaut/
taut,[ˈt̪a.ʊt̪̚]
tautan,/taˈʊtan/
tawa,/ˈtawa/
tawa,[ˈt̪a.wa]
tawakal,/taˈwakal/
tawakal,[t̪aˈwa.kal]
tawan,/ˈtawan/
tawan,[ˈt̪a.wan]
tawar,/ˈtawar/
tawar,[ˈt̪a.war]
tawas,[ˈtawas]
tawasul,/taˈwasul/
tawasul,[t̪aˈwa.sʊl]
tawon,[ˈtawɔn]
tawur,/ˈtawur/
tawur,[ˈt̪a.wʊr]
tawuran,/taˈwuran/
tawuran,[t̪aˈwu.ran]
tayamum,/taˈjamum/
tayamum,[t̪aˈja.mʊm]
tb,/ˈte.be/
td,/ˈte.de/
tdl,/teˈde.ɛl/
tdl,[t̪eˈde.ɛl]
te,/ˈtɛ/
te,[ˈt̪ɛ]
teater,[tɛˈatər]
tebak,/təˈbak/
tebak,[t̪əˈbak̚]
tebakan,/təˈbakan/
tebakan,[t̪əˈba.kan]
tebal,/təˈbal/
tebal,[t̪əˈbal]
tebang,/tə.ˈbaŋ/
tebar,/təˈbar/
tebar,[t̪əˈbar]
tebu,/təˈbu/
tebu,[t̪əˈbu]
tebuk,/təˈbuk/
tebuk,[t̪əˈbʊk̚]
tebus,/təˈbʊs/
tebusan,/tə.bu.san/
teduh,/tə.ˈdʊh/
tedung,/təˈduŋ/
tedung,[t̪əˈduŋ]
tega,[ˈtɛɡa]
tegak,/təˈɡaʔ/
tegak,[t̪əˈɡaʔ]
tegak lurus,[təˈɡak̚ ˈlurʊs]
tegal,[təˈɡal]
tegang,/təˈɡaŋ/
tegang,[t̪əˈɡaŋ]
tegangan,/təˈɡaŋan/
tegangan,[t̪əˈɡa.ŋan]
tegangan listrik,/tə.ˈɡaŋ.an ˈlɪs.trɪk/
tegap,/təˈɡap̚/
tegar,/tə.ˈɡar/
tegas,/təˈɡas/
tegas,[t̪əˈɡas]
tegek,/ˈteɡek/
tegek,[ˈt̪e.ɡɛk̚]
tegel,/ˈteɡəl/
tegel,[ˈt̪e.ɡəl]
teguh,[t̪əˈɡʊh]
teguk,/təˈɡuk/
teguk,/təˈɡuʔ/
teguk,[t̪əˈɡʊk̚]
teguk,[t̪əˈɡʊʔ]
tegun,/təˈɡun/
tegun,[t̪əˈɡun]
tegur,/təˈɡʊr/
teh,/ˈtɛ/
teh,[ˈt̪ɛ]
teh susu,/ˌtɛh ˈsusu/
teh susu,[ˌt̪ɛh ˈsu.su]
teja,/ˈted͡ʒa/
teja,[ˈt̪e.d͡ʒa]
teka-teki,/təˌka təˈki/
teka-teki,[t̪əˌka t̪əˈki]
teka-teki silang,/təˌka təˌki ˈsilaŋ/
teka-teki silang,[t̪əˌka t̪əˌki ˈsi.laŋ]
tekad,/ˈte.kad/
tekad,[ˈt̪e.kat̪̚]
tekak,/təˈkak/
tekak,[t̪əˈkak̚]
tekan,/təˈkan/
tekan,[t̪əˈkan]
tekanan,[təˈkanan]
tekanan air,/tə.ka.nan ˈa.ɪr/
tekanan darah,/tə.ka.nan ˈda.rah/
tekanan darah rendah,/tə.ka.nan da.rah rənˈdah/
tekanan darah tinggi,/tə.ka.nan da.rah ˈtiŋ.ɡi/
tekat,/təˈkat/
tekat,/ˈtekat/
tekat,[t̪əˈkat̪̚]
tekat,[ˈt̪e.kat̪̚]
teken,/ˈtə.kən/
teken,[ˈtɛkən]
tekidanto,/tɛ.ki.dan.to/
teknik,[ˈtɛk̚nɪk̚ ]
teknik elektro,[ˈtɛk̚nɪk̚ ˈɛlɛk̚tro]
teknik industri,/ˈtɛk.nɪk ɪn.ˈdʊs.tri/
teknik kendali,/ˈtɛk.nɪk kən.ˈda.li/
teknik kimia,[ˈtɛk̚nɪk̚ ˈkimia̯]
teknik komputer,/ˈtɛk.nɪk kɔm.ˈpu.tər/
teknik kontrol,/ˈtɛk.nɪk ˈkɔn.trɔl/
teknik listrik,/ˈtɛk.nɪk ˈlɪs.trɪk/
teknik mesin,[ˈtɛk̚nɪk̚ məˈsɪn]
teknik pemisahan,/ˈtɛk.nɪk pə.mi.ˈsah.an/
teknik sipil,[ˈtɛk̚nɪk̚ ˈsipɪl]
teknis,[ˈtɛk̚nɪs]
teknisi,[ˈtɛknisi]
teknologi,/tɛknoˈloɡi/
teknologi,[t̪ɛk̚.noˈlo.ɡi]
teknologi tepat guna,/tək.noˌlo.ɡi təˌpat ˈɡu.na/
teknologi tepat guna,[t̪ək̚.noˌlo.ɡi t̪əˌpat̪̚ ˈɡu.na]
teko,/ˈteko/
teko,[ˈt̪e.ko]
tekoan,[teˈkoan]
tekoh,[ˈtɛkɔh]
tekong,/təˈkɔŋ/
tekong,/ˈtɛ.kɔŋ/
tekor,/tə.kor/
teks,[ˈtɛks]
tekstual,[tɛksˈtual]
tekstur,/ˈtɛkstʊr/
telaah,/tə.la.ʔah/
teladan,/təladan/
telaga,/təˈla.ɡa/
telah,/təˈlah/
telah,[t̪əˈlah]
telan,/təˈlan/
telan,/ˈtelan/
telan,[t̪əˈlan]
telan,[ˈt̪e.lan]
telang,/tə.ˈlaŋ/
telanjang,/təˈland͡ʒaŋ/
telanjang,[t̪əˈlaɲ.d͡ʒaŋ]
telanjang bulat,/tə.laɲ.d͡ʒaŋ ˈbu.lat̚/
telanjur,[t̪əˈlaɲd͡ʒʊr]
telantar,[t̪əˈlant̪ar]
telapak,/təˈlapak/
telapak,[t̪əˈla.pak̚]
telat,[təˈlat]
telatah,/təˈlatah/
telatah,[t̪əˈla.t̪ah]
telefon,/teˈlefɔn/
telefon,[t̪eˈle.fɔn]
telefonan,/teleˈfonan/
telefonan,[t̪e.leˈfo.nan]
telegraf,[teˈleɡraf]
telekomunikasi,[t̪elekomuniˈkasi]
telemedis,[telemedɪs]
telemedisin,[telemeˈdisɪn]
telemetri,/teleˈmɛtri/
telemetri,[t̪e.leˈmɛt̪̚.ri]
telentang,/ˈtələntaŋ/
telentang,[ˈt̪ə.lən̪.t̪aŋ]
telentangkan,/tələnˈtaŋkan/
telentangkan,[t̪ə.lən̪ˈt̪aŋ.kan]
telepon,/teˈlepɔn/
telepon,/ˈtɛlpɔn/
telepon cerdas,/teˌlepɔn t͡ʃərˈdas/
telepon cerdas,[t̪eˌle.pɔɲ t͡ʃərˈdas]
telepon engkol,/teˌlepɔn ˈeŋkɔl/
telepon engkol,[t̪eˌle.pɔn ˈeŋ.kɔl]
telepon genggam,/teˌlepɔn ɡəŋˈɡam/
telepon genggam,[t̪eˌle.pɔn ɡəŋˈɡam]
telepon mobil,/teˌlepɔn ˈmobil/
telepon mobil,[t̪eˌle.pɔn ˈmo.bɪl]
telepon nirkabel,/teˌlepɔn nirˈkabəl/
telepon nirkabel,[t̪eˌle.pɔn nirˈka.bəl]
telepon pintar,/teˌlepɔn ˈpintar/
telepon pintar,[t̪eˌle.pɔn ˈpin̪.t̪ar]
telepon radio,/teˌlepɔn raˈdio/
telepon radio,[t̪eˌle.pɔn raˈdi.o]
telepon seluler,/teˌlepɔn seˈlulɛr/
telepon seluler,[t̪eˌle.pɔn seˈlu.lɛr]
telepon umum,/teˌlepɔn ˈumum/
telepon umum,[t̪eˌle.pɔn ˈu.mʊm]
teleponan,/teleˈponan/
teleponan,[t̪e.leˈpo.nan]
televisi,/teleˈvisi/
televisi,[t̪e.leˈfi.si]
televisi pengajaran,/tə.ləˌvi.si pə.ŋaˈd͡ʒa.ran/
televisi pengajaran,[t̪ə.ləˌfi.si pə.ŋaˈd͡ʒa.ran]
telfon,/ˈtɛlfɔn/
telfon,[ˈt̪ɛl.fɔn]
telfonan,/tɛlˈfɔnan/
telfonan,[t̪ɛlˈfɔ.nan]
telinga,[t̪ə.ˈli.ŋä]
telis,/ˈtelis/
telis,[ˈt̪e.lɪs]
teliti,/təˈliti/
teliti,[t̪əˈli.t̪i]
telor,[t̪əˈlɔr]
telor,[ˈt̪ɛlɔr]
telor ceplok,/təˌlɔr t͡ʃəpˈlɔk/
telor ceplok,[t̪əˌlɔr t͡ʃəp̚ˈlɔk̚]
telpon,/ˈtɛlpɔn/
telpon,[ˈt̪ɛl.pɔn]
telponan,/tɛlˈpɔnan/
telponan,[t̪ɛlˈpɔ.nan]
telstra,/ˈtəlstra/
telstra,[ˈt̪əls.t̪ra]
teluk,/təˈluʔ/
teluk,[t̪əˈlʊʔ]
teluki,/təˈluki/
teluki,[t̪əˈlu.ki]
telunjuk,/təˈlund͡ʒuk/
telunjuk,[t̪əˈluɲ.d͡ʒʊk̚]
telur,/təˈlur/
telur,[t̪əˈlʊr]
telur bitan,/təˌlur ˈbitan/ [t̪əˌlʊr ˈbi.t̪an]
telur ceplok,/təˌlur t͡ʃəpˈlok/
telur ceplok,[t̪əˌlʊr t͡ʃəp̚ˈlɔk̚]
telur dadar,/təˌlur ˈdadar/
telur dadar,[t̪əˌlʊr ˈda.dar]
telur hitam,/təˌlur ˈhitam/
telur hitam,[t̪əˌlʊr ˈhi.t̪am]
telur mata sapi,/təˌlur ˌmata ˈsapi/
telur mata sapi,[t̪əˌlʊr ˌma.t̪a ˈsa.pi]
telur phitan,/təˌlur ˈphitan/
telur phitan,[t̪əˌlʊr ˈphi.t̪an]
telur pitan,/təˌlur ˈpitan/
telur pitan,[t̪əˌlʊr ˈpi.t̪an]
telur seribu tahun,/təˌlur səˌribu ˈtahun/
telur seribu tahun,[t̪əˌlʊr səˌri.bu ˈt̪a.hʊn]
telusur,/təˈlusur/
telusur,[t̪əˈlu.sʊr]
tema,[ˈtɛma]
teman,/təˈman/
teman,[t̪əˈman]
teman tapi mesra,/təˌman ˌtapi məsˈra/
teman tapi mesra,[t̪əˌman̪ ˌt̪a.pi məsˈra]
tematik,[tɛˈmatɪk̚]
tematis,[tɛˈmatɪs]
tembaga,/təmˈbaɡa/
tembaga,[t̪əmˈba.ɡa]
tembak,/ˈtembak/
tembak,[ˈt̪em.bak̚]
tembakau,/təmˈbakau̯/
tembakau,[t̪əmˈba.kau̯]
tembang,/təmˈbaŋ/
tembang,[t̪əmˈbaŋ]
tembereng,/təmˈbe.reŋ/
tembereng,[t̪əmˈbe.rɛŋ]
tembikai,[təmˈbikai̯]
tembikar,/təmˈbikar/
tembikar,[t̪əmˈbi.kar]
tembok,/ˈtembok/
tembok,[ˈt̪em.bɔk̚]
tembok api,/ˌtembok ˈapi/
tembok api,[ˌt̪em.bɔk̚ ˈa.pi]
tembok pangkal,/təmˌbok ˈpaŋkal/
tembok pangkal,[t̪əmˌbɔk̚ ˈpaŋ.kal]
tembolok,/təmˈbolok/
tembolok,[t̪əmˈbo.lɔk̚]
temin,/təˈmin/
temin,[t̪əˈmin]
tempa,[təmˈpa]
tempah,/təmˈpah/
tempah,[t̪əmˈpah]
tempahan,/təmˈpahan/
tempahan,[t̪əmˈpa.han]
tempat,/təmˈpat/
tempat,[t̪əmˈpat̪̚]
tempat istirahat,/təmˌpat istiˈrahat/
tempat istirahat,[t̪əmˌpat̪̚ is.t̪iˈra.hat̪̚]
tempat kejadian perkara,/təmˌpat kəd͡ʒaˌdian pərˈkara/
tempat kejadian perkara,[t̪əmˌpat̪̚ kə.d͡ʒaˌdi.an pərˈka.ra]
tempat pembuangan akhir,/təmˌpat pəmbuˌaŋan ˈaxir/
tempat pembuangan akhir,[t̪əmˌpat̪̚ pəm.buˌa.ŋan ˈa.xɪr]
tempat pembuangan sampah,/təm.ˈpat̚ pəm.bu.ˈaŋ.an ˈsam.pah/
tempat pemungutan suara,/təm.ˈpat̚ pə.mu.ˈŋʊt.an ˈsua̯.ra/
tempat pengungsian sementara,/təm.pat pə.ŋuŋ.ˈsi.an sə.mən.ˈta.ra/
tempat tinggal,/təmˌpat ˈtiŋ.ɡal/
tempat tinggal,[t̪əmˌpat̪̚ ˈt̪iŋ.ɡal]
tempayan,/təmˈpajan/
tempayan,[t̪əmˈpa.jan]
tempel,/ˈtɛmpɛl/
tempel,[ˈt̪em.pɛl]
tempeleng,/təm.ˈpe.lɛŋ/
temperatur,[tɛmpəˈratʊr]
tempik,/təmˈpik/
templat,[ˈt̪ɛmplat̪̚]
tempo,/ˈtem.po/
tempo dulu,/ˌtempo ˈdulu/
tempo dulu,[ˌt̪em.po ˈdu.lu]
tempong,/ˈtɛmpoŋ/
tempong,[ˈt̪em.pɔŋ]
tempuling,/təmˈpuliŋ/
tempuling,[t̪əmˈpu.lɪŋ]
tempur,/təmˈpʊr/
tempura,/təm.pu.ra/
temu,/təˈmu/
temu,[t̪əˈmu]
temu giring,/təˌmu ˈɡiriŋ/
temu giring,[t̪əˌmu ˈɡi.rɪŋ]
temu glenyeh,/təˌmu ˈɡləɲəh/
temu glenyeh,[t̪əˌmu ˈɡlə.ɲəh]
temu hitam,/təˌmu ˈhitam/
temu hitam,[t̪əˌmu ˈhi.t̪am]
temu kunci,/təˌmu ˈkunt͡ʃi/
temu kunci,[t̪əˌmu ˈkuɲ.t͡ʃi]
temu lawak,/təˌmu ˈlawak/
temu lawak,[t̪əˌmu ˈla.wak̚]
temu mangga,/təˌmu ˈmaŋɡa/
temu mangga,[t̪əˌmu ˈmaŋ.ɡa]
temu putih,/təˌmu ˈputih/
temu putih,[t̪əˌmu ˈpu.t̪ɪh]
tenaga,[təˈnaɡa]
tenaga kependidikan,[təˈnaɡa kəpəndiˈdikan]
tenaga kerja,[təˈnaɡa kərˈd͡ʒa]
tenaga kuda,[ˈt̪ənaɡa ˈkud̪a]
tenaga pendidik,/təˈnaɡa pənˈdidɪk̚/
tenang,/tə.naŋ/
tenar,/təˈnar/
tenar,[t̪əˈnar]
tenda,/ˈtɛnda/
tenda,[ˈt̪en.da]
tendang,/tənˈdaŋ/
tendang,[t̪ənˈdaŋ]
tendangan,/tənˈdaŋan/
tendensi,[tɛnˈdɛnsi]
tender,[ˈtɛndər]
tengadah,/təˈŋa.dah/
tengadah,[t̪əˈŋa.dah]
tengah,/təˈŋah/
tengah,[t̪əˈŋah]
tengah hari,[təˈŋah ˈhari]
tengar,/təˈŋar/
tengar,[t̪əˈŋar]
tenge,/ˈteŋe/
tenggak,/təŋˈɡaʔ/
tenggak,[t̪əŋˈɡaʔ]
tenggala,/təŋˈɡa.la/
tenggara,[təŋˈɡara]
tenggarong,/təŋˈɡarɔŋ/
tenggelam,/təŋɡəˈlam/
tengger,/ˈtɛŋɡɛr/
tengger,[ˈt̪eŋ.ɡɛr]
tenggeran,/tɛŋˈɡɛran/
tenggeran,[t̪ɛŋˈɡɛ.ran]
tenggeret,/təŋˈɡɛ.rɛt/
tenggeret,[t̪əŋˈɡɛ.rɛt̪̚]
tenggorok,/t̪əŋ.ˈɡo.rok̚/
tenggorokan,/t̪əŋ.ˈɡo.ro.kän/
tengguli,/təŋˈɡuli/
tengguli,[t̪əŋˈɡu.li]
tengkar,/təŋˈkar/
tengkar,[t̪əŋˈkar]
tengkujuh,/təŋˈkud͡ʒʊh/
tengkuk,/təŋˈkuk/
tengkuk,[t̪əŋˈkʊk̚]
tengok,/ˈteŋok/
tengok,[ˈt̪e.ŋɔk̚]
tenor,[ˈtɛnɔr]
tensi,/ˈtɛnsi/
tensi,[ˈt̪en.si]
tentamen,[tɛnˈtamɛn]
tentang,/tənˈtaŋ/
tentang,[t̪ən̪ˈt̪aŋ]
tentara,/tənˈtara/
tentara,[t̪ən̪ˈt̪a.ra]
tentara bayaran,/tən.ˈta.ra ba.ˈjar.an/
tentatif,/tɛn.ˈta.tɪf/
tenteram,[t̪ənt̪əˈram]
tentu,/tən.ˈtu/
tenun,/təˈnun/
tenun,[t̪əˈnun]
teofani,/teoˈfani/
teofani,[t̪e.oˈfa.ni]
teokrasi,/teoˈkrasi/
teokratis,/teoˈkratɪs/
teologi,/teoˈloɡi/
teorema,/teoˈrɛma/
teoretis,[t̪eoˈret̪ɪs]
teori,/teˈori/
teori,[t̪eˈo.ri]
teori atribut,/teori atribʊt/
teosis,/teˈosis/
teosis,[t̪eˈo.sɪs]
tepak,/təˈpak/
tepak,/ˈtepak/
tepak,[t̪əˈpak̚]
tepak,[ˈt̪e.pak̚]
tepar,/ˈtɛpar/
tepat,/tə.pat/
tepercaya,/təpərˈt͡ʃaja/
tepercaya,[t̪ə.pərˈt͡ʃa.ja]
tepertuturkan,/təpərtuˈturkan/
tepertuturkan,[t̪ə.pər.t̪uˈt̪ur.kan]
tepi,[təˈpi]
tepi barat,/təˌpi ˈba.rat/
tepi barat,[t̪əˌpi ˈba.rat̪̚]
tepi daun,/təˌpi ˈdaun/
tepi daun,[t̪əˌpi ˈda.ʊn]
tepik,/təˈpik/
tepik,[t̪əˈpɪk̚]
tepikan,/təˈpikan/
tepikan,[t̪əˈpi.kan]
tepis,/tə.ˈpɪs/
tepo,/ˈtepo/
tepo,[ˈt̪e.po]
tepuk,/təˈpuk/
tepuk,[t̪əˈpʊk̚]
tepuk tangan,[təˈpʊk̚ ˈtaŋan]
tepung,/təˈpuŋ/
tepung,[t̪əˈpuŋ]
tepus,/təˈpus/
tepus,[t̪əˈpʊs]
ter,/tɛr/
ter-,/tər/
ter- -i,/tər.i/
ter- -kan,/tər.kan/
tera,[t̪əˈra]
teraba-aba,/təˌraba ˈaba/
teraba-aba,[t̪əˌra.ba ˈa.ba]
terabit,/teˈrabit/
terabit,[t̪eˈra.bɪt̪̚]
terabita,/teraˈbita/
terabita,[t̪e.raˈbi.t̪a]
teradaptasi,/təradapˈtasi/
teradaptasi,[t̪ə.ra.dap̚ˈt̪a.si]
teraju,/təˈrad͡ʒu/
teraju,[t̪əˈra.d͡ʒu]
terakali,/təraˈkali/
terakali,[t̪ə.raˈka.li]
teraktif,/təˈraktif/
teraktif,[t̪əˈrak̚.t̪ɪf]
teraktifkan,/tərakˈtifkan/
teraktifkan,[t̪ər.ak̚ˈt̪if.kan]
terali,[təˈrali]
teraliansi,/təraliˈansi/
teraliansi,[t̪ər.a.liˈan.si]
teramankan,/təraˈmankan/
teramankan,[t̪ər.aˈman.kan]
teramati,/təraˈmati/
teramati,[t̪ə.raˈma.t̪i]
terampil,[təˈrampɪl]
teranalisis,/təranaˈlisis/
teranalisis,[t̪ə.ra.naˈli.sɪs]
terang,/təˈraŋ/
terang,[t̪əˈraŋ]
terang bulan,/təˌraŋ ˈbulan/
terang bulan,[t̪əˌraŋ ˈbu.lan]
terangkat,/təˈraŋkat/
terangkat,[t̪əˈraŋ.kat̪̚]
terangkum,/təˈraŋkum/
terangkum,[t̪əˈraŋ.kʊm]
teraniaya,/təraniaja/
terantai,/təˈrantai̯/
terantai,[t̪əˈran̪.t̪ai̯]
terapan,[təˈrap̚an]
terapeutik,/te.ra.pe.ˈu.tɪʔ/
terapi,/teˈra.pi/
terapi,/təˈra.pi/
terapi intensif,/tə.ˈra.pi ɪn.ˈtɛn.sɪf/
terapi okupasi,/tə.ˈra.pi ɔku.ˈpa.si/
terapi wicara,/tə.ˈra.pi wi.ˈt͡ʃa.ra/
terapis,/teˈra.pɪs/
terarah,/tərˈarah/
terarah,[t̪ərˈa.rah]
teras,/təˈras/
teras,/ˈteras/
teras,[t̪əˈras]
teras,[ˈt̪e.ras]
teras berita,[t̪əˈras bəˈrit̪a]
terasa,/təˈrasa/
terasa,[t̪əˈra.sa]
terasi,/təˈrasi/
teratai,/təˈratai̯/
teratai,[t̪əˈra.t̪ai̯]
teratogen,/teraˈtoɡɛn/
teratogen,[t̪e.raˈt̪o.ɡɛn]
teratur,/təˈratur/
teratur,[t̪əˈra.t̪ʊr]
terawat,/təˈrawat/
terawat,[t̪əˈra.wat̪̚]
terbaca,/tərˈbat͡ʃa/
terbaca,[t̪ərˈba.t͡ʃa]
terbagi,/tərˈbaɡi/
terbagi,[t̪ərˈba.ɡi]
terbagikan,/tərbaˈɡikan/
terbagikan,[t̪ər.baˈɡi.kan]
terbagus,/tərˈbaɡus/
terbagus,[t̪ərˈba.ɡʊs]
terbahas,/tərˈbahas/
terbahas,[t̪ərˈba.has]
terbaik,/tərˈba.ɪʔ/
terbang,/tərˈbaŋ/
terbang,[t̪ərˈbaŋ]
terbangun,/tərˈba.ŋun/
terbangun,[t̪ərˈbä.ŋʊn]
terbantah,/tərˈbantah/
terbantah,[t̪ərˈban̪.t̪ah]
terbaptis,/tərˈbaptis/
terbaptis,[t̪ərˈbap̚.t̪ɪs]
terbaring,/tərˈba.rɪŋ/
terbaru,[tərˈbaru]
terbata-bata,/tər.ba.taˈba.ta/
terbatas,[tərˈbatas]
terbayang,/tərˈbajaŋ/
terbayang,[t̪ərˈba.jaŋ]
terbeda,/tərˈbɛ.da/
terbelakang,/tərbəˈlakaŋ/ [t̪ər.bəˈla.kaŋ]
terbelenggu,/tərbələŋˈɡu/
terbelenggu,[t̪ər.bə.ləŋˈɡu]
terbentuk,[tərˈbəntʊk̚]
terberi tahu,/ˌtərbəri ˈtahu/
terberi tahu,/ˌtərbəri ˈtau/
terberi tahu,[ˌt̪ər.bə.ri ˈt̪a.hu]
terberi tahu,[ˌt̪ər.bə.ri ˈt̪a.u]
terberitahukan,/tərbəritaˈhukan/
terberitahukan,/tərbəritaˈukan/
terberitahukan,[t̪ər.bə.ri.t̪aˈhu.kan]
terberitahukan,[t̪ər.bə.ri.t̪aˈu.kan]
terbijaksana,/tər.bi.dʒakˈsa.na/
terbimbing,/tərˈbimbiŋ/
terbimbing,[t̪ərˈbim.bɪŋ]
terbit,/tərˈbit/
terbit,[t̪ərˈbɪt̪̚]
terbitan,/tər.ˈbɪt.an/
terbitan berkala,/tər.ˈbɪt.an bər.ˈka.la/
terboikot,/tərˈboi̯kot/
terboikot,[t̪ərˈboi̯.kɔt̪̚]
terborgol,/tərˈbɔrɡɔl/
terborgol,[t̪ərˈbɔr.ɡɔl]
terbuai,/tərˈbuai̯/
terbuai,[t̪ərˈbu.ai̯]
terbuai-buai,/tər.bu.ai̯ˈbu.ai̯/
terbuang,/tərˈbuaŋ/
terbuang,[t̪ərˈbu.aŋ]
terbuang-buang,/tərˌbuaŋ ˈbuaŋ/
terbuang-buang,[t̪ərˌbu.aŋ ˈbu.aŋ]
terbujuk,/tərˈbud͡ʒuk/
terbujuk,/tərˈbud͡ʒuʔ/
terbujuk,[t̪ərˈbu.d͡ʒʊk̚]
terbujuk,[t̪ərˈbu.d͡ʒʊʔ]
terbujuki,/tərbuˈd͡ʒuki/
terbujuki,[t̪ər.buˈd͡ʒu.ki]
terbuka,/tərˈbuka/
terbuka,[t̪ərˈbu.ka]
terbukti,/tərˈbukti/
terbukti,[t̪ərˈbuk̚.t̪i]
terbunuh,/tərˈbunuh/
terbunuh,[t̪ərˈbu.nʊh]
terburuk,/tərˈburʊk̚/
terbuyut,/tərˈbujut/
terbuyut,[t̪ərˈbu.jʊt̪̚]
tercampur,/tərˈt͡ʃampur/
tercampur,[t̪ərˈt͡ʃam.pʊr]
tercampurkan,/tərt͡ʃamˈpurkan/
tercampurkan,[t̪ər.t͡ʃamˈpur.kan]
tercanggung,/tərˈt͡ʃaŋɡuŋ/
tercanggung,[t̪ərˈt͡ʃaŋ.ɡʊŋ]
tercari,/tərˈt͡ʃari/
tercari,[t̪ərˈt͡ʃa.ri]
tercatat,/tərˈt͡ʃatat/
tercatat,[t̪ərˈt͡ʃa.t̪at̪̚]
tercinta,/tərˈt͡ʃinta/
tercinta,[t̪ərˈt͡ʃin̪.t̪a]
tercocok,/tərˈtʃɔ.tʃɔk̚/
tercukur,/tərˈt͡ʃukur/
tercukur,[t̪ərˈt͡ʃu.kʊr]
terdaftar,/tərˈdaftar/
terdaftar,[t̪ərˈdaf.t̪ar]
terdahulu,/tərdaˈhulu/
terdahulu,[t̪ər.daˈhu.lu]
terdakwa,/tərˈdak.wa/
terdakwa,[t̪ərˈdak̚.wa]
terdayung,/tərˈdajuŋ/
terdayung,[t̪ərˈda.jʊŋ]
terdengar,/tərdəˈŋar/
terdengar,[t̪ər.dəˈŋar]
terdengari,/tərdəˈŋari/
terdengari,[t̪ər.dəˈŋa.ri]
terdengarkan,/tərdəˈŋarkan/
terdengarkan,[t̪ər.dəˈŋar.kan]
terdidik,/tərˈdidik/
terdidik,[t̪ərˈdi.dɪk̚]
terdiri,[tərˈdiri]
terdirilah,/tərdiˈrilah/
terdirilah,[t̪ər.diˈri.lah]
terdudukkan,/tərduˈdukkan/
terdudukkan,/tərduˈduʔkan/
terdudukkan,[t̪ər.duˈduk̚.kan]
terdudukkan,[t̪ər.duˈduʔ.kan]
terealistis,/təreaˈlistis/
terealistis,[t̪ə.re.aˈlis.t̪ɪs]
terebus,/ˈtərəbus/
terebus,[ˈt̪ə.rə.bʊs]
terein,/təˈreɪn/
tereka,/ˈtə.rə.ka/
tereka,[ˈt̪ə.rə.ka]
terekonstruksi,/tərekɔnsˈtruksi/
terekonstruksi,[t̪ə.re.kɔnsˈt̪ruk̚.si]
tereksekusi,/tərɛksəˈkusi/
tereksekusi,[t̪ə.rɛk̚.səˈku.si]
terendah,/tərənˈdah/
terendah,[t̪ə.rənˈdah]
terfikirkan,/tərfiˈkirkan/
terfikirkan,[t̪ər.fiˈkir.kan]
tergagai,/tərˈɡaɡai̯/
tergagai,[t̪ərˈɡa.ɡai̯]
tergagap-gagap,/tərˌɡaɡap ˈɡaɡap/
tergagap-gagap,[t̪ərˌɡa.ɡap̚ ˈɡa.ɡap̚]
terganjen,/tərˈɡaɲ.d͡ʒən/
terganti,/tərˈɡanti/
terganti,[t̪ərˈɡan̪.t̪i]
tergantung,/tərˈɡantuŋ/
tergantung,[t̪ərˈɡan̪.t̪ʊŋ]
tergari,/tərˈɡari/
tergari,[t̪ərˈɡa.ri]
tergayuh,/tərˈɡajuh/
tergayuh,[t̪ərˈɡa.jʊh]
tergetar,/tərɡəˈtar/
tergetar,[t̪ər.ɡəˈt̪ar]
tergiur,/tərˈɡiur/
tergiur,[t̪ərˈɡi.ʊr]
tergugup,/tərˈɡu.ɡʊp̚/
tergugup-gugup,/tər.ɡu.ɡʊp̚ˈɡu.ɡʊp̚/
tergunduli,/tərɡunˈduli/
tergunduli,[t̪ər.ɡunˈdu.li]
tergundulkan,/tərɡunˈdulkan/
tergundulkan,[t̪ər.ɡunˈdul.kan]
terhadap,/tərˈhadap/
terhadap,[t̪ərˈha.dap̚]
terhendaki,/tərhənˈdaki/
terhendaki,[t̪ər.hənˈda.ki]
terhenti,/tərhənˈti/
terhenti,[t̪ər.hən̪ˈt̪i]
terhentilah,/tərhənˈtilah/
terhentilah,[t̪ər.hən̪ˈt̪i.lah]
terhiasi,/tərhiˈasi/
terhiasi,[t̪ər.hiˈa.si]
terhitung,/tərˈhituŋ/
terhitung,[t̪ərˈhi.t̪ʊŋ]
terhubung,/tərˈhu.bʊŋ/
teriak,/təˈri.aʔ/
teriakan,/tə.riˈa.kan/
teriaki,/tə.riˈa.ki/
teriakkan,/tə.riˈaʔ.kan/
teribliskan,/təribˈliskan/
teribliskan,[t̪ə.rip̚ˈlis.kan]
terigu,[təˈri.ɡu]
terikat,/təˈrikat/
terikat,[t̪əˈri.kat̪̚]
terima,/təˈrima/
terima,[t̪əˈri.ma]
terima kasih,[tərima kasɪh]
terima pesanan,/tə.ri.ma pəˈsa.nan/
teringinkan,/təriˈŋinkan/
teringinkan,[t̪ə.riˈŋin.kan]
terinstruksi,/tərinsˈtruksi/
terinstruksi,[t̪ə.rinsˈt̪ruk̚.si]
terinstruksikan,/tərinstrukˈsikan/
terinstruksikan,[t̪ə.rins.t̪ruk̚ˈsi.kan]
terintegrasi,/tərɪntəˈɡrasi/
teripang,/təˈripaŋ/
teripang,[t̪əˈri.paŋ]
teritorial,/təritoˈrial/
teritorial,[t̪ə.ri.t̪oˈri.al]
teriyaki,/tɛ.ri.ja.ki/
terjadi,/tərˈd͡ʒa.di/
terjadi,[t̪ərˈd͡ʒa.di]
terjadilah,/tərd͡ʒaˈdilah/
terjadilah,[t̪ər.d͡ʒaˈdi.lah]
terjaga,/tərˈd͡ʒaɡa/
terjaga,[t̪ərˈd͡ʒa.ɡa]
terjalang,/tərˈdʒa.laŋ/
terjalani,/tərd͡ʒaˈlani/
terjalani,[t̪ər.d͡ʒaˈla.ni]
terjalankan,/tərd͡ʒaˈlankan/
terjalankan,[t̪ər.d͡ʒaˈlan.kan]
terjangkau,/tərˈd͡ʒaŋkau̯/
terjangkau,[t̪ərˈd͡ʒaŋ.kau̯]
terjawab,/tərˈd͡ʒawab/
terjawab,[t̪ərˈd͡ʒa.wap̚]
terjelas,/d͡ʒəˈlas/
terjemah,/ˈtərd͡ʒəmah/
terjemah,[ˈt̪ər.d͡ʒə.mah]
terjemahan,/tərd͡ʒəˈmahan/
terjemahan mesin,/tərd͡ʒəˌmahan məˈsin/
terjemahan mesin,[t̪ər.d͡ʒəˌma.han məˈsin]
terjemahkan,/tər.d͡ʒəˈmah.kan/
terjepit,/ˈtərd͡ʒəpit/
terjepit,[ˈt̪ər.d͡ʒə.pɪt̪̚]
terjerit-jerit,/tər.d͡ʒə.rɪt̚.d͡ʒəˈrɪt/
terjilid,/tərˈd͡ʒilid/
terjilid,[t̪ərˈd͡ʒi.lɪt̪̚]
terjun,[t̪ərˈd͡ʒʊn]
terka,[tərˈka]
terkaan,[tərˈkaan]
terkait,/tərˈkaɪt̚/
terkalahkan,/tərkaˈlahkan/
terkalahkan,[t̪ər.kaˈlah.kan]
terkalungi,/tərkaˈluŋi/
terkalungi,[t̪ər.kaˈlu.ŋi]
terkalungkan,/tərkaˈluŋkan/
terkalungkan,[t̪ər.kaˈluŋ.kan]
terkam,/tərˈkam/
terkam,[t̪ərˈkam]
terkapitalis,/tərkapiˈtalis/
terkatakan,/tərkaˈtakan/
terkatakan,[t̪ər.kaˈt̪a.kan]
terkayuh,/tərˈkajuh/
terkayuh,[t̪ərˈka.jʊh]
terkayuhkan,/tərkaˈjuhkan/
terkayuhkan,[t̪ər.kaˈjuh.kan]
terkena,/ˈtərkəna/
terkena,[ˈt̪ər.kə.na]
terkenai,/tərkəˈnai/
terkenai,[t̪ər.kəˈna.i]
terkenal,/tərkənal/
terketahui,/tərkəˈtahui̯/
terketahui,[t̪ər.kəˈt̪a.hui̯]
terkini,[tərˈkini]
terkonsentrasi,/tərkonsenˈtrasi/
terkonstruksi,/tərkonsˈtruksi/
terkonstruksi,[t̪ər.konsˈt̪ruk̚.si]
terkonstruktif,/tər.konˈstruk.tif/
terkonstruktif,[t̪ər.kɔnˈst̪rʊk̚.t̪ɪf]
terkontrol,/tərˈkontrol/
terkontrol,[t̪ərˈkon̪.t̪rɔl]
terkungkung,/tərˈkuŋkuŋ/
terkungkung,[t̪ərˈkuŋ.kʊŋ]
terkuntum,/tərˈkuntum/
terkuntum,[t̪ərˈkun̪.t̪ʊm]
terkutuk,/tərˈkutuʔ/
terkutuk,[t̪ərˈku.t̪ʊʔ]
terkutuki,/tərkuˈtuki/
terkutuki,[t̪ər.kuˈt̪u.ki]
terlalu,/tərˈla.lu/
terlalulah,/tərlaˈlulah/
terlalulah,[t̪ər.laˈlu.lah]
terlambat,/tərˈlambat/
terlambat,[t̪ərˈlam.bat̪̚]
terlarikan,/tərlaˈrikan/
terlarikan,[t̪ər.laˈri.kan]
terlarut,/tərˈlarut/
terlarut,[t̪ərˈla.rʊt̪̚]
terlawak,/tərˈlawaʔ/
terlawak,[t̪ərˈla.waʔ]
terletak,/ˈtərlətak/
terletak,[ˈt̪ər.lə.t̪ak̚]
terlihat,/tərˈli.hat̚/
terlihati,/tərliˈhati/
terlihati,[t̪ər.liˈha.t̪i]
terlihatkan,/tərliˈhatkan/
terlihatkan,[t̪ər.liˈhat̪̚.kan]
terlinggis,/tərˈliŋɡis/
terlinggis,[t̪ərˈliŋ.ɡɪs]
terlokalisasi,/tərlokaliˈsasi/
terlokalisasi,[t̪ər.lo.ka.liˈsa.si]
terlokalisasikan,/tərlokalisaˈsikan/
terlokalisasikan,[t̪ər.lo.ka.li.saˈsi.kan]
terlokalisir,/tərlokaˈlisir/
terlokalisir,[t̪ər.lo.kaˈli.sɪr]
terlokalkan,/tərloˈkalkan/
terlokalkan,[t̪ər.loˈkal.kan]
terlompat,/tərˈlompat/
terlompat,[t̪ərˈlom.pat̪̚]
terlompati,/tərlɔmˈpati/
terlompati,[t̪ər.lɔmˈpa.t̪i]
terlompatkan,/tərlɔmˈpatkan/
terlompatkan,[t̪ər.lɔmˈpat̪̚.kan]
terlonjong,/tərˈlɔɲ.d͡ʒɔŋ/
terluar,/tərˈluar/
terluar,[t̪ərˈlu.ar]
terlukis,/tərˈlukis/
terlukis,[t̪ərˈlu.kɪs]
terlukiskan,/tərluˈkiskan/
terlukiskan,[t̪ər.luˈkis.kan]
terlunta-lunta,/tərluntalunta/
terlupakan,/tərluˈpakan/
terlupakan,[t̪ər.luˈpa.kan]
term,/ˈtɛrm/
term,[ˈt̪ɛrm]
termae,[ˈtɛr.ma.e]
termakan,/tərˈmakan/
termakan,[t̪ərˈma.kan]
termakankan,/tərmaˈkankan/
termakankan,[t̪ər.maˈkan.kan]
termal,/ˈtɛrmal/
termal,[ˈt̪ɛr.mal]
termalaikatkan,/tərmalaiˈkatkan/
termalaikatkan,[t̪ər.ma.la.iˈkat̪̚.kan]
termanifestasi,/tərmanifɛsˈtasi/
termanifestasi,[t̪ər.ma.ni.fɛsˈt̪a.si]
termanipulasi,/tərmanipuˈlasi/
termanipulasi,[t̪ər.ma.ni.puˈla.si]
termanusiakan,/tərmanusiˈakan/
termanusiakan,[t̪ər.ma.nu.siˈa.kan]
termasa,/tərˈmasa/
termasa,[t̪ərˈma.sa]
termasuk,[tərˈmasʊk̚]
termaterialistis,/tərmateriaˈlistis/
termaterialistis,[t̪ər.ma.t̪e.ri.aˈlis.t̪ɪs]
termatikan,/tərmaˈtikan/
termatikan,[t̪ər.maˈt̪i.kan]
termau-mau,/tərˌmau ˈmau/
termau-mau,[t̪ərˌma.u ˈma.u]
termaui,/tərmaˈui/
termaui,[t̪ər.maˈu.i]
termaukan,/tərmaˈukan/
termaukan,[t̪ər.maˈu.kan]
termematikan,/tərməmaˈtikan/
termematikan,[t̪ər.mə.maˈt̪i.kan]
termin,/ˈtɛrmin/
termin,[ˈt̪ɛr.mɪn]
terminal,[tərˈminal]
terminal,[tɛrˈminal]
terminator,/termiˈnator/
terminator,[t̪er.miˈna.t̪ɔr]
terminum,/tərˈminum/
terminum,[t̪ərˈmi.nʊm]
terminus,/tərˈminus/
terminus,[t̪ərˈmi.nʊs]
termis,/ˈtɛrmis/
termis,[ˈt̪ɛr.mɪs]
termodifikasi,/tərmodifiˈkasi/
termodifikasi,[t̪ər.mo.di.fiˈka.si]
termodinamika,/tɛrmodinaˈmika/
termodinamika,[t̪ɛr.mo.di.naˈmi.ka]
termodulasi,[tərmod̪uˈlasi]
termometer,[t̪ermoˈmet̪ər]
termoregulasi,/tɛr.mo.re.ɡu.ˈla.si/
termos,[ˈtɛr.mɔs]
termotivasi,/tərmotiˈvasi/
termotivasi,[t̪ər.mo.t̪iˈfa.si]
termuda,[tərˈmuda]
termul,[ˈtərmʊl]
terna,/tərˈna/
terna,[t̪ərˈna]
ternak,/tərˈnak/
ternak,[t̪ərˈnak̚]
ternate,/tərˈnate/
ternate,[t̪ərˈna.t̪e]
ternormal,/tərˈnɔr.mal/
ternyatakan,/tərɲaˈtakan/
ternyatakan,[t̪ər.ɲaˈt̪a.kan]
terobsesi,/tə.rɔp̚ˈsɛ.si/
terombang-ambing,/təˌrombaŋ ˈambiŋ/
terombang-ambing,[t̪əˌrom.baŋ ˈam.bɪŋ]
terong,/ˈtɛrɔŋ/
terong,[ˈt̪ɛ.rɔŋ]
terong belanda,/ˌtɛrɔŋ bəˈlanda/
terong belanda,[ˌt̪ɛ.rɔŋ bəˈlan.da]
terong hitam,/ˌtɛrɔŋ ˈhitam/
terong hitam,[ˌt̪ɛ.rɔŋ ˈhi.t̪am]
teropong,[təˈropɔŋ]
teror,[ˈt̪ɛrɔr]
teroris,[tɛˈrorɪs]
terorisme,/te.rɔr.ˈɪs.mə/
terowongan,/təroˈwɔŋan/
terpada,/tərˈpada/
terpada,[t̪ərˈpa.da]
terpadu,[tərˈpadu]
terpahami,/tərpaˈhami/
terpahami,[t̪ər.paˈha.mi]
terpaksa,/tərˈpaksa/
terpaksa,[t̪ərˈpak̚.sa]
terpal,/tərˈpal/
terpanah,/tərˈpanah/
terpanah,[t̪ərˈpa.nah]
terpandang,/tərˈpan.daŋ/
terpandang-pandang,/tər.pan.daŋˈpan.daŋ/
terpandangi,/tərpanˈdaŋi/
terpandangi,[t̪ər.panˈda.ŋi]
terpanggil,/tərˈpaŋɡil/
terpanggil,[t̪ərˈpaŋ.ɡɪl]
terpanjang,/tərˈpan.d͡ʒaŋ/
terpanjang,[t̪ərˈpaɲ.d͡ʒaŋ]
terpanjat,/tərˈpand͡ʒat/
terpanjat,[t̪ərˈpaɲ.d͡ʒat̪̚]
terpanjati,/tər.paɲˈd͡ʒa.ti/
terpanjatkan,/tərpanˈd͡ʒatkan/
terpanjatkan,[t̪ər.paɲˈd͡ʒat̪̚.kan]
terpasif,/tərˈpasif/
terpasif,[t̪ərˈpa.sɪf]
terpatuh,/tərˈpa.tʊh/
terpatuhi,/tərpaˈtuhi/
terpatuhi,[t̪ər.paˈt̪u.hi]
terpede,/tərˈpede/
terpede,[t̪ərˈpe.de]
terpeleset,[tər.pəˈlɛ.sɛt]
terpencil,/ˈtərpənt͡ʃil/
terpencil,[ˈt̪ər.pəɲ.t͡ʃɪl]
terpengaruh,/tər.pəˈŋa.rʊh/
terpengaruhi,/tərpəŋaˈruhi/
terpengaruhi,[t̪ər.pə.ŋaˈru.hi]
terpenggal,/tərpəŋˈɡal/
terpenggal,[t̪ər.pəŋˈɡal]
terpenurut,/tər.pəˈnu.rʊt̚/
terpetik,/ˈtərpətik/
terpetik,[ˈt̪ər.pə.t̪ɪk̚]
terpidana,/tər.pi.ˈda.na/
terpikir,/tərˈpikir/
terpikir,[t̪ərˈpi.kɪr]
terpikirkan,/tərpiˈkirkan/
terpikirkan,[t̪ər.piˈkir.kan]
terpilih,/tərˈpilih/
terpinta,/tərˈpinta/
terpinta,[t̪ərˈpin̪.t̪a]
terpintal,/tərˈpintal/
terpintal,[t̪ərˈpin̪.t̪al]
terprovokasi,/tərprovoˈkasi/
terprovokasi,[t̪ər.pro.foˈka.si]
terpulau,/tərˈpu.lau̯/
terpulaukan,/tərpulaˈukan/
terpulaukan,[t̪ər.pu.laˈu.kan]
terputus-putus,/tərˌputus ˈputus/
terputus-putus,[t̪ərˌpu.t̪ʊs ˈpu.t̪ʊs]
tersadar,/tərˈsa.dar/
tersadar,[t̪ərˈsa.dar]
tersaingi,/tərsaˈiŋi/
tersaingi,[t̪ər.saˈi.ŋi]
tersambung,[tərˈsambʊŋ]
tersangka,/tərˈsaŋka/
tersangka,[t̪ərˈsaŋ.ka]
tersangkut,/tərˈsaŋkut/
tersangkut,[t̪ərˈsaŋ.kʊt̪̚]
tersebar,/tərsəˈbar/
tersebut,/ˈtərsəbut/
tersebut,[ˈt̪ər.sə.bʊt̪̚]
tersegel,/tərˈseɡəl/
tersegel,[t̪ərˈse.ɡəl]
terselesaikan,/tərsələsaˈikan/
terselesaikan,[t̪ər.sə.lə.saˈi.kan]
tersembelih,/tərsəmbəˈlih/
tersembelih,[t̪ər.səm.bəˈlɪh]
tersembunyi,/tərsəmˈbuɲi/
tersembunyi,[t̪ər.səmˈbu.ɲi]
tersenggangkan,/tərsəŋˈɡaŋkan/
tersenggangkan,[t̪ər.səŋˈɡaŋ.kan]
tersenggol,/tərˈsɛŋɡɔl/
tersenggol,[t̪ərˈseŋ.ɡɔl]
tersenyum,/ˈtərsəɲum/
tersenyum,[ˈt̪ər.sə.ɲʊm]
terserak,/tərˈserak/
terserak-serak,/tərserakˈserak/
terserap,/ˈtərsərap/
terserap,[ˈt̪ər.sə.rap̚]
tersertifikasi,/tərsertifiˈkasi/
tersertifikasi,[t̪ər.ser.t̪i.fiˈka.si]
tersesuai,/tər.sə.suˈai̯/
tersetrum,/tərsəˈtrum/
tersetrum,[t̪ər.səˈt̪rʊm]
tersier,/tɛrˈsiɛr/
tersinggung,/tərˈsiŋɡuŋ/
tersinggung,[t̪ərˈsiŋ.ɡʊŋ]
tersinting,/tərˈsintiŋ/
tersinting,[t̪ərˈsin̪.t̪ɪŋ]
tersopan,/tərˈsɔ.pan/
terstruktur,/tər.ˈstrʊk.tʊr/
tersubur,/tərˈsu.bur/
tersurat,/tərˈsurat/
tersurat,[t̪ərˈsu.rat̪̚]
tersusuti,/tərsuˈsuti/
tersusuti,[t̪ər.suˈsu.t̪i]
tertaksir,/tərˈtaksir/
tertaksir,[t̪ərˈt̪ak̚.sɪr]
tertangani,/tərtaˈŋani/
tertangani,[t̪ər.t̪aˈŋa.ni]
tertanggung,/tərˈtaŋɡuŋ/
tertanggung,[t̪ərˈt̪aŋ.ɡʊŋ]
tertantang,/tərˈtantaŋ/
tertantang,[t̪ərˈt̪an̪.t̪aŋ]
tertarik,/tərˈtarik/
tertarik,[t̪ərˈt̪a.rɪk̚]
tertata,/tərˈtata/
tertata,[t̪ərˈt̪a.t̪a]
tertatap,/tərˈtatap/
tertatap,[t̪ərˈt̪a.t̪ap̚]
tertatapi,/tərtaˈtapi/
tertatapi,[t̪ər.t̪aˈt̪a.pi]
tertaut,/tərˈtaut/
tertaut,[t̪ərˈt̪a.ʊt̪̚]
tertawa,/tərˈtawa/
tertawa,[t̪ərˈt̪a.wa]
terteguk,/ˈtərtəɡuk/
terteguk,[ˈt̪ər.t̪ə.ɡʊk̚]
terteliti,/tərtəˈliti/
terteliti,[t̪ər.t̪əˈli.t̪i]
tertempel,/tərˈtɛmpɛl/
tertentu,/tərtənˈtu/
tertentu,[t̪ər.t̪ən̪ˈt̪u]
tertepik,/tərtəˈpiʔ/
tertepik,[t̪ər.t̪əˈpɪʔ]
tertepikan,/tərtəˈpikan/
tertepikan,[t̪ər.t̪əˈpi.kan]
tertib,/tərˈtib/
tertib,[t̪ərˈt̪ɪp̚]
tertidur,/tərˈti.dʊr/
tertiduri,/tərtiˈduri/
tertiduri,[t̪ər.t̪iˈdu.ri]
tertidurkan,/tərtiˈdurkan/
tertidurkan,[t̪ər.t̪iˈdur.kan]
tertinggal,/tərˈtiŋ.ɡal/
tertipu,/tərˈtipu/
tertipu,[t̪ərˈt̪i.pu]
tertulis,/tərˈtulis/
tertulis,[t̪ərˈt̪u.lɪs]
tertulisi,/tərtuˈlisi/
tertulisi,[t̪ər.t̪uˈli.si]
tertuliskan,/tərtuˈliskan/
tertuliskan,[t̪ər.t̪uˈlis.kan]
tertunggak,/tərˈtuŋɡak/
tertunggak,[t̪ərˈt̪uŋ.ɡak̚]
tertunjuk,/tərˈtun.d͡ʒuk/
tertunjuk,[t̪ərˈt̪uɲ.d͡ʒʊk̚]
tertutup,/tərˈtutup/
tertutup,[t̪ərˈt̪u.t̪ʊp̚]
tertutupi,/tərtuˈtupi/
tertutupi,[t̪ər.t̪uˈt̪u.pi]
tertuturkan,/tərtuˈturkan/
tertuturkan,[t̪ər.t̪uˈt̪ur.kan]
terukur,/təˈru.kur/
terukur,[t̪əˈru.kʊr]
terumbu,/təˈrumbu/
terumbu,[t̪əˈrum.bu]
terumbu karang,/təˌrumbu ˈkaraŋ/
terumbu karang,[t̪əˌrum.bu ˈka.raŋ]
teruncing,/təˈruɲ.t͡ʃɪŋ/
teruncingkan,/tərunˈt͡ʃiŋkan/
teruncingkan,[t̪ə.ruɲˈt͡ʃiŋ.kan]
terung,/təˈruŋ/
terung,[t̪əˈruŋ]
terung belanda,/təˌruŋ bəˈlanda/
terung belanda,[t̪əˌrʊŋ bəˈlan.da]
terung hitam,/təˌruŋ ˈhitam/
terung hitam,[t̪əˌrʊŋ ˈhi.t̪am]
terunggul,/təˈruŋɡul/
terunggul,[t̪əˈruŋ.ɡʊl]
terus,/təˈrus/
terus,[t̪əˈrʊs]
terus terang,/təˌrus təˈraŋ/
terus terang,[t̪əˌrʊs t̪əˈraŋ]
terus-menerus,/təˌrus ˈmənərus/
terus-menerus,[t̪əˌrʊs ˈmə.nə.rʊs]
terus-terusan,/təˌrus təˈrusan/
terus-terusan,[t̪əˌrʊs t̪əˈru.san]
terutama,/təruˈtama/
terutama,[t̪ər.uˈt̪a.ma]
terutang,/tərˈutaŋ/
terutang,[t̪ərˈu.t̪aŋ]
terwelu,/tərˈwɛ.lu/
tes,/ˈtɛs/
tes,[ˈt̪ɛs]
tesaurus,/te.ˈsau̯.rʊs/
tesertifikasi,/təsertifiˈkasi/
tesertifikasi,[t̪ə.ser.t̪i.fiˈka.si]
tesis,/ˈtesis/
tesis,[ˈt̪e.sɪs]
testamen,[tɛsˈtamɛn]
testing,[ˈt̪ɛst̪ɪŋ]
tetak,/təˈtaʔ/
tetak,[t̪əˈt̪aʔ]
tetampan,/təˈtampan/
tetampan,[t̪əˈt̪am.pan]
tetangga,[təˈtaŋɡa]
tetap,/təˈtap/
tetap,[t̪əˈt̪ap̚]
tetapi,[təˈtapi]
tetek,[t̪ɛˈt̪ɛʔ]
tetes,[ˈtɛtɛs]
tetesan,/tɛˈtɛsan/
tetesan,[t̪ɛˈt̪ɛ.san]
tetesan darah,/tɛˌtɛsan ˈdarah/
tetesan darah,[t̪ɛˌt̪ɛ.san ˈda.rah]
tetiba,/təˈti.ba/
tetikus,/təˈtikus/
tetikus,[t̪əˈt̪i.kʊs]
tetrarki,/tətˈrarki/
tetrarki,[t̪ət̪̚ˈrar.ki]
tetua,[təˈtua̯]
tewas,[ˈtɛwas]
teyan,[ˈtɛjan]
thailand,[tai̯lan]
then,/ˈthen/
then,[ˈt̪hɛn]
thian,/ˈthian/
thian,[ˈt̪hi.an]
thr,/teˈha.ɛr/
thr,[t̪eˈha.ɛr]
three in one,/ˌtri ˌin ˈwan/
three in one,[ˌt̪ri ˌɪn ˈwan]
tht,/teˈha.te/
thung,/ˈthuŋ/
thung,[ˈt̪hʊŋ]
ti,/ti/
tiada,/tiˈada/
tiada,[t̪iˈa.da]
tiadalah,/tiaˈdalah/
tiadalah,[t̪i.aˈda.lah]
tiam,[ˈtiam]
tian,/ˈtian/
tian,[ˈt̪i.an]
tiang,[ˈt̪i.aŋ]
tiap,[ˈtiap̚]
tiap-tiap,/ˌtiap ˈtiap/
tiap-tiap,[ˌt̪i.ap̚ ˈt̪i.ap̚]
tiara,/ˈti(j)ara/
tiba,/ˈtiba/
tiba,[ˈt̪i.ba]
tiba-tiba,/ti.baˈti.ba/
tibarau,/tiˈbarau̯/
tibarau,[t̪iˈba.rau̯]
tiberau,/ˈtibərau̯/
tiberau,[ˈt̪i.bə.rau̯]
tidak,/ˈtidaʔ/
tidak,[ˈt̪i.daʔ]
tidak pernah,/ˈti.daʔ pərˈnah/
tidur,/ˈtidur/
tidur,[ˈt̪i.dʊr]
tidur cantik,/ti.dʊr ˈtʃan.tɪʔ/
tidur mati,/ˌtidur ˈmati/
tidur mati,[ˌt̪i.dʊr ˈma.t̪i]
tidur-tidur,/ti.dʊrˈti.dʊr/
tidur-tidur ayam,/ti.dʊr.ti.dʊr ˈa.jam/
tidur-tiduran,/ti.dʊr.tiˈdu.ran/
tiduran,/tiˈdu.ran/
tiduri,/tiˈduri/
tiduri,[t̪iˈdu.ri]
tidurilah,/tiduˈrilah/
tidurilah,[t̪i.duˈri.lah]
tidurkan,/tiˈdurkan/
tidurkan,[t̪iˈdur.kan]
tidurkanlah,/tidurˈkanlah/
tidurkanlah,[t̪i.durˈkan.lah]
tidurlah,/ˈti.dʊrˈlah/
tifoid,/tiˈfoid/
tifoid,[t̪iˈfo.ɪt̪̚]
tifus,[ˈtifʊs]
tiga,/ˈt̪i.ɡä/
tigris,/ˈtiɡris/
tigris,[ˈt̪i.ɡrɪs]
tik,/teˈi.ka/
tik,[t̪eˈi.ka]
tik,[ˈt̪ɪk̚]
tiket,[ˈtikɛt]
tiko,/ˈtiko/
tiko,[ˈt̪i.ko]
tikung,/ˈti.kuŋ/
tikung,[ˈt̪i.kʊŋ]
tikus,/ˈtikus/
tikus,[ˈt̪i.kʊs]
tilam,/ti.lam/
tilang,[ˈt̪ilaŋ]
tilgram,/ˈtilɡram/
tilgram,[ˈt̪il.ɡram]
tilik,[ˈtilɪk̚]
tim,/ˈtim/
tim,[ˈt̪im]
timah,/ˈtimah/
timah,[ˈt̪i.mah]
timah hitam,/ˌtimah ˈhitam/
timah hitam,[ˌt̪i.mah ˈhi.t̪am]
timba,[ˈt̪im.ba]
timbal,/ˈtimbal/
timbal,[ˈt̪im.bal]
timbalan,/timˈbalan/
timbalan,[t̪imˈba.lan]
timbang,/ˈtɪm.baŋ/
timbangan,/tɪm.ˈbaŋ.an/
timbel,/ˈtimbəl/
timbel,[ˈt̪im.bəl]
timbrung,/ˈtimbruŋ/
timbrung,[ˈt̪im.brʊŋ]
timbul,/ˈtimbul/
timbul,[ˈt̪im.bʊl]
timbun,/ˈtɪmbʊn/
timor leste,/ˌtimor ˈlɛste/
timor leste,[ˌt̪i.mɔr ˈlɛs.t̪e]
timor timur,/ˌtimor ˈtimur/
timor timur,[ˌt̪i.mɔr ˈt̪i.mʊr]
timotius,/timoˈtius/
timotius,[t̪i.moˈt̪i.ʊs]
timpal,/ˈtimpal/
timpal,[ˈt̪im.pal]
timpang,/ˈtimpaŋ/
timpang,[ˈt̪im.paŋ]
timses,/ˈtim.sɛs/
timses,[ˈt̪im.sɛs]
timun,/ˈtimun/
timun,[ˈt̪i.mʊn]
timun laut,/ˌtimun ˈlaut/
timun laut,[ˌt̪i.mʊn ˈla.ʊt̪̚]
timur,/ˈtimur/
timur,[ˈt̪i.mʊr]
timur laut,/ˌtimur ˈlaut/
timur laut,[ˌt̪i.mʊr ˈla.ʊt̪̚]
timur tengah,/ˌtimur təˈŋah/
timur tengah,[ˌt̪i.mʊr t̪əˈŋah]
timus,/ˈtimus/
timus,[ˈt̪i.mʊs]
tin,[ˈtɪn]
tinambah,/tiˈnambah/
tinambah,[t̪iˈnam.bah]
tindak,/ˈtindak/
tindak,[ˈt̪in.dak̚]
tindakan,/tɪn.da.kan/
tindas,/ˈtɪndas/
ting,/ˈtiŋ/
ting,[ˈt̪iŋ]
tinggal,/ˈtiŋɡal/
tinggal,[ˈt̪iŋ.ɡal]
tinggalkan,/tiŋˈɡalkan/
tinggalkan,[t̪iŋˈɡal.kan]
tinggalkanlah,/tiŋɡalˈkanlah/
tinggalkanlah,[t̪iŋ.ɡalˈkan.lah]
tinggallah,/tiŋˈɡalah/
tinggallah,[t̪iŋˈɡa.lah]
tinggi,/ˈtiŋɡi/
tinggi,[ˈt̪iŋ.ɡi]
tinggi nada,/ˈtɪŋ.ɡi ˈna.da/
tingkap,/ˈtiŋkap/
tingkap,[ˈt̪iŋ.kap̚]
tingkapan,/tiŋˈkapan/
tingkapan,[t̪iŋˈka.pan]
tingkat,[ˈtɪŋkat]
tingkat kesukaran,/ˈtɪŋ.kat kə.su.ˈkar.an/
tingkat kesulitan,/ˈtɪŋ.kat kə.su.ˈlɪt.an/
tingtur,[ˈtɪŋtʊr]
tinja,/ˈtɪnd͡ʒa/
tinjau,/ˈtind͡ʒau̯/
tinjau,[ˈt̪iɲ.d͡ʒau̯]
tinjauan,/tinˈd͡ʒawan/
tinjauan,[t̪iɲˈd͡ʒa.wan]
tinju,/ˈtind͡ʒu/
tinju,[ˈt̪iɲ.d͡ʒu]
tinjukan,/tinˈd͡ʒukan/
tinjukan,[t̪iɲˈd͡ʒu.kan]
tinta,/ˈtinta/
tinta,[ˈt̪in̪.t̪a]
tionghoa,/tioŋˈhoa/
tionghoa,[t̪i.oŋˈho.a]
tiongkok,/tiˈoŋkok/
tiongkok,[t̪iˈoŋ.kɔk̚]
tip-eks,/ˌtip ˈɛk/
tip-eks,/ˌtip ˈɛks/
tip-eks,[ˌt̪ɪp̚ ˈɛks]
tip-eks,[ˌt̪ɪp̚ ˈɛk̚]
tipe,[ˈti.pə]
tipi,[ˈtipi]
tipis,[ˈtipɪs]
tipografer,/ti.po.ˈɡra.fər/
tipologi,/ti.po.ˈlo.ɡi/
tipu,/ˈtipu/
tipu,[ˈt̪i.pu]
tipu daya,/ti.pu ˈda.ja/
tir,/ˈtɪr/
tirah baring,/ˌtirah ˈbariŋ/
tirah baring,[ˌt̪i.rah ˈba.rɪŋ]
tirai,[ˈt̪irai̯]
tiram,/ˈtiram/
tiram,[ˈt̪i.ram]
tirani,/ti.ˈra.ni/
tiras,[ˈt̪iras]
tiri,/ˈtiri/
tiri,[ˈt̪i.ri]
tiris,/ˈtiris/
tiris,[ˈt̪i.rɪs]
tiroid,[tiˈroɪt̚]
tirta,/tir.ta/
tisu,/ˈti.su/
tisu,[ˈt̪i.su]
titah,/ˈti.tah/
titahkan,/tiˈtahkan/
titel,[ˈt̪it̪əl]
titi,/ˈtiti/
titi,[ˈt̪i.t̪i]
titihan,/tiˈtihan/
titihan,[t̪iˈt̪i.han]
titik,/ˈtitik/
titik,[ˈt̪i.t̪ɪk̚]
titik buta,/ˌti.tik ˈbu.ta/
titik buta,[ˌt̪i.t̪ɪk̚ ˈbu.t̪a]
titik panas,/ˈtɪ.tɪʔ ˈpan.as/
titik tumpu,/ˈti.tɪʔ ˈtʊm.pu/
titinada,/ti.ti.ˈna.da/
titip,[ˈtitɪp̚]
titip absen,[ˈtitɪp̚ ˈap̚sɛn]
titit,/ˈtitit/
titit,[ˈt̪i.t̪ɪt̪̚]
titrasi,/tiˈtrasi/
tituler,/tiˈtulɛr/
tituler,[t̪iˈt̪u.lɛr]
titus,/ˈtitus/
titus,[ˈt̪i.t̪ʊs]
tiup,/ˈtiup/
tiup,[ˈt̪i.ʊp̚]
tiwikrama,/tiwikˈrama/
tiwikrama,[t̪i.wik̚ˈra.ma]
tk,/ˈteka/
tk,[ˈt̪e.ka]
tki,/teˈka.i/
tki,[t̪eˈka.i]
tkp,/teˈka.pe/
tkp,[t̪eˈka.pe]
tm,/ˈte.ɛm/
tm,[ˈt̪e.ɛm]
tmp,/teˈɛm.pe/
tmp,[t̪eˈɛm.pe]
tmt,/teˈɛm.te/
tmt,[t̪eˈɛm.t̪e]
tni,/ˈte.ni/
tni,[ˈt̪e.ni]
to,/ˈte.o/
to,[ˈt̪e.o]
toa,[ˈto.a]
tobang,/ˈtobaŋ/
tobang,[ˈt̪o.baŋ]
tobat,/ˈtobat/
tobat,[ˈt̪o.bat̪̚]
tobiko,/to.bi.ko/
tobit,/ˈtobit/
tobit,[ˈt̪o.bɪt̪̚]
tocil,/ˈtot͡ʃil/
tocil,[ˈt̪o.t͡ʃɪl]
todak,/ˈtodak/
todak,[ˈt̪o.dak̚]
tofu,/to.fu/
toga,/ˈtoɡa/
toga,[ˈt̪o.ɡa]
toge,/ˈtoɡe/
toge,[ˈt̪o.ɡe]
togel,/ˈtoɡel/
togel,/ˈtoɡəl/
togel,[ˈt̪o.ɡəl]
togel,[ˈt̪o.ɡɛl]
toh,/ˈtoh/
toh,[ˈt̪ɔh]
tohor,[ˈt̪ohor]
toilet,/ˈtoi̯lɛt/
toilet,[ˈt̪oi̯.lɛt̪̚]
tokas,/ˈtokas/
tokas,[ˈt̪o.kas]
tokcer,/ˈtokt͡ʃɛr/
tokcer,[ˈt̪ok̚.t͡ʃɛr]
tokek,/ˈtokɛʔ/
tokek,[ˈt̪o.kɛʔ]
token,/ˈtokən/
token,[ˈt̪o.kən]
tokhtor,/ˈtoxtor/
tokhtor,[ˈt̪ox.t̪ɔr]
toko,/ˈtoko/
toko,[ˈt̪o.ko]
toko buku,/ˌto.ko ˈbu.ku/
toko buku,[ˌt̪o.ko ˈbu.ku]
toko kelontong,/ˌto.ko kəˈlon.toŋ/
toko kelontong,[ˌt̪o.ko kəˈlon̪.t̪ɔŋ]
toko serbaada,/ˌto.ko sər.baˈa.da/
toko serbaada,[ˌt̪o.ko sər.baˈa.da]
tokoh publik,[ˈtokɔh ˈpublɪk̚]
tokong,/ˈtokoŋ/
tokong,[ˈt̪o.kɔŋ]
toksik,/ˈtɔk.sɪk/
toksikologi,/ˈtɔk.si.ko.ˈlo.ɡi/
toksin,/ˈtɔk.sɪn/
toksisitas,/tɔk.si.ˈsi.tas/
toksoplasmosis,/toksoplasˈmosis/
toksoplasmosis,[t̪ok̚.sop̚.lasˈmo.sɪs]
tol,/ˈtol/
tol,[ˈt̪ɔl]
tolak,/ˈtolak/
tolak,[ˈt̪o.lak̚]
tolak mentah-mentah,/tɔlaʔ məntah mənˈtah/
tolak peluru,[ˈtolak̚ pəˈluru]
tolan,[ˈto.lan]
toleran,[t̪oləˈran]
toleransi,[t̪oləˈransi]
tolok,/ˈtolok/
tolok,[ˈt̪o.lɔk̚]
tolol,/ˈtolol/
tolol,[ˈt̪o.lɔl]
tolong,/ˈtɔlɔŋ/
tolong,[ˈt̪ɔ.lɔŋ]
tolong belok kanan,/to.lʊŋ.be.lʊʔ.ka.nan/
tolong belok kiri,/to.lʊŋ.be.lʊʔ.ki.ri/
tom yam,[ˈt̪ɔm ˈjam]
toman,/ˈtoman/
toman,[ˈt̪o.man]
tomas,/ˈtomas/
tomas,[ˈt̪o.mas]
tomat,[ˈtomat̚]
tombol,[ˈtɔm.bɔl]
ton,/ˈton/
ton,[ˈt̪on]
tona,[ˈtona]
tonase,[toˈnasə]
toner,[ˈt̪onər]
tong,/ˈtɔŋ/
tong,[ˈt̪oŋ]
tongcai,[ˈtɔŋt͡ʃai̯]
tonggak,/ˈtɔŋɡaʔ/
tonggak,[ˈt̪oŋ.ɡaʔ]
tonggak gantung,/ˌtɔŋɡaʔ ˈɡantuŋ/
tonggak gantung,[ˌt̪ɔŋ.ɡaʔ ˈɡan̪.t̪ʊŋ]
tonggak sejarah,/ˌtɔŋɡaʔ səˈd͡ʒarah/
tonggak sejarah,[ˌt̪ɔŋ.ɡaʔ səˈd͡ʒa.rah]
tongkat,/ˈtoŋkat/
tongkat,[ˈt̪oŋ.kat̪̚]
tongkrong,/ˈtɔŋkrɔŋ/
tongkrong,[ˈt̪oŋ.krɔŋ]
tongkrongan,/tɔŋˈkroŋan/
tongkrongan,[t̪ɔŋˈkro.ŋan]
tongkrongi,/tɔŋˈkroŋi/
tongkrongi,[t̪ɔŋˈkro.ŋi]
tongsan,[ˈtɔŋ.san]
tonil,[ˈt̪onɪl]
tonsil,/ˈtonsil/
tonsil,[ˈt̪on.sɪl]
tontaipur,/tontaˈipur/
tontaipur,[t̪on̪.t̪aˈi.pʊr]
tonti,/ˈtonti/
tonti,[ˈt̪on̪.t̪i]
tonton,/ˈtonton/
tonton,[ˈt̪on̪.t̪ɔn]
topan,[ˈtopan]
topeng,[ˈto.pɛŋ]
topi,/to.pi/
topik,[ˈtopɪk̚]
topikal,[toˈpikal]
toples,[ˈtɔp̚ləs]
topografi,/topoˈɡrafi/
topografi,[t̪o.poˈɡra.fi]
topografis,/topoˈɡrafis/
topografis,[t̪o.poˈɡra.fɪs]
topologi,/topoˈloɡi/
topologi,[t̪o.poˈlo.ɡi]
toraks,[ˈt̪oraks]
toreador,/to.re.ˈa.dɔr/
toren,[ˈtorən]
torka,/tor.ka/
torsi,/tor.si/
torsi,/tɔr.si/
toserba,/ˈtosərba/
toserba,[ˈt̪o.sər.ba]
total,/ˈtotal/
total,[ˈt̪o.t̪al]
totalitarianisme,/totalitariaˈnismə/
totalitarianisme,[t̪o.t̪a.li.t̪a.ri.aˈnis.mə]
totaliterisme,/totalitɛrˈismə/
totaliterisme,[t̪o.t̪a.li.t̪ɛrˈis.mə]
toto,/toto/
tpa,/teˈpe.(ʔ)a/
tpa,[t̪eˈpe.(ʔ)a]
tppt,/te.pe.pe.te/
tppu,/te.pe.ˈpe.u/
tps,/te.ˈpe.ɛs/
tpsln,/te.pe.ɛs.ɛl.ɛn/
tr,/ˈte.ɛr/
tr,[ˈt̪e.ɛr]
tradisi,[t̪raˈd̪isi]
tradisional,[t̪rad̪isiˈonal]
tradisionalisme,/tradisionalˈismə/
tradisionalisme,[t̪ra.di.si.o.nalˈis.mə]
tradisionil,[t̪rad̪isiˈonɪl]
tragis,[ˈtraɡɪs]
trailer,[ˈt̪rai̯.lər]
traksi,/ˈtraksi/
traksi,[ˈt̪rak̚.si]
traktat,[ˈtrak.tat]
traktir,[ˈtrak̚.tɪr]
transaksi,[transˈak̚si]
transaksional,[transak̚siˈonal]
transfer,/ˈtransfər/
transfer,[ˈt̪rans.fər]
transfigurasi,/transfiɡuˈrasi/
transformasi,/trans.fɔr.ˈma.si/
transformator,[transfɔrˈmatɔr]
transfusi,[transˈfusi]
transien,[t̪ranˈsiɛn]
transit,[ˈtransɪt]
transiver,/tranˈsivər/
transiver,[t̪ranˈsi.fər]
transkrip,[ˈtranskrɪp̚]
transkripsi,/tranˈskrɪpsi/
translasi,/transˈlasi/
translasi,[t̪ransˈla.si]
transliterasi,[translitəˈrasi]
translokasi,[t̪ransloˈkasi]
transmigrasi,/transmiɡˈrasi/
transmigrasi,[t̪rans.mik̚ˈra.si]
transmisi,/transˈmisi/
transmisi,[t̪ransˈmi.si]
transparan,/transˈparan/
transparansi,/transpaˈransi/
transplantasi,/transplanˈtasi/
transplantasi,[t̪rans.plan̪ˈt̪a.si]
transplantasikan,/transplantaˈsikan/
transplantasikan,[t̪rans.plan̪.t̪aˈsi.kan]
transpolitan,/transpoˈlitan/
transpolitan,[t̪rans.poˈli.t̪an]
transpor,[ˈt̪ranspɔr]
transpor aktif,/ˈtranspɔr ˈaktɪf/
transportasi,[t̪ranspɔrˈt̪asi]
transubstansiasi,/transubstansiˈasi/
transubstansiasi,[t̪ran.subs.t̪an.siˈa.si]
trapesium,/tra.peˈsi.ʊm/
trapezoid,/trapeˈzoid/
trapezoid,[t̪ra.peˈzo.ɪt̪̚]
tras,/ˈtras/
tras,[ˈt̪ras]
trase,[ˈtrasə]
trauma,[ˈtrau̯ma]
traumatik,/trauˈmatik/
traumatik,[t̪ra.uˈma.t̪ɪk̚]
traumatis,/trauˈmatis/
traumatis,[t̪ra.uˈma.t̪ɪs]
trayek,[ˈtrajɛk]
trek,/ˈtrɛk/
trek,[ˈt̪rɛk̚]
trekstang,/ˈtrɛkstaŋ/
trekstang,[ˈt̪rɛks.t̪aŋ]
tremor,/ˈtremor/
tremor,[ˈt̪re.mɔr]
tren,/ˈtren/
tren,[ˈt̪rɛn]
tresna,[trəsˈna]
tri-,/tri/
tri-,[t̪ri]
trias politika,/ˌtri.as po.liˈti.ka/
trias politika,[ˌt̪ri.as po.liˈt̪i.ka]
triase,[ˈtriasə]
tribuana,/tribuˈana/
tribuana,[t̪ri.buˈa.na]
tribulasi,/tribuˈlasi/
tribulasi,[t̪ri.buˈla.si]
tribunal,/triˈbunal/
tribunal,[t̪riˈbu.nal]
tribune,[triˈbu.nə]
tribune,[triˈbʊn]
tridarma,/triˈdarma/
tridarma,[t̪riˈdar.ma]
tridaya,/triˈdaja/
tridaya,[t̪riˈda.ja]
triduum,/triˈduum/
triduum,[t̪riˈdu.ʊm]
trik,/ˈtrik/
trik,[ˈt̪rɪk̚]
trilateralisme,/trilatəraˈlismə/
trilateralisme,[t̪ri.la.t̪ə.raˈlis.mə]
triliun,/triˈliun/
triliun,[t̪riˈli.ʊn]
trimester,[triˈmɛstər]
trinitarian,/trinitaˈrian/
trinitarian,[t̪ri.ni.t̪aˈri.an]
trinitarianisme,/trinitariaˈnismə/
trinitarianisme,[t̪ri.ni.t̪a.ri.aˈnis.mə]
trinitas,[triˈnitas]
tripod,/ˈtri.pɔt/
trisagion,/trisaˈɡion/
trisagion,[t̪ri.saˈɡi.ɔn]
triteisme,/triteˈismə̂/
triteisme,[t̪ri.t̪eˈis.mə̂]
tritunggal,/triˈtuŋɡal/
tritunggal,[t̪riˈt̪uŋ.ɡal]
tritunggal mahakudus,/triˌtuŋ.ɡal ma.haˈku.dus/
tritunggal mahakudus,[t̪riˌt̪uŋ.ɡal ma.haˈku.dʊs]
trivium,/triˈvium/
trivium,[t̪riˈfi.ʊm]
troika,[ˈt̪roi̯ka]
troli,[ˈt̪roli]
trombosit,/trɔmˈbosɪt̚/
tromol,/ˈtro.mol/
trompet,/ˈtrɔmpɛt/
trompet,[ˈt̪rɔm.pɛt̪̚]
tropis,/ˈtropis/
tropis,[ˈt̪ro.pɪs]
trotoar,/troˈtoar/
trotoar,[t̪roˈt̪o.ar]
truk,/ˈtruk/
truk,[ˈt̪rʊk̚]
trulek,/ˈtrulək/
trulek,[ˈt̪ru.lək̚]
trutu,/ˈtrutu/
trutu,[ˈt̪ru.t̪u]
tryout,/ˈtrjout/
tryout,[ˈt̪rjo.ʊt̪̚]
tsaris,/ˈtsaris/
tsaris,[ˈt̪sa.rɪs]
tsarisme,/tsaˈrismə/
tsarisme,[t̪saˈris.mə]
tsunami,/suˈnami/
tsunami,[suˈna.mi]
tsuru,/ʃu.ru/
tt,/ˈte.te/
tt,[ˈt̪e.t̪e]
ttm,/te.te.ɛm/
tts,/teˈte.ɛs/
tts,[t̪eˈt̪e.ɛs]
ttv,/te.ˈte.ve/
tu,/ˈte.u/
tu,[ˈt̪e.u]
tua,/ˈtua/
tua,[ˈt̪u.a]
tuah,[ˈt̪uah]
tuai,/tuai̯/
tuak,[ˈtuak̚]
tuala,/tuˈala/
tuala,[t̪uˈa.la]
tuan,/ˈtuan/
tuan,[ˈt̪u.an]
tuan rumah,/ˌtu.an ˈru.mah/
tuan rumah,[ˌt̪u.an ˈru.mah]
tuang,/ˈtuaŋ/
tuang,[ˈt̪u.aŋ]
tuas,/tuas/
tuba,/ˈtuba/
tuban,[ˈt̪uban]
tuban-tuban,[ˈt̪uban ˈt̪uban]
tubel,/ˈtubəl/
tubel,[ˈt̪u.bəl]
tuberkulosis,/tu.bər.ku.ˈlo.sɪs/
tubin,/ˈtubin/
tubin,[ˈt̪u.bɪn]
tubuh,/ˈtubuh/
tubuh,[ˈt̪u.bʊh]
tudong,/ˈtudoŋ/
tudong,[ˈt̪u.dɔŋ]
tuduh,/ˈtuduh/
tuduh,[ˈt̪u.dʊh]
tudung,/ˈtu.dʊŋ/
tudung akar,/ˌtuduŋ ˈakar/
tudung akar,[ˌt̪u.dʊŋ ˈa.kar]
tugas,/ˈtuɡas/
tugas,[ˈt̪u.ɡas]
tugas akhir,/ˈtu.ɡas ˈa.xɪr/
tugas pembantuan,/ˌtu.ɡas pəm.banˈtu.an/
tugas pembantuan,[ˌt̪u.ɡas pəm.ban̪ˈt̪u.an]
tugas pokok,/ˌtu.ɡas ˈpo.kok/
tugas pokok,[ˌt̪u.ɡas ˈpo.kɔk̚]
tuginem,/tuˈɡinəm/
tuginem,[t̪uˈɡi.nəm]
tugu,/ˈtuɡu/
tugu,[ˈt̪u.ɡu]
tuh,/tuh/
tuhan,/ˈtuhan/
tuhan,[ˈt̪u.han]
tuju,/ˈtud͡ʒu/
tuju,[ˈt̪u.d͡ʒu]
tujuan,/tuˈd͡ʒuan/
tujuan,[t̪uˈd͡ʒu.an]
tujuh,/ˈtud͡ʒuh/
tujuh,[ˈt̪u.d͡ʒʊh]
tukak,/ˈtukaʔ/
tukak,[ˈt̪u.kaʔ]
tukak lambung,/ˌtukaʔ ˈlambuŋ/
tukak lambung,[ˌt̪u.kaʔ ˈlam.bʊŋ]
tukak peptik,/ˌtukaʔ ˈpɛptik/
tukak peptik,[ˌt̪u.kaʔ ˈpɛp̚.t̪ɪk̚]
tukang,/ˈtukaŋ/
tukang,[ˈt̪u.kaŋ]
tukang api,/ˌtukaŋ ˈapi/
tukang api,[ˌt̪u.kaŋ ˈa.pi]
tukang besi,/ˌtukaŋ bəˈsi/
tukang besi,[ˌt̪u.kaŋ bəˈsi]
tukang cat,/ˌtukaŋ ˈt͡ʃat/
tukang cat,[ˌt̪u.kaŋ ˈt͡ʃat̪̚]
tukang cetak,/ˌtukaŋ t͡ʃəˈtak/
tukang cetak,[ˌt̪u.kaŋ t͡ʃəˈt̪ak̚]
tukang daging,/ˌtukaŋ ˈdaɡiŋ/
tukang daging,[ˌt̪u.kaŋ ˈda.ɡɪŋ]
tukang dempul,/ˌtukaŋ dəmˈpul/
tukang dempul,[ˌt̪u.kaŋ dəmˈpʊl]
tukang isyarat,/ˌtukaŋ iˈʃarat/
tukang isyarat,[ˌt̪u.kaŋ iˈʃa.rat̪̚]
tukang kayu,/ˌtukaŋ ˈkaju/
tukang kayu,[ˌt̪u.kaŋ ˈka.ju]
tukang las,/ˌtukaŋ ˈlas/
tukang las,[ˌt̪u.kaŋ ˈlas]
tukang listrik,/ˌtukaŋ ˈlistrik/
tukang listrik,[ˌt̪u.kaŋ ˈlis.t̪rɪk̚]
tukang masak,/ˌtukaŋ ˈmasak/
tukang masak,[ˌt̪u.kaŋ ˈma.sak̚]
tukang mesin,/ˌtukaŋ məˈsin/
tukang mesin,[ˌt̪u.kaŋ məˈsin]
tukang mobil,/ˌtukaŋ ˈmobil/
tukang mobil,[ˌt̪u.kaŋ ˈmo.bɪl]
tukang pos,/ˌtukaŋ ˈpos/
tukang pos,[ˌt̪u.kaŋ ˈpɔs]
tukang sepatu,/ˌtukaŋ səˈpatu/
tukang sepatu,[ˌt̪u.kaŋ səˈpa.t̪u]
tukang sepuh,/ˌtukaŋ səˈpuh/
tukang sepuh,[ˌt̪u.kaŋ səˈpʊh]
tukar,/ˈtukar/
tukijem,/tuˈkid͡ʒəm/
tukijem,[t̪uˈki.d͡ʒəm]
tukik,/ˈtukik/
tukik,[ˈt̪u.kɪk̚]
tukil,[ˈt̪u.kɪl]
tukin,/ˈtukin/
tukin,[ˈt̪u.kɪn]
tukiyo,/tuˈkijo/
tukiyo,[t̪uˈki.jo]
tukul,/ˈtu.kʊl/
tukun,/ˈtukun/
tukun,[ˈt̪u.kʊn]
tukur,/ˈtukur/
tukur,[ˈt̪u.kʊr]
tulang,/ˈtulaŋ/
tulang,[ˈt̪u.laŋ]
tulang landasan,/ˌtulaŋ lanˈdasan/
tulang landasan,[ˌt̪u.laŋ lanˈda.san]
tulang martil,/ˌtulaŋ ˈmartil/
tulang martil,[ˌt̪u.laŋ ˈmar.t̪ɪl]
tulang rahang,/ˌtu.laŋ ˈra.haŋ/
tulang rahang,[ˌt̪u.laŋ ˈra.haŋ]
tulang rahang atas,/ˌtu.laŋ ˌra.haŋ ˈa.tas/
tulang rahang atas,[ˌt̪u.laŋ ˌra.haŋ ˈa.t̪as]
tulang rahang bawah,/ˌtu.laŋ ˌra.haŋ ˈba.wah/
tulang rahang bawah,[ˌt̪u.laŋ ˌra.haŋ ˈba.wah]
tulang rawan,[ˈtulaŋ ˈrawan]
tulang sanggurdi,/ˌtulaŋ saŋˈɡurdi/
tulang sanggurdi,[ˌt̪u.laŋ saŋˈɡur.di]
tular,/ˈtular/
tular,[ˈt̪u.lar]
tulat,/ˈtulat/
tulat,[ˈt̪u.lat̪̚]
tuli,/ˈtuli/
tuli,[ˈt̪u.li]
tulis,/ˈtulis/
tulis,[ˈt̪u.lɪs]
tulis-menulis,/ˌtulis məˈnulis/
tulis-menulis,[ˌt̪u.lɪs məˈnu.lɪs]
tulisan,/tuˈlisan/
tulisan,[t̪uˈli.san]
tulisan tangan,/tu.li.san ˈta.ŋan/
tulisi,/tuˈlisi/
tulisi,[t̪uˈli.si]
tuliskan,/tuˈliskan/
tuliskan,[t̪uˈlis.kan]
tulung,[ˈt̪u.lʊŋ]
tulus,/ˈtulus/
tulus,[ˈt̪u.lʊs]
tum,/ˈtum/
tum,[ˈt̪um]
tumbal,[ˈtʊmbal]
tumbang,/ˈtumbaŋ/
tumbang,[ˈt̪um.baŋ]
tumben,/ˈtumbɛn/
tumben,[ˈt̪um.bɛn]
tumbuh,/ˈtʊmbʊh/
tumbuhan,/tʊmˈbʊhan/
tumbuhan air,/tʊmˈbʊhan ˈaɪr/
tumbuk,/ˈtumbuk/
tumbuk,[ˈt̪um.bʊk̚]
tumenggung,/tuməŋˈɡuŋ/
tumenggung,[t̪u.məŋˈɡuŋ]
tumis,/ˈtumis/
tumis,[ˈt̪u.mɪs]
tumpah,/ˈtumpah/
tumpah,[ˈt̪um.pah]
tumpak,/ˈtumpak/
tumpak,[ˈt̪um.pak̚]
tumpang,/ˈtumpaŋ/
tumpang,[ˈt̪um.paŋ]
tumpeng,/ˈtʊm.pəŋ/
tumpu,/ˈtumpu/
tumpu,[ˈt̪um.pu]
tuna,/ˈtuna/
tuna,[ˈt̪u.na]
tuna-,[ˈtu.na]
tunadaksa,/tunaˈdaksa/
tunadaksa,[t̪u.naˈdak̚.sa]
tunai,[tunai̯]
tunai saat serah,/ˌtunai̯ ˌsaat səˈrah/
tunai saat serah,[ˌt̪u.nai̯ ˌsa.(ʔ)at̪̚ səˈrah]
tunak,/ˈtunak/
tunak,[ˈt̪u.nak̚]
tunang,/ˈtu.naŋ/
tunawarga,/tunaˈwarɡa/
tunawarga,[t̪u.naˈwar.ɡa]
tunda,/ˈtʊnda/
tundang,/ˈtundaŋ/
tundang,[ˈt̪un.daŋ]
tunduk,/ˈtʊn.dʊʔ/
tungau,/ˈtuŋau̯/
tungau,[ˈt̪u.ŋau̯]
tunggak,/ˈtuŋɡaʔ/
tunggak,[ˈt̪uŋ.ɡaʔ]
tunggal,/ˈtʊŋɡal/
tunggang gunung,/ˌtuŋ.ɡaŋ ˈɡu.nuŋ/
tunggang gunung,[ˌt̪uŋ.ɡaŋ ˈɡu.nʊŋ]
tunggu,/ˈtuŋɡu/
tunggu,[ˈt̪uŋ.ɡu]
tunggui,/tuŋˈɡui/
tunggui,[t̪uŋˈɡu.i]
tunggukan,/tuŋˈɡukan/
tunggukan,[t̪uŋˈɡu.kan]
tunggul,/ˈtuŋɡul/
tunggul,[ˈt̪uŋ.ɡʊl]
tungkai,/ˈtuŋkai̯/
tungkai,[ˈt̪uŋ.kai̯]
tungkas,/tʊŋkas/
tungku,/ˈtʊŋku/
tunjangan,/tʊnˈd͡ʒaŋan/
tunji,/ˈtund͡ʒi/
tunji,[ˈt̪uɲ.d͡ʒi]
tunjuk,/ˈtund͡ʒuk/
tunjuk,[ˈt̪uɲ.d͡ʒʊk̚]
tunjuk perasaan,/tʊnjʊk̚ pərasaan/
tunjung,/ˈtund͡ʒuŋ/
tunjung,[ˈt̪uɲ.d͡ʒʊŋ]
tuntas,/ˈtuntas/
tuntas,[ˈt̪un̪.t̪as]
tuntun,/ˈtʊn.tʊn/
tuntut,/ˈtuntut/
tuntut,[ˈt̪un̪.t̪ʊt̪̚]
tuntutan,/tunˈtutan/
tuntutan,[t̪un̪ˈt̪u.t̪an]
tunu,/ˈtunu/
tunu,[ˈt̪u.nu]
tupai,/ˈtupai̯/
tupai,[ˈt̪u.pai̯]
turangga,/tuˈraŋɡa/
turangga,[t̪uˈraŋ.ɡa]
turap,/ˈturap/
turap,[ˈt̪u.rap̚]
turbin,[ˈtʊrbɪn]
turbulen,/tʊr.ˈbu.lɛn/
turbulensi,/tʊr.bu.ˈlɛn.si/
turibulum,/turiˈbulum/
turibulum,[t̪u.riˈbu.lʊm]
turis,[ˈturɪs]
turjawali,/turd͡ʒaˈwali/
turjawali,[t̪ur.d͡ʒaˈwa.li]
turki,/ˈturki/
turki,[ˈt̪ur.ki]
turkistan timur,/turˌkistan ˈtimur/
turkistan timur,[t̪urˌkis.t̪an̪ ˈt̪i.mʊr]
turun,/ˈturun/
turun,[ˈt̪u.rʊn]
turun mesin,[ˈturʊn məˈsɪn]
turun-temurun,/ˌturun təˈmurun/
turun-temurun,[ˌt̪u.rʊn̪ t̪əˈmu.rʊn]
turunan,/tuˈru.nan/
turunan,[t̪uˈru.nan]
turunlah,/tuˈrunlah/
turunlah,[t̪uˈrun.lah]
turus,/ˈtu.rʊs/
turut,/ˈturut/
turut,[ˈt̪u.rʊt̪̚]
tusimin,/tuˈsimin/
tusimin,[t̪uˈsi.mɪn]
tustel,/tus.tɛl/
tusuk,/ˈtusuk/
tusuk,[ˈt̪u.sʊk̚]
tusuk jarum,/ˌtusuk ˈd͡ʒarum/
tusuk jarum,[ˌt̪u.sʊk̚ ˈd͡ʒa.rʊm]
tutorial,/tu.to.ˈri.al/
tuts,[ˈtʊts]
tutul,/ˈtutul/
tutul,[ˈt̪u.t̪ʊl]
tutup,/ˈtutup/
tutup,[ˈt̪u.t̪ʊp̚]
tutup atap,/tu.tʊp̚ ˈʔa.tap̚/
tutup buku,/tu.tʊp̚ ˈbu.ku/
tutup bumi,/tu.tʊp̚ ˈbu.mi/
tutup mulut,/tu.tʊp̚ ˈmu.lʊt̚/
tutup-tutupi,/tu.tʊp̚.tuˈtu.pi/
tutup-tutupin,/tu.tʊp̚.tuˈtu.pɪn/
tutupan,/tuˈtu.pan/
tutupi,/tuˈtupi/
tutupi,[t̪uˈt̪u.pi]
tutupin,/tuˈtupin/
tutupin,[t̪uˈt̪u.pɪn]
tutupkan,/tuˈtʊp̚.kan/
tutur,/ˈtutur/
tutur,[ˈt̪u.t̪ʊr]
tuturkan,/tuˈturkan/
tuturkan,[t̪uˈt̪ur.kan]
tutut,/ˈtutut/
tutut,[ˈt̪u.t̪ʊt̪̚]
tuwung,/ˈtuwuŋ/
tuwung,[ˈt̪u.wʊŋ]
tuwur,/ˈtuwur/
tuwur,[ˈt̪u.wʊr]
tv,/ˈte.ve/
tv,[ˈt̪e.fe]
tvri,/tɛ.fɛˈɛr.i/
tvri,[t̪ɛ.fɛˈɛr.i]
tw,/ˈte.we/
tw,[ˈt̪e.we]
twit,/ˈtʷɪt̚/
türkiye,/turˈkije/
uan,[uˈaɛn]
uan,[ˈuʷan]
uang,/ˈuaŋ/
uang,[ˈu.aŋ]
uang kertas,/ˌuaŋ kərˈtas/
uang kertas,[ˌu.aŋ kərˈt̪as]
uang sogok,/u.aŋ ˈsɔ.ɡɔʔ/
uang suap,/u.aŋ ˈsu.ap̚/
uang tunggu,/ˌuaŋ ˈtuŋɡu/
uang tunggu,[ˌu.aŋ ˈt̪uŋ.ɡu]
uap,/ˈuap/
uap,[ˈu.ap̚]
uap air,/u.ap̚ ˈa.ɪr/
uas,[uˈaɛs]
uas,[ˈuʷas]
ub,/ˈu.be/
ub,[ˈu.be]
ubah,/ˈubah/
ubah,[ˈu.bah]
uban,/ˈuban/
uban,[ˈu.ban]
ubar,/ˈubar/
ubar,[ˈu.bar]
ubb,/uˈbebe/
ubb,[uˈbe.be]
uber,/ubər/
ubi,[ˈubi]
ubi kayu,/ˈʊbi ˈkaju/
ubin,/ˈu.bin/
ubin,[ˈu.bɪn]
ubt,/uˈbete/
ubt,[uˈbe.t̪e]
ubur-ubur,/ˌubur ˈubur/
ubur-ubur,[ˌu.bʊr ˈu.bʊr]
ucap,/ˈut͡ʃap/
ucap,[ˈu.t͡ʃap̚]
ucapkan,/uˈt͡ʃapkan/
ucapkan,[uˈt͡ʃap̚.kan]
ucen,/ˈut͡ʃən/
ucen,[ˈu.t͡ʃən]
uceng,/ˈu.t͡ʃəŋ/
uceng,[ˈu.t͡ʃəŋ]
ucul,/u.t͡ʃul/
udah,/u.dah/
udang,/ˈudaŋ/
udang,[ˈu.daŋ]
udang galah,/ˌudaŋ ˈɡalah/
udang galah,[ˌu.daŋ ˈɡa.lah]
udara,/uˈdara/
udara,[uˈda.ra]
udik,[ˈu.dɪk]
udin,/ˈudin/
udin,[ˈu.dɪn]
udon,/ˈudon/
udon,[ˈu.dɔn]
uduk,/ˈu.dʊk/
uea,/uˈea/
uea,[uˈe.a]
ufuk,/ˈufʊk/
ugm,/uˈɡeem/
ugm,[uˈɡe.ɛm]
ui,/ˈu.i/
ui,[ˈu.i]
ujang,/ˈud͡ʒaŋ/
ujang,[ˈu.d͡ʒaŋ]
ujar,[ˈʊd͡ʒar]
ujaran,/uˈd͡ʒaran/
ujaran,[uˈd͡ʒar.an]
ujaran kebencian,/uˌd͡ʒaran kəbənˈt͡ʃian/
ujaran kebencian,[uˌd͡ʒa.ran kə.bəɲˈt͡ʃi.an]
uji,/ˈud͡ʒi/
uji,[ˈu.d͡ʒi]
uji bakat,/ˌu.d͡ʒi ˈba.kat/
uji bakat,[ˌu.d͡ʒi ˈba.kat̪̚]
ujian,[ˈud͡ʒian]
ujian akhir,[ˈud͡ʒiʲan ˈaxɪr]
ujian akhir nasional,[ˈʊd͡ʒian ˈaxɪr nasiˈonal]
ujian akhir semester,[ˈud͡ʒiʲan ˈaxɪr səˈmɛstər]
ujian nasional,[ˈʊd͡ʒian nasiˈonal]
ujian penghabisan,/uˌd͡ʒi.an pəŋ.haˈbi.san/
ujian penghabisan,[uˌd͡ʒi.an pəŋ.haˈbi.san]
ujian tengah semester,[ˈʊd͡ʒian təˈŋah səˈmɛstər]
ujoh bilang,/ˈudʒɔh bilaŋ/
ujrah,/ˈud͡ʒrah/
ujrah,[ˈud͡ʒ.rah]
ujung,/ˈud͡ʒuŋ/
ujung,[ˈu.d͡ʒʊŋ]
uk,/ˈu.ka/
uk,[ˈu.ka]
ukir,/ˈu.kɪr/
ukm,[ʊˈkaɛm]
ukraina,[ʊkraˈɪna]
ukulele,/ukuˈlele/
ukulele,[u.kuˈle.le]
ukur,/ˈu.kur/
ukuran,/uˈkʊran/
ulah,/ˈulah/
ulah,[ˈu.lah]
ulam,/ˈulam/
ulam,[ˈu.lam]
ulama,/u.la.ma/
ulang,/ˈulaŋ/
ulang,[ˈu.laŋ]
ulang tahun,/ˌulaŋ ˈtahun/
ulang tahun,[ˌu.laŋ ˈt̪a.hʊn]
ulangan,/uˈlaŋan/
ulangan,/ˈu.la.ŋan/
ulangan,[uˈla.ŋan]
ulangan,[ˈu.la.ŋan]
ular,[ˈʊlar]
ulasan,/uˈla.san/
ulat,/ˈulat/
ulat,[ˈu.lat̪̚]
ulayat,/uˈlajat/
ulayat,[uˈla.jat̪̚]
ulit,/ˈu.lit/
ulit,[ˈu.lɪt̪̚]
ulkus,/ˈulkus/
ulkus,[ˈul.kʊs]
ulkus dekubitus,/ˌulkus dekuˈbitus/
ulkus dekubitus,[ˌul.kʊs de.kuˈbi.t̪ʊs]
ulkus duodenum,/ˌulkus duoˈdenum/
ulkus duodenum,[ˌul.kʊs du.oˈde.nʊm]
ulkus esofagus,/ˌulkus esoˈfaɡus/
ulkus esofagus,[ˌul.kʊs e.soˈfa.ɡʊs]
ulkus gastrik,/ˌulkus ˈɡastrik/
ulkus gastrik,[ˌul.kʊs ˈɡas.t̪rɪk̚]
ulkus peptik,/ˌulkus ˈpɛptik/
ulkus peptik,[ˌul.kʊs ˈpɛp̚.t̪ɪk̚]
ulkus peptikum,/ˌulkus pepˈtikum/
ulkus peptikum,[ˌul.kʊs pep̚ˈt̪i.kʊm]
ulkus tekan,/ˌulkus təˈkan/
ulkus tekan,[ˌul.kʊs t̪əˈkan]
ulkus tropik,/ˌulkus ˈtropik/
ulkus tropik,[ˌul.kʊs ˈt̪ro.pɪk̚]
ulkus tropis,/ˌulkus ˈtropis/
ulkus tropis,[ˌul.kʊs ˈt̪ro.pɪs]
ultah,/ˈultah/
ultah,[ˈul.t̪ah]
ultima,/ulˈtima/
ultima,[ulˈt̪i.ma]
ultimat,/ulˈtimat/
ultimat,[ulˈt̪i.mat̪̚]
ultimatum,/ultiˈmatum/
ultimatum,[ul.t̪iˈma.t̪ʊm]
ultrabunyi,/ultraˈbuɲi/
ultrabunyi,[ul.t̪raˈbu.ɲi]
ultraungu,/ultraˈuŋu/
ultraungu,[ul.t̪raˈu.ŋu]
ultraviolet,/ultraviˈɔlɛt/
ultraviolet,[ul.t̪ra.fiˈɔ.lɛt̪̚]
ululita,/uluˈlita/
ululita,[u.luˈli.t̪a]
ulun,/ˈu.lun/
ulun,[ˈu.lʊn]
ulung,/ˈuluŋ/
ulung,[ˈu.lʊŋ]
ulur,/ˈu.lʊr/
um,/ˈu.ɛm/
um,[ˈu.ɛm]
umami,/uˈmami/
umami,[uˈma.mi]
uman,[ˈʊman]
umat,/ˈumat̚/
umbar,/ˈumbar/
umbar,[ˈum.bar]
umbi,/ˈumbi/
umbi,[ˈum.bi]
umbi lapis,/ˌumbi ˈlapis/
umbi lapis,[ˌum.bi ˈla.pɪs]
umbi-umbian,/umbiumˈbian/
umbul,/ˈʊm.bʊl/
umi,/ˈʊmi/
umkm,[ʊɛmˈkaɛm]
umlaut,/umˈlaut/
umlaut,[umˈla.ʊt̪̚]
umpama,/umˈpama/
umpama,[umˈpa.ma]
umpan,/ˈumpan/
umpan,[ˈum.pan]
umpan balik,/ˈʊmpan ˈbalɪk/
umr,/uem(ʔ)er/
umukia,/umuˈkia/
umukia,[u.muˈki.a]
umum,/ˈumum/
umum,[ˈu.mʊm]
umur,/ˈumur/
umur,[ˈu.mʊr]
umur mental,/ˌumur ˈmental/
umur mental,[ˌu.mʊr ˈmen̪.t̪al]
un,[ˈuɛn]
unas,/ˈunas/
unas,[ˈu.nas]
unbk,/u.ɛnˈbe.ka/
unbk,[u.ɛnˈbe.ka]
uncal besar,/ˌunt͡ʃal bəˈsar/
uncal besar,[ˌuɲ.t͡ʃal bəˈsar]
undagi,[ʊnˈdaɡi]
undak,/ˈundak/
undak,[ˈun.dak̚]
undang,/ˈundaŋ/
undang,[ˈun.daŋ]
undang-undang,[ˈʊn.daŋˈʊn.daŋ]
undangan,/unˈdaŋan/
undangan,[unˈda.ŋan]
undangkan,/unˈdaŋkan/
undangkan,[unˈdaŋ.kan]
undangkanlah,/undaŋˈkanlah/
undangkanlah,[un.daŋˈkan.lah]
undi,/ˈundi/
undi,[ˈun.di]
undian,/ʊnˈdi.an/
undip,/ˈundip/
undip,[ˈun.dɪp̚]
unduh,/ˈunduh/
unduh,[ˈun.dʊh]
unduhan,[ʊnˈdʊhan]
undung-undung,/ˌunduŋ ˈunduŋ/
undung-undung,[ˌun.dʊŋ ˈun.dʊŋ]
undur,/unˈdʊɾ/
unesa,/uˈnesa/
unesa,[uˈne.sa]
ung,/uˈenɡe/
ung,[uˈen.ɡe]
ungaran,/uˈŋa.ran/
ungaran,[uˈŋa.ran]
unggah,/ˈuŋɡah/
unggah,[ˈuŋ.ɡah]
unggahan,[ʊŋˈɡahan]
unggas,/ˈuŋɡas/
unggul,/ˈuŋɡul/
unggul,[ˈuŋ.ɡʊl]
ungka,/ˈuŋ.ka/
ungka,[ˈuŋ.ka]
ungkap,/ˈuŋkap/
ungkap,[ˈuŋ.kap̚]
ungkep,/ˈʊŋkəp̚/
ungu,/ˈu.ŋu/
ungu,[ˈu.ŋu]
uni,/ˈuni/
uni,[ˈu.ni]
uni emirat arab,/ˌuni ɛˌmirat ˈarab/
uni emirat arab,[ˌu.ni ɛˌmi.rat̪̚ ˈa.rap̚]
uni eropa,[ˈʊni əroˈpa]
uni eropa,[ˈʊni ˈɛropa]
uni soviet,/ˌuni soˈviet/
uni soviet,[ˌu.ni soˈfi.ɛt̪̚]
unik,/ˈunik/
unikameral,/uniˈkaməral/
unikameral,[u.niˈka.mə.ral]
unikameralisme,/unikaməraˈlismə/
unikameralisme,[u.ni.ka.mə.raˈlis.mə]
unikorn,[ˈʊnikɔr(ə̆)n]
unilateral,/u.ni.la.tə.ˈral/
unilateralisme,/unilatəraˈlismə/
unilateralisme,[u.ni.la.t̪ə.raˈlis.mə]
unit,[ˈʊnɪt̚]
unit gawat darurat,[ˈʊnɪt̚ ˈɡawat̚ ˈdarurat]
unitisasi,/unitiˈsasi/
unitisasi,[u.ni.t̪iˈsa.si]
universal,/uˈnivərsal/
universal,[uˈni.fər.sal]
universitas,/univərsiˈtas/
universitas,[u.ni.fər.siˈt̪as]
universitas terbuka,/univərˌsitas tərˈbuka/
universitas terbuka,[u.ni.fərˌsi.t̪as t̪ərˈbu.ka]
universitet,[univərˈsitɛt]
unj,/uˈend͡ʒe/
unj,[uˈeɲ.d͡ʒe]
unja,/ˈund͡ʒa/
unja,[ˈuɲ.d͡ʒa]
unjuk,/ˈund͡ʒuk/
unjuk,[ˈuɲ.d͡ʒʊk̚]
unjuk rasa,[ˈʊnd͡ʒʊk̚ ˈrasa]
unjukkan,/unˈd͡ʒukan/
unjukkan,[uɲˈd͡ʒu.kan]
unpad,/ˈunpad/
unpad,[ˈun.pat̪̚]
unpatti,/unˈpati/
unpatti,[unˈpa.t̪i]
unram,/ˈunram/
unram,[ˈun.ram]
unri,/ˈunri/
unri,[ˈun.ri]
unsri,/ˈunsri/
unsri,[ˈuns.ri]
unsur,[ˈʊnsʊr]
unta,/ˈun.ta/
unta,[ˈun̪.t̪a]
untai,[ˈʊnt̪ai̯]
untaian,/unˈtai̯an/
untaian,[un̪ˈt̪ai̯.an]
unting-unting,/ˌuntiŋ ˈuntiŋ/
unting-unting,[ˌun̪.t̪ɪŋ ˈun̪.t̪ɪŋ]
untuk,/ˈuntuʔ/
untuk,[ˈun̪.t̪ʊʔ]
untung,[ˈʊntʊŋ]
uny,/uˈenje/
uny,[uˈen.je]
up,/ˈupe/
upacara,/upaˈt͡ʃara/
upacara,[u.paˈt͡ʃa.ra]
upah,/ˈʊpah/
upal,/ˈupal/
upal,[ˈu.pal]
upawasa,/upa.wa.sa/
upaya,/uˈpaja/
upaya,[uˈpa.ja]
upeti,[upəˈti]
uph,/u.pe.ha/
upi,/uˈpei/
upi,[uˈpe.i]
upmk,/upe(ʔ)emka/
upp,/uˈpe.pe/
upp,[uˈpe.pe]
upps,/u.peˈpe.ɛs/
upps,[u.peˈpe.ɛs]
upr,/uˈpeer/
upr,[uˈpe.ɛr]
uraian,/uˈrajan/
uraian,[uˈra.jan]
urap,/ˈurap/
urap,[ˈu.rap̚]
urbanisasi,/ʊrbaniˈsasi/
urbun,/ˈurbun/
urbun,[ˈur.bʊn]
ureter,/uˈretər/
ureter,[uˈre.t̪ər]
urinalisis,/urinaˈlisis/
urinalisis,[u.ri.naˈli.sɪs]
urine,/uˈrinə/
urine,/ˈurinə/
urine,[uˈri.nə]
urine,[ˈu.ri.nə]
urip,/ˈurip/
urip,[ˈu.rɪp̚]
urita,/uˈrita/
urita,[uˈri.t̪a]
urun daya,/ʔu.rʊn ˈda.ja/
urup,/ˈurup/
urup,[ˈu.rʊp̚]
urusan,/uˈrusan/
urusan,[uˈru.san]
urut,/ˈu.rut/
urut,[ˈu.rʊt̪̚]
urutan,/uˈrutan/
urutan,[uˈru.t̪an]
usada,/u.sa.da/
usah,[ˈusah]
usaha,/uˈsaha/
usaha,[uˈsa.ha]
usali,/uˈsali/
usang,/ˈusaŋ/
usang,[ˈu.saŋ]
usb,/uˈɛs.be/
usb,[uˈɛs.be]
usia,/uˈsia/
usia,[uˈsi.a]
usia lanjut,/uˌsia ˈland͡ʒut/
usia lanjut,[uˌsi.a ˈlaɲ.d͡ʒʊt̪̚]
usik,/ˈusik/
usik,[ˈu.sɪk̚]
usk,/uˈeska/
usk,[uˈes.ka]
uskup,/ˈuskup/
uskup,[ˈus.kʊp̚]
uskup agung,/ˌuskup ˈaɡuŋ/
uskup agung,[ˌus.kʊp̚ ˈa.ɡʊŋ]
ustaz,/ˈustaz/
ustaz,[ˈus.t̪az]
usuk,/ˈu.suk/
usuk,[ˈu.sʊk̚]
usul,/ˈusʊl/
usung,/ˈusuŋ/
usung,[ˈu.sʊŋ]
usungan,/uˈsuŋan/
usungan,[uˈsu.ŋan]
usus,/ˈusus/
usus,[ˈu.sʊs]
usus besar,/ˈusʊs bəˈsar/
usus buntu,[ˈusʊs ˈbʊntu]
usus dua belas jari,[ˈʊsʊs ˈdua̯ bəˈlas ˈd͡ʒari]
usus halus,/ˈʊsʊs ˈhalʊs/
usus kecil,/ˈʊsʊs kəˈt͡ʃɪl/
usus kosong,[ˈusʊs ˈkosɔŋ]
utak-atik,/ˌutak ˈatik/
utak-atik,[ˌu.t̪ak̚ ˈa.t̪ɪk̚]
utama,/ˈutama/
utamakan,/utaˈmakan/
utamakan,[u.t̪aˈma.kan]
utan,/ˈutan/
utan,[ˈu.t̪an]
utang,/ˈutaŋ/
utang,[ˈu.t̪aŋ]
utara,/uˈtara/
utara,[uˈt̪a.ra]
utarakan,/utaˈrakan/
utarakan,[u.t̪aˈra.kan]
utarid,/uˈtarid/
utarid,[uˈt̪a.rɪt̪̚]
utas,/ˈutas/
utas,[ˈu.t̪as]
uterus,[ˈʊtɛrʊs]
utopianisme,/utopiaˈnismə/
utopianisme,[u.t̪o.pi.aˈnis.mə]
utopis,/u.ˈto.pɪs/
uts,[uˈteɛs]
utu,/uˈteu/
utu,[uˈt̪e.u]
utuh,/ˈutuh/
utuh,[ˈu.t̪ʊh]
utusan,/uˈtusan/
utusan,[uˈt̪u.san]
utusan rakyat,[ˈʊtʊsan ˈraʔjat̪̚]
uud,/uˈu.de/
uud,[uˈu.de]
vagina,/vaˈɡi.na/
vagina,[fäˈɡi.nä]
vaginal,/vaˈɡinal/
vaginal,[faˈɡi.nal]
vak,[ˈvaʔ]
vakansi,[vaˈkansi]
vakbon,[ˈvaʔ.bɔn]
vaksin,[ˈvaksɪn]
vaksinasi,[vaksiˈnasi]
vakum,[ˈvakʊm]
valerie,/ˈf-/
valerie,/ˈveləri/
valid,[ˈvalɪt̪]
validasi,/va.li.ˈda.si/
validitas,/va.li.ˈdi.tas/
valuasi,[valuˈasi]
valuta,/vaˈluta/
valuta,[faˈlu.t̪a]
vape,[ˈvɛp]
variabel,[variˈabəl]
varian,[vaˈrian]
variansi,[variˈansi]
variasi,[variˈasi]
varietas,/va.ri.ˈe.tas/
variola,[variˈola]
varisela,[variˈsela]
vas,/ˈvas/
vas,[ˈfas]
vasal,/ˈvasal/
vasal,[ˈfa.sal]
vaskular,/vasˈkular/
vaskular,[fasˈku.lar]
vasodilatasi,/vasodilaˈtasi/
vasokonstriksi,/vasokɔnsˈtrɪksi/
vatikan,/vaˈtikan/
vatikan,[faˈt̪i.kan]
velositas,/vəloˈsitas/
velositas,[fə.loˈsi.t̪as]
velum,[ˈvɛlʊm]
vena,/ˈvena/
vena,[ˈfe.na]
venipunktur,/veniˈpunktur/
venipunktur,[fe.niˈpunk̚.t̪ʊr]
venison,/vəˈnison/
venison,[fəˈni.sɔn]
ventilasi,[vɛntiˈlasi]
ventral,/ˈventral/
ventral,[ˈfen̪.t̪ral]
ventrikel,/vɛnˈtrikəl/
ventrikel,[fɛn̪ˈt̪ri.kəl]
ventrikulus,/vɛntriˈkulus/
ventrikulus,[fɛn̪.t̪riˈku.lʊs]
venus,/ˈvenus/
venus,[ˈfe.nʊs]
verano,/veˈrano/
verba,[ˈvɛrba]
verba bantu,/ˈvɛr.ba ˈban.tu/
verbal,/ˈvɛrbal/
verbal,[ˈfɛr.bal]
verbalisme,/vɛrbaˈlismə/
verbalisme,[fɛr.baˈlis.mə]
verbalistis,/vərbaˈlistis/
verbalistis,[fər.baˈlis.t̪ɪs]
verboden,/vərˈbodən/
verboden,[fərˈbo.dən]
verifikasi,/vɛrifiˈkasi/
versi,/ˈvɛrsi/
versi,[ˈfɛr.si]
verso,/ˈvɛrso/
verso,[ˈfɛr.so]
verstek,/ˈvərstɛk/
verstek,[ˈfərs.t̪ɛk̚]
versus,/ˈvɛrsus/
versus,[ˈfɛr.sʊs]
vertebra,/vɛrˈtebra/
vertebra,[fɛrˈt̪e.bra]
vertikal,/vərˈtikal/
vertikal,[fərˈt̪i.kal]
verval,/vərˈval/
verval,[fərˈfal]
vesikula seminalis,/ve.si.ˈku.la se.mi.ˈna.lɪs/
vespa,/ˈpɛspa/
vespa,/ˈvɛspa/
vespa,[ˈfɛs.pa]
vespa,[ˈpɛs.pa]
vestibula,/vɛstiˈbula/
vestibula,[fɛs.t̪iˈbu.la]
vestibular,/vɛstiˈbular/
vestibular,[fɛs.t̪iˈbu.lar]
veteriner,/vetəˈrinɛr/
veteriner,[fe.t̪əˈri.nɛr]
vetsin,/vɛ.tsin/
vetsin,/vɛt.ʃin/
vibrasi,/vi.ˈbra.si/
video,/fiˈde.ɔ/
video,/fiˈdi.ɔ/
video musik,/fi.de.ɔ ˈmu.sɪk̚/
videografer,/fi.de.ɔˈɡra.fər/
videografer,/fi.di.ɔˈɡra.fər/
videografi,/fi.de.ɔˈɡra.fi/
videografi,/fi.di.ɔˈɡra.fi/
videokan,/fi.deˈɔ.kan/
videokan,/fi.diˈɔ.kan/
vidiokan,/fi.diˈɔ.kan/
vigilans,/viˈɡilans/
vigilans,[fiˈɡi.lans]
vigili,[viˈɡi.li]
vikariat,[vi.kaˈri.at]
vikaris,[viˈka.rɪs]
vikep,/ˈvikəp/
vikep,[ˈfi.kəp̚]
vimpa,/ˈvimpa/
vimpa,[ˈfim.pa]
vinyet,/ˈvi.ɲɛt/
vinyet,[ˈfi.ɲɛt̪̚]
viral,/ˈviral/
viral,[ˈfi.ral]
virus,/ˈvirus/
virus,[ˈfi.rʊs]
virus corona,/ˌvirus koˈrona/
virus corona,[ˌfi.rʊs koˈro.na]
visa,/ˈvisa/
visera,[viˈsera]
visi,/ˈvisi/
visi,[ˈfi.si]
visioner,/visiˈoner/
visioner,[fi.siˈo.nɛr]
visitasi,[visiˈtasi]
visitator,[vi.siˈta.tɔr]
visite,/viˈsitə/
visite,[fiˈsi.t̪ə]
visiun,[viˈsi.ʊn]
visual,[viˈsual]
visum,/ˈvisʊm/
visum et repertum,/ˈvisʊm ˈɛt reˈpɛrtʊm/
visus,/ˈvisʊs/
vital,/ˈvital/
vital,[ˈfi.t̪al]
vitamin,[viˈtamɪn]
vitamin c,/viˈtamin t͡ʃe/
vitamin c,[fiˈt̪a.mɪɲ t͡ʃe]
vitreus,/ˈvitrəs/
vitreus,[ˈfit̪̚.rəs]
vodka,/ˈfɔt.ka/
void,/ˈvoid/
void,[ˈfo.ɪt̪̚]
vokal,/ˈvo.kal/
vokasi,[voˈkasi]
voli,/ˈvo.li/
voltase,[vɔlˈtasə]
volume,/voˈlume/
volume,/voˈlumə/
volume,[foˈlu.me]
volume,[foˈlu.mə]
volume langkah,/vo.ˈlu.mə ˈlaŋ.kah/
volunter,/voˈlunter/
volunter,[foˈlun̪.t̪ɛr]
vonis,/ˈvonis/
vonis,[ˈfo.nɪs]
votum,/ˈvotum/
votum,[ˈfo.t̪ʊm]
voucer,/ˈpot͡ʃər/
voucer,/ˌvou̯ ˈt͡ʃər/
voucer,[ˈpo.t͡ʃər]
voucer,[ˌfou̯ ˈt͡ʃər]
vulgata,/vulˈɡata/
vulgata,[fulˈɡa.t̪a]
vulkanis,/vʊlˈkanɪs/
vulkanologi,/fulkanoˈloɡi/
vuvuzela,/vuvuˈzela/
vuvuzela,[fu.fuˈze.la]
w,/w/
w,/wɛ/
wa,/we.ʔa/
wa,/wea/
wabah,/ˈwabah/
wabah,[ˈwa.bah]
wacana,/waˈt͡ʃana/
wacana,[waˈt͡ʃa.na]
wacana langsung,/waˌt͡ʃana ˈlaŋsuŋ/
wacana langsung,[waˌt͡ʃa.na ˈlaŋ.sʊŋ]
wacanakan,/wat͡ʃaˈnakan/
wacanakan,[wa.t͡ʃaˈna.kan]
wadah,/ˈwa.dah/
wadah pemikir,/ˌwadah pəˈmikir/
wadah pemikir,[ˌwa.dah pəˈmi.kɪr]
wadam,/ˈwadam/
wadam,[ˈwa.dam]
wadiah,/waˈdiah/
wadiah,[waˈdi.ah]
waduh,/ˈwaduh/
waduh,[ˈwa.dʊh]
waduk,/ˈwaduk/
waduk,[ˈwa.dʊk̚]
wafat,/ˈwafat/
wafat,[ˈwa.fat̪̚]
wagashi,/waˈɡasi/
wagashi,/waˈɡaʃi/
wagashi,[waˈɡa.si]
wagashi,[waˈɡa.ʃi]
wagasyi,/waˈɡasi/
wagasyi,/waˈɡaʃi/
wagasyi,[waˈɡa.si]
wagasyi,[waˈɡa.ʃi]
wagiman,/waˈɡiman/
wagiman,[waˈɡi.man]
wagimin,/waˈɡimin/
wagimin,[waˈɡi.mɪn]
waginem,/waˈɡinəm/
waginem,[waˈɡi.nəm]
wagiyo,/waˈɡijo/
wagiyo,[waˈɡi.jo]
wagon,/ˈwaɡon/
wagon,[ˈwa.ɡɔn]
wagu,/ˈwaɡu/
wagu,[ˈwa.ɡu]
wagyu,[ˈwaɡ.ju]
wahah,/ˈwahah/
wahah,[ˈwa.hah]
waham,/ˈwaham/
waham,[ˈwa.ham]
wahana,/waˈhana/
wahana,[waˈha.na]
wahono,/waˈhono/
wahono,[waˈho.no]
wahyono,/waˈhjono/
wahyono,[waˈhjo.no]
wahyu,/ˈwahju/
wahyu,[ˈwah.ju]
waja,/ˈwad͡ʒa/
waja,[ˈwa.d͡ʒa]
wajah,/ˈwad͡ʒah/
wajah,[ˈwa.d͡ʒah]
wajan,/ˈwad͡ʒan/
wajan,[ˈwa.d͡ʒan]
wajar,/ˈwad͡ʒar/
wajar,[ˈwa.d͡ʒar]
wajar dengan pengecualian,/ˌwad͡ʒar dəˌŋan pəŋət͡ʃuaˈlian/
wajar dengan pengecualian,[ˌwa.d͡ʒar dəˌŋan pə.ŋə.t͡ʃu.aˈli.an]
wajar tanpa pengecualian,/ˌwad͡ʒar ˌtanpa pəŋət͡ʃuaˈlian/
wajar tanpa pengecualian,[ˌwa.d͡ʒar ˌt̪an.pa pə.ŋə.t͡ʃu.aˈli.an]
wajib,/ˈwad͡ʒib/
wajib,[ˈwa.d͡ʒɪp̚]
wajib pajak,/ˌwad͡ʒib ˈpad͡ʒak/
wajib pajak,[ˌwa.d͡ʒɪp̚ ˈpa.d͡ʒak̚]
wajibkan,/waˈd͡ʒibkan/
wajibkan,[waˈd͡ʒip̚.kan]
wajik,/ˈwad͡ʒiʔ/
wajik,[ˈwa.d͡ʒɪʔ]
wakaf,/ˈwakaf/
wakaf,[ˈwa.kaf]
wakalah,/waˈkalah/
wakalah,[waˈka.lah]
wakanda,/waˈkanda/
wakanda,[waˈkan.da]
wakif,/ˈwakif/
wakif,[ˈwa.kɪf]
wakijan,/waˈkid͡ʒan/
wakijan,[waˈki.d͡ʒan]
wakijo,/waˈkid͡ʒo/
wakijo,[waˈki.d͡ʒo]
wakil,/ˈwakil/
wakil,[ˈwa.kɪl]
wakil gubernur,/ˌwakil ɡubərˈnur/
wakil gubernur,[ˌwa.kɪl ɡu.bərˈnʊr]
wakil mahkota,/ˌwakil mahˈkota/
wakil mahkota,[ˌwa.kɪl mahˈko.t̪a]
wakil penjamin emisi efek,/ˌwakil pənˌd͡ʒamin eˌmisi ˈefek/
wakil penjamin emisi efek,[ˌwa.kɪl pəɲˌd͡ʒa.mɪn eˌmi.si ˈe.fɛk̚]
wakil presiden,/ˌwakil preˈsiden/
wakil presiden,[ˌwa.kɪl preˈsi.dɛn]
wakil rakyat,/ˌwakil ˈraʔjat/
wakil rakyat,[ˌwa.kɪl ˈraʔ.jat̪̚]
wakino,/waˈkino/
wakino,[waˈki.no]
waktu,/ˈwaktu/
waktu,[ˈwak̚.t̪u]
waktu edar,/ˌwaktu ˈedar/
waktu edar,[ˌwak̚.t̪u ˈe.dar]
waktu indonesia barat,/ˌwaktu indoneˌsia ˈbarat/
waktu indonesia barat,[ˌwak̚.t̪u in.do.neˌsi.a ˈba.rat̪̚]
waktu indonesia tengah,/ˌwaktu indoneˌsia təˈŋah/
waktu indonesia tengah,[ˌwak̚.t̪u in.do.neˌsi.a t̪əˈŋah]
waktu indonesia timur,/ˌwaktu indoneˌsia ˈbarat/
waktu indonesia timur,[ˌwak̚.t̪u in.do.neˌsi.a ˈba.rat̪̚]
waktu kerja,/ˌwaktu kərˈd͡ʒa/
waktu kerja,[ˌwak̚.t̪u kərˈd͡ʒa]
waktu paruh,/ˌwaktu ˈparuh/
waktu paruh,[ˌwak̚.t̪u ˈpa.rʊh]
waktu senggang,/ˌwaktu səŋˈɡaŋ/
waktu senggang,[ˌwak̚.t̪u səŋˈɡaŋ]
walau,/ˈwalau̯/
walau,[ˈwa.lau̯]
walaupun,/waˈlau̯pun/
walaupun,[waˈlau̯.pʊn]
walet,/ˈwalet/
walet,[ˈwa.lɛt̪̚]
walet besar,/ˌwalet bəˈsar/
walet besar,[ˌwa.lɛt̪̚ bəˈsar]
walet gua,/ˌwalet ˈɡua/
walet gua,[ˌwa.lɛt̪̚ ˈɡu.a]
walet gunung,/ˌwalet ˈɡunuŋ/
walet gunung,[ˌwa.lɛt̪̚ ˈɡu.nʊŋ]
walet hitam,/ˌwalet ˈhitam/
walet hitam,[ˌwa.lɛt̪̚ ˈhi.t̪am]
walet maluku,/ˌwalet maˈluku/
walet maluku,[ˌwa.lɛt̪̚ maˈlu.ku]
walet putih,/ˌwalet ˈputih/
walet putih,[ˌwa.lɛt̪̚ ˈpu.t̪ɪh]
walet sapi,/ˌwalɛt ˈsapi/
walet sapi,[ˌwa.lɛt̪̚ ˈsa.pi]
walet sarang gua,/ˌwalet ˌsaraŋ ˈɡua/
walet sarang gua,[ˌwa.lɛt̪̚ ˌsa.raŋ ˈɡu.a]
wali,/ˈwali/
wali,[ˈwa.li]
wali amanat,/ˌwali aˈmanat/
wali amanat,[ˌwa.li aˈma.nat̪̚]
wali gereja,/ˌwali ɡəˈred͡ʒa/
wali gereja,[ˌwa.li ɡəˈre.d͡ʒa]
wali kelas,/ˌwali kəˈlas/
wali kelas,[ˌwa.li kəˈlas]
wali kota,/ˌwali ˈkota/
wali kota,[ˌwa.li ˈko.t̪a]
wali nikah,/ˌwali ˈnikah/
wali nikah,[ˌwa.li ˈni.kah]
walik,/ˈwalik/
walik,[ˈwa.lɪk̚]
walimana,/waliˈmana/
walimana,[wa.liˈma.na]
walmana,/walˈmana/
walmana,[walˈma.na]
walnag,/ˈwalnaɡ/
walnag,[ˈwal.nak̚]
waluyo,/waˈlujo/
waluyo,[waˈlu.jo]
waluyono,/waluˈjono/
waluyono,[wa.luˈjo.no]
wan,/ˈwan/
wan,[ˈwan]
wana,/ˈwana/
wana,[ˈwa.na]
wanatani,/wanaˈtani/
wanatani,[wa.naˈt̪a.ni]
wanaternak,/wanatərˈnak/
wanaternak,[wa.na.t̪ərˈnak̚]
wanawisata,/wanawiˈsata/
wanawisata,[wa.na.wiˈsa.t̪a]
wanayasa,/wanaˈjasa/
wanayasa,[wa.naˈja.sa]
wanda,/ˈwanda/
wanda,[ˈwan.da]
wang,/ˈwaŋ/
wang,[ˈwaŋ]
wangi,/ˈwaŋi/
wangi,[ˈwa.ŋi]
wangkang,/ˈwaŋkaŋ/
wangkang,[ˈwaŋ.kaŋ]
wangsa,/ˈwaŋsa/
wangsa,[ˈwaŋ.sa]
wangy,/ˈwaŋi/
wangy,[ˈwa.ŋi]
wanita,/waˈnita/
wanita,[waˈni.t̪a]
wanita penghibur,[waˈnita pəŋˈhibʊr]
wanjakti,/wanˈd͡ʒak.ti/
wanjakti,[waɲˈd͡ʒak̚.t̪i]
wanprestasi,/wanprestasi/
wantilan,/wanˈtilan/
wantilan,[wan̪ˈt̪i.lan]
wantim,/ˈwan.tim/
wantim,[ˈwan̪.t̪ɪm]
wanua,[ˈwanua̯]
wara,/ˈwara/
wara,[ˈwa.ra]
wara-wara,[ˈwara ˈwara]
wara-wiri,/ˌwara ˈwiri/
wara-wiri,[ˌwa.ra ˈwi.ri]
warahmah,/waˈrahmah/
warahmah,[waˈrah.mah]
warak,/ˈwa.rak/
waralaba,/waraˈlaba/
waran,/ˈwa.ran/
waras,/ˈwaras/
waras,[ˈwa.ras]
wardoyo,/warˈdojo/
wardoyo,[warˈdo.jo]
warga,/ˈwarɡa/
warga,[ˈwar.ɡa]
warga negara,/ˈwarɡa nəˈɡara/
waria,/waˈria/
waria,[waˈri.a]
waris,[ˈwarɪs]
warisan,/waˈrisan/
warisan,[waˈri.san]
warita,/waˈrita/
warkah,/ˈwarkah/
warkah,[ˈwar.kah]
warkat,/ˈwarkat/
warkat,[ˈwar.kat̪̚]
warkop,/ˈwarkop/
warkop,[ˈwar.kɔp̚]
warlok,/ˈwarlok/
warlok,[ˈwar.lɔk̚]
warna,/ˈwarna/
warna,[ˈwar.na]
warna bahasa,/ˌwarna baˈhasa/
warna bahasa,[ˌwar.na baˈha.sa]
warna nada,/ˌwarna ˈnada/
warna nada,[ˌwar.na ˈna.da]
warna-warni,/ˌwarna ˈwarni/
warna-warni,[ˌwar.na ˈwar.ni]
warnet,/ˈwarnet/
warnet,[ˈwar.nɛt̪̚]
warno,/ˈwarno/
warno,[ˈwar.no]
warpat,/ˈwarpat/
warpat,[ˈwar.pat̪̚]
warsa,/ˈwarsa/
warsa,[ˈwar.sa]
warsito,/warˈsito/
warsito,[warˈsi.t̪o]
warta,/ˈwarta/
warta,[ˈwar.t̪a]
wartawan,/warˈtawan/
wartawan,[warˈt̪a.wan]
wartawati,/wartaˈwati/
wartawati,[war.t̪aˈwa.t̪i]
warteg,/ˈwartəɡ/
warteg,[ˈwar.t̪ək̚]
warto,/ˈwarto/
warto,[ˈwar.t̪o]
waru,/ˈwaru/
waru,[ˈwa.ru]
waru laut,/ˌwaru ˈlaut/
waru laut,[ˌwa.ru ˈla.ʊt̪̚]
waruna,/waˈruna/
waruna,[waˈru.na]
warung,/ˈwaruŋ/
warung,[ˈwa.rʊŋ]
warung kopi,/ˌwaruŋ ˈkopi/
warung kopi,[ˌwa.rʊŋ ˈko.pi]
wasabi,/waˈsabi/
wasabi,[waˈsa.bi]
wasana,/waˈsana/
wasbak,/wasbak̚/
wasi,/ˈwasi/
wasi,[ˈwa.si]
wasiat,/waˈsiat/
wasiat,[waˈsi.at̪̚]
wasit,[ˈwasɪt̚]
waskito,/wasˈkito/
waskito,[wasˈki.t̪o]
waslap,[ˈwas.lap]
waspada,/wasˈpada/
wasrik,/ˈwasrik/
wasrik,[ˈwas.rɪk̚]
wastafel,[wasˈtafəl]
wastra,/ˈwastra/
wastra,[ˈwas.t̪ra]
wasyi,/ˈwaʃi/
wasyi,[ˈwa.ʃi]
watak,/ˈwa.taʔ/
watan,/wa.tan/
watas,/ˈwatas/
waterpas,[wa.tərˈpas]
wates,/ˈwa.təs/
wates,[ˈwa.t̪əs]
wau-wau,/ˌwau̯ ˈwau̯/
wau-wau,[ˌwau̯ ˈwau̯]
wawa,/ˈwa.wa/
wawa,[ˈwa.wa]
wawancara,/wawanˈt͡ʃara/
wawancara,[wa.waɲˈt͡ʃa.ra]
wawas,[ˈwawas]
wawasan,[waˈwasan]
wayang,/ˈwa.jaŋ/
wazari,/waˈzari/
wazari,[waˈza.ri]
wazir,/ˈwazɪr/
wbp,/weˈbe.pe/
wbp,[weˈbe.pe]
wdp,/weˈde.pe/
wdp,[weˈde.pe]
we,/we/
we,[we]
web,[ˈwɛp̚]
webtun,[ˈwɛp.tʊn]
wedana,[wəˈdana]
wejang,[wəˈd͡ʒaŋ]
wejangan,[wəˈd͡ʒaŋan]
weker,/ˈwekər/
weker,[ˈwe.kər]
welahar,/wəˈlahar/
welahar,[wəˈla.har]
welas,/wəˈlas/
welas,[wəˈlas]
wenang,/wə.naŋ/
werak,/wəˈrak/
werak,/ˈwerak/
werak,[wəˈrak̚]
werak,[ˈwe.rak̚]
werek,/ˈwerək/
werek,[ˈwe.rək̚]
wereng,/ˈwərəŋ/
wereng,[ˈwə.rəŋ]
wergan,/wərˈɡan/
wergan,[wərˈɡan]
werpak,/ˈwɛrpak/
werpak,[ˈwɛr.pak̚]
weru,/wəˈru/
weru,[wəˈru]
wesel,[ˈwɛsəl]
wesel bayar,/we.səl ˈba.jar/
wesel tagih,/we.səl ˈta.ɡɪh/
wet,[ˈwɛt]
wewara,[wəˈwara]
wewenang,/wə.wə.ˈnaŋ/
wewenang-wewenang,/ˌwəwənaŋ wəwəˈnaŋ/
wewenang-wewenang,[ˌwə.wə.naŋ wə.wəˈnaŋ]
wibawa,[wiˈba.wa]
wibu,/ˈwibu/
wibu,[ˈwi.bu]
wicara,/wiˈt͡ʃara/
wicara,[wiˈt͡ʃa.ra]
widya,/ˈwid.ja/
widya,[ˈwit̪̚.ja]
widyaiswara,/witjaisʋara/
widyaprada,[wɪtjaˈprada]
wiganda,/wiˈɡanda/
wiganda,[wiˈɡan.da]
wihara,/wi.ha.ra/
wijanarko,/wid͡ʒaˈnarko/
wijanarko,[wi.d͡ʒaˈnar.ko]
wijaya,[wiˈd͡ʒaja]
wijen,[ˈwid͡ʒɛn]
wijoyo,/wiˈd͡ʒojo/
wijoyo,/wiˈd͡ʒɔjɔ/
wijoyo,[wiˈd͡ʒo.jo]
wijoyo,[wiˈd͡ʒɔ.jɔ]
wiki,/ˈwiki/
wiki,[ˈwi.ki]
wikikamus,/wikiˈkamus/
wikikamus,[wi.kiˈka.mʊs]
wikipedia,/wikipeˈdia/
wikipedia,[wi.ki.peˈdi.a]
wiku,[ˈwiku]
wilahar,/wiˈlahar/
wilahar,[wiˈla.har]
wilapa,/wiˈlapa/
wilapa,[wiˈla.pa]
wilayah,/wiˈlajah/
wilayah,[wiˈla.jah]
wilayah adat,/wiˌlajah ˈadat/
wilayah adat,[wiˌla.jah ˈa.dat̪̚]
wilayat,/wiˈlajat/
wilayat,[wiˈla.jat̪̚]
wilis,/ˈwilis/
wilis,[ˈwi.lɪs]
wilmana,/wilˈmana/
wilmana,[wilˈma.na]
wimana,/wiˈmana/
wimana,[wiˈma.na]
winardi,/wiˈnardi/
winardi,[wiˈnar.di]
winarjo,/wiˈnard͡ʒo/
winarjo,[wiˈnar.d͡ʒo]
winarno,/wiˈnarno/
winarno,[wiˈnar.no]
winarso,/wiˈnarso/
winarso,[wiˈnar.so]
winarto,/wiˈnarto/
winarto,[wiˈnar.t̪o]
windarto,/winˈdarto/
windarto,[winˈdar.t̪o]
windu,/ˈwindu/
windu,[ˈwin.du]
wingko,/ˈwiŋko/
wingko,[ˈwiŋ.ko]
wira,/ˈwira/
wira,[ˈwi.ra]
wira-wiri,/ˌwira ˈwiri/
wira-wiri,[ˌwi.ra ˈwi.ri]
wiracarita,/wirat͡ʃaˈrita/
wiracarita,[wi.ra.t͡ʃaˈri.t̪a]
wirausaha,/wirauˈsaha/
wirausaha,[wi.ra.uˈsa.ha]
wirawan,/wiˈrawan/
wirawan,[wiˈra.wan]
wiruk,/ˈwiruk/
wiruk,[ˈwi.rʊk̚]
wiryanto,/wiˈrjanto/
wiryanto,[wiˈrjan̪.t̪o]
wisata,/wiˈsata/
wisata,[wiˈsa.t̪a]
wisata alternatif,/wiˌsata altərˈnatif/
wisata alternatif,[wiˌsa.t̪a al.t̪ərˈna.t̪ɪf]
wisata petualangan,/wiˌsata pətuaˈlaŋan/
wisata petualangan,[wiˌsa.t̪a pə.t̪u.aˈla.ŋan]
wisata puri,/wiˌsata ˈpuri/
wisata puri,[wiˌsa.t̪a ˈpu.ri]
wisata terjangkau,/wiˌsata tərˈd͡ʒaŋkau̯/
wisata terjangkau,[wiˌsa.t̪a t̪ərˈd͡ʒaŋ.kau̯]
wisata ziarah,/wiˌsata ziˈarah/
wisata ziarah,[wiˌsa.t̪a ziˈa.rah]
wisatawan,/wisaˈtawan/
wisatawan,[wi.saˈt̪a.wan]
wisatawan nusantara,/wisaˌtawan nusanˈtara/
wisatawan nusantara,[wi.saˌt̪a.wan nu.san̪ˈt̪a.ra]
wisatawan psikosentris,/wisaˌtawan pəsikoˈsentris/
wisatawan psikosentris,[wi.saˌt̪a.wan pə.si.koˈsen̪.t̪rɪs]
wisaya,/wiˈsaja/
wisaya,[wiˈsa.ja]
wisesa,/wiˈsesa/
wisesa,[wiˈse.sa]
wisma,/ˈwisma/
wisma,[ˈwis.ma]
wisnu,/ˈwisnu/
wisnu,[ˈwis.nu]
wisuda,/wiˈsuda/
wisuda,[wiˈsu.da]
wisudawan,/wisuˈdawan/
wisudawan,[wi.suˈda.wan]
wisudawati,/wisudaˈwati/
wisudawati,[wi.su.daˈwa.t̪i]
wiup,/ˈwi.up/
wiup,[ˈwi.ʊp̚]
wiwaha,/wiˈwaha/
wiwaha,[wiˈwa.ha]
wiweka,/wiˈweka/
wiweka,[wiˈwe.ka]
wiwik,/ˈwiwik/
wiwik,[ˈwi.wɪk̚]
wiyata,/wiˈjata/
wiyata,[wiˈja.t̪a]
wiyata bakti,/wiˌjata ˈbakti/
wiyata bakti,[wiˌja.t̪a ˈbak̚.t̪i]
wiyata kinarya,/wiˌjata kiˈnarja/
wiyata kinarya,[wiˌja.t̪a kiˈnar.ja]
wna,/weˈena/
wna,[weˈen.a]
woi,/ˈwoi̯/
woi,[ˈwoi̯]
wol,/ˈwol/
wol,[ˈwɔl]
wolanda,/woˈlanda/
wolanda,[woˈlan.da]
wolayan,/woˈlajan/
wolayan,[woˈla.jan]
woles,/ˈwoləs/
woles,[ˈwo.ləs]
wombat,/ˈwombat/
wombat,[ˈwom.bat̪̚]
won,/ˈwon/
won,[ˈwon]
wong,/ˈwoŋ/
wong,[ˈwoŋ]
wonton,/ˈwonton/
wonton,[ˈwon̪.t̪ɔn]
wortel,/ˈwortəl/
wortel,[ˈwor.t̪əl]
wota,/ˈwota/
wota,[ˈwo.t̪a]
wp,/ˈwe.pe/
wp,[ˈwe.pe]
wreda,/wrəˈda/
wreda,[wrəˈda]
wrisaba,/wriˈsaba/
wrisaba,[wriˈsa.ba]
wtp,/weˈte.pe/
wtp,[weˈt̪e.pe]
wts,/weˈte.ɛs/
wts,[weˈt̪e.ɛs]
wudu,/ˈwudu/
wudu,[ˈwu.du]
wujud,/ˈwud͡ʒud/
wujud,[ˈwu.d͡ʒʊt̪̚]
wuku,/ˈwuku/
wuku,[ˈwu.ku]
wulan,/ˈwulan/
wulan,[ˈwu.lan]
wulandari,/wulanˈdari/
wulandari,[wu.lanˈda.ri]
wulung,/ˈwuluŋ/
wulung,[ˈwu.lʊŋ]
wungu,/ˈwuŋu/
wungu,[ˈwu.ŋu]
wuryanto,/wuˈrjanto/
wuryanto,[wuˈrjan̪.t̪o]
wus,/ˈwus/
wus,[ˈwʊs]
wushu,/ˈwusu/
wushu,/ˈwuʃu/
wushu,[ˈwu.su]
wushu,[ˈwu.ʃu]
x,/s
x,/ɛks/
x,ks/
xenofobia,/senofoˈbia/
xenofobia,[se.no.foˈbi.a]
xilofon,/siˈlofon/
xilofon,[siˈlo.fɔn]
y,/j/
y,/je/
ya,/ˈja/
ya,[ˈja]
yad,/ˈjad/
yad,[ˈjat̪̚]
yahud,/jahut/
yahudi,/jaˈhudi/
yahudi,[jaˈhu.di]
yahudiah,/jahuˈdiah/
yahudiah,[ja.huˈdi.ah]
yais,/ˈjaʔis/
yais,[ˈja.ʔɪs]
yaitu,/jaˈitu/
yaitu,/jaˈʔitu/
yaitu,[jaˈi.t̪u]
yaitu,[jaˈʔi.t̪u]
yak,/ˈjak/
yak,/ˈjaʔ/
yak,[ˈjak̚]
yak,[ˈjaʔ]
yaki,/ˈjaki/
yaki,[ˈja.ki]
yakin,/ˈjakin/
yakin,[ˈja.kɪn]
yakiniku,/jakiˈniku/
yakiniku,[ja.kiˈni.ku]
yakis,/ˈjakis/
yakis,[ˈja.kɪs]
yakisoba,/jakiˈsoba/
yakisoba,[ja.kiˈso.ba]
yakitori,/jakiˈtori/
yakitori,[ja.kiˈt̪o.ri]
yakjuj,/ˈjaʔd͡ʒud͡ʒ/
yakjuj,[ˈjaʔ.d͡ʒʊd͡ʒ]
yakjuj dan makjuj,/ˌjaʔ.d͡ʒud͡ʒ dan ˈmaʔ.d͡ʒud͡ʒ/
yakjuj dan makjuj,[ˌjaʔ.d͡ʒʊd͡ʒ dan ˈmaʔ.d͡ʒʊd͡ʒ]
yakni,/ˈjaʔni/
yakni,[ˈjaʔ.ni]
yakobus,/jaˈkobus/
yakobus,[jaˈko.bʊs]
yaksa,/ˈjaksa/
yaksa,[ˈjak̚.sa]
yakut,/ˈjakut/
yakut,[ˈja.kʊt̪̚]
yakuza,/jaˈkuza/
yakuza,[jaˈku.za]
yaman,/ˈjaman/
yaman,[ˈja.man]
yamato,/jaˈmato/
yamato,[jaˈma.t̪o]
yang,/ˈjaŋ/
yang,[ˈjaŋ]
yang dipertuan,/ˌjaŋ dipərˈtuan/
yang dipertuan,[ˌjaŋ di.pərˈt̪u.an]
yang mana,/ˌjaŋ ˈmana/
yang mana,[ˌjaŋ ˈma.na]
yang terhormat,/ˌjaŋ tərˈhormat/
yang terhormat,[ˌjaŋ t̪ərˈhor.mat̪̚]
yang-yang,/ˌjaŋ ˈjaŋ/
yang-yang,[ˌjaŋ ˈjaŋ]
yanto,/ˈjanto/
yanto,[ˈjan̪.t̪o]
yap,/ˈjap/
yap,[ˈjap̚]
yargon,/ˈjarɡon/
yargon,[ˈjar.ɡɔn]
yasinan,/jaˈsinan/
yasinan,[jaˈsi.nan]
yasmin,/ˈjasmin/
yasmin,[ˈjas.mɪn]
yatim,/ˈjatim/
yatim,[ˈja.t̪ɪm]
yaumulakhir,/jau̯mulˈʔaxir/
yaumulakhir,[jau̯.mulˈʔa.xɪr]
yaumulkiamat,/jau̯mulkiˈamat/
yaumulkiamat,[jau̯.mul.kiˈa.mat̪̚]
yayasan,/jaˈjasan/
yayasan,[jaˈja.san]
ye,/je/
ye,[je]
yehezkiel,/jəhezˈkiel/
yehezkiel,[jə.hezˈki.ɛl]
yehuwa,/jeˈhuwa/
yehuwa,[jeˈhu.wa]
yel,/ˈjel/
yel,[ˈjɛl]
yen,/ˈjen/
yen,[ˈjen]
yeremia,/jerəˈmia/
yeremia,[je.rəˈmi.a]
yeriken,/jeˈriken/
yeriken,[jeˈri.kɛn]
yerusalem,/jeruˈsalem/
yerusalem,[je.ruˈsa.lɛm]
yesaya,/jəˈsaja/
yesaya,[jəˈsa.ja]
yesus,/ˈjesus/
yesus,[ˈje.sʊs]
yesus kristus,/ˌjesus ˈkristus/
yesus kristus,[ˌje.sʊs ˈkris.t̪ʊs]
yeti,/jəˈti/
yeti,[jəˈt̪i]
yip,/ˈjip/
yip,[ˈjɪp̚]
yo,/jɔ/
yodium,/joˈdium/
yodium,[joˈdi.ʊm]
yoel,/ˈjoel/
yoel,[ˈjo.ɛl]
yoga,/ˈjoɡa/
yoga,[ˈjo.ɡa]
yogi,/ˈjoɡi/
yogi,[ˈjo.ɡi]
yogia,/joˈɡia/
yogia,[joˈɡi.a]
yogyakarta,/joɡjaˈkarta/
yogyakarta,[jok̚.jaˈkar.t̪a]
yohanes,/joˈhanəs/
yohanes,[joˈha.nəs]
yohimbina,/johimˈbina/
yohimbina,[jo.himˈbi.na]
yojana,/joˈd͡ʒana/
yojana,[joˈd͡ʒa.na]
yoni,/ˈjoni/
yoni,[ˈjo.ni]
yonif,/ˈjonif/
yonif,[ˈjo.nɪf]
yonkoma,/jonˈkoma/
yonkoma,[jonˈko.ma]
yordania,/jordaˈnia/
yordania,[jor.daˈni.a]
yosua,/joˈsua/
yosua,[joˈsu.a]
yoyo,/ˈjojo/
yoyo,[ˈjo.jo]
yu,/ˈju/
yu,[ˈju]
yubilaris,/jubiˈlaris/
yubilaris,[ju.biˈla.rɪs]
yubileum,/jubiˈleum/
yubileum,[ju.biˈle.ʊm]
yuda,/ˈjuda/
yuda,[ˈju.da]
yudas,/ˈjudas/
yudas,[ˈju.das]
yudikatif,/judiˈkatif/
yudikatif,[ju.diˈka.t̪ɪf]
yudisial,/judiˈsial/
yudisial,[ju.diˈsi.al]
yudisium,/judiˈsium/
yudisium,[ju.diˈsi.ʊm]
yudit,/ˈjudit/
yudit,[ˈju.dɪt̪̚]
yuk,/ˈjuʔ/
yuk,[ˈjʊʔ]
yukata,/juˈkata/
yukata,[juˈka.t̪a]
yukensi,/juˈkensi/
yukensi,[juˈken.si]
yuks,/ˈjuks/
yuks,[ˈjuks]
yuli,/ˈjuli/
yuli,[ˈju.li]
yulianto,/juliˈanto/
yulianto,[ju.liˈan̪.t̪o]
yunani,/juˈnani/
yunani,[juˈna.ni]
yunda,/ˈjunda/
yunda,[ˈjun.da]
yuni,/ˈjuni/
yuni,[ˈju.ni]
yunior,/juˈnior/
yunior,[juˈni.ɔr]
yunus,/ˈjunus/
yunus,[ˈju.nʊs]
yupa,/ˈjupa/
yupa,[ˈju.pa]
yuri,/ˈjuri/
yuris,/ˈjuris/
yuris,[ˈju.rɪs]
yurisdiksi,/jurisˈdiksi/
yurisdiksi,[ju.risˈdik̚.si]
yurisprudensi,/jurispruˈdensi/
yurisprudensi,[ju.ris.pruˈden.si]
yustisi,/jusˈtisi/
yustisi,[jusˈt̪i.si]
yustisia,/justiˈsia/
yustisia,[jus.t̪iˈsi.a]
yute,/ˈjutə/
yute,[ˈju.t̪ə]
yutup,/ˈjutup/
yutup,[ˈju.t̪ʊp̚]
yuvenil,/juvəˈnil/
yuvenil,[ju.fəˈnɪl]
yuwana,/juˈwana/
yuwana,[juˈwa.na]
yuyitsu,/juˈjitsu/
yuyitsu,[juˈjit̪̚.su]
yuyu,/ˈjuju/
yuyu,[ˈju.ju]
z,/s/
z,/z/
zabaniah,/za.baˈni.ah/
zabaniah,[za.baˈni.ah]
zabarjad,/zaˈbard͡ʒad/
zabarjad,[zaˈbar.d͡ʒat̪̚]
zabib,/ˈzabib/
zabib,[ˈza.bɪp̚]
zabur,/ˈzabur/
zabur,[ˈza.bʊr]
zahir,/ˈzahir/
zahir,[ˈza.hɪr]
zaim,/ˈzaʔim/
zaim,[ˈza.ʔɪm]
zaitun,/ˈzai̯tun/
zaitun,[ˈzai̯.t̪ʊn]
zakar,/ˈzakar/
zakar,[ˈza.kar]
zakat,/ˈzakat/
zakat,[ˈza.kat̪̚]
zaken,/ˈzakən/
zaken,[ˈza.kən]
zakharia,/zaxaˈria/
zakharia,[za.xaˈri.a]
zakum,/ˈzakum/
zakum,[ˈza.kʊm]
zalim,/ˈzalim/
zalim,[ˈza.lɪm]
zalir,/ˈzalir/
zalir,[ˈza.lɪr]
zaman,/ˈzaman/
zaman,[ˈza.man]
zaman keemasan,/ˌzaman kəəˈmasan/
zaman keemasan,[ˌza.man kə.(ʔ)əˈma.san]
zaman kegelapan,/ˌzaman kəɡəˈlapan/
zaman kegelapan,[ˌza.man kə.ɡəˈla.pan]
zamindar,/zaˈmindar/
zamindar,[zaˈmin.dar]
zamrud,/ˈzamrud/
zamrud,[ˈzam.rʊt̪̚]
zarah,/ˈzarah/
zarah,[ˈza.rah]
zariah,/zaˈriah/
zariah,[zaˈri.ah]
zariat,/zaˈriat/
zariat,[zaˈri.at̪̚]
zat,/ˈzat/
zat,[ˈzat̪̚]
zat air,/ˌzat ˈair/
zat air,[ˌzat̪̚ ˈa.ɪr]
zat alir,/ˌzat ˈalir/
zat alir,[ˌzat̪̚ ˈa.lɪr]
zat arang,/ˌzat ˈaraŋ/
zat arang,[ˌzat̪̚ ˈa.raŋ]
zat asam,/zat asam/
zat lemas,/ˌzat ləˈmas/
zat lemas,[ˌzat̪̚ ləˈmas]
zat pembakar,/ˌzat pəmˈbakar/
zat pembakar,[ˌzat̪̚ pəmˈba.kar]
zat terlarut,/ˌzat tərˈlarut/
zat terlarut,[ˌzat̪̚ t̪ərˈla.rʊt̪̚]
zawiat,/zaˈwiat/
zawiat,[zaˈwi.at̪̚]
zazen,/ˈzazɛn/
zazen,[ˈza.zɛn]
zebra,/ˈzebra/
zebra,[ˈze.bra]
zebu,/ˈzebu/
zebu,[ˈze.bu]
zefanya,/zeˈfaɲa/
zefanya,[zeˈfa.ɲa]
zen,/ˈzen/
zen,[ˈzen]
zendeling,/zendəˈliŋ/
zendeling,[zen.dəˈliŋ]
zending,/ˈzendiŋ/
zending,[ˈzen.dɪŋ]
zeni,/zəˈni/
zeni,[zəˈni]
zenit,/ˈzenit/
zenit,[ˈze.nɪt̪̚]
zeolit,/zeˈolit/
zeolit,[zeˈo.lɪt̪̚]
zero,/ˈzero/
zero,[ˈze.ro]
zet,/ˈzet/
zet,[ˈzɛt̪̚]
ziadah,/ziˈadah/
ziadah,[ziˈa.dah]
ziarah,/ziˈarah/
ziarah,[ziˈa.rah]
ziarat,/ziˈarat/
ziarat,[ziˈa.rat̪̚]
zib,/ˈzib/
zib,[ˈzɪp̚]
zig-zag,/ˈziɡzaɡ/
zig-zag,[ˈzik̚.zak̚]
zigzag,/ˈziɡzaɡ/
zigzag,[ˈzik̚.zak̚]
zikir,/ˈzikir/
zikir,[ˈzi.kɪr]
zikiri,/ziˈkiri/
zikiri,[ziˈki.ri]
zikirkan,/ziˈkirkan/
zikirkan,[ziˈkir.kan]
zikzak,/ˈzikzak/
zikzak,[ˈzik̚.zak̚]
zimogen,/ziˈmoɡen/
zimogen,[ziˈmo.ɡɛn]
zina,/ˈzina/
zina,[ˈzi.na]
zinah,/ˈzinah/
zinah,[ˈzi.nah]
zindik,/ˈzindik/
zindik,[ˈzin.dɪk̚]
zine,/ˈzinə/
zine,[ˈzi.nə]
zink,/ˈzink/
zink,[ˈzink̚]
zionis,/ziˈonis/
zionis,[ziˈo.nɪs]
zionisme,/zioˈnismə/
zionisme,[zi.oˈnis.mə]
zirafah,/ziˈrafah/
zirafah,[ziˈra.fah]
zirah,/ˈzirah/
zirah,[ˈzi.rah]
zirbad,/ˈzirbad/
zirbad,[ˈzir.bat̪̚]
zirnikh,/ˈzirnix/
zirnikh,[ˈzir.nɪx]
zodiak,/zoˈdiak/
zodiak,[zoˈdi.ak̚]
zohal,/ˈzohal/
zohal,[ˈzo.hal]
zohor,/ˈzohor/
zohor,[ˈzo.hɔr]
zohrah,/ˈzohrah/
zohrah,[ˈzoh.rah]
zona,/ˈzona/
zona,[ˈzo.na]
zona afotik,/ˌzona aˈfotik/
zona afotik,[ˌzo.na aˈfo.t̪ɪk̚]
zona ekonomi eksklusif,/ˌzona ekoˌnomi eksˈklusif/
zona ekonomi eksklusif,[ˌzo.na e.koˌno.mi eksˈklu.sɪf]
zona erotis,/ˌzona eˈrotis/
zona erotis,[ˌzo.na eˈro.t̪ɪs]
zona eufotik,/ˌzona euˈfotik/
zona eufotik,[ˌzo.na e.uˈfo.t̪ɪk̚]
zona fotik,/ˌzona ˈfotik/
zona fotik,[ˌzo.na ˈfo.t̪ɪk̚]
zona intertidal,/ˌzona intərˈtidal/
zona intertidal,[ˌzo.na in̪.t̪ərˈt̪i.dal]
zona jenuh,/ˌzona d͡ʒəˈnuh/
zona jenuh,[ˌzo.na d͡ʒəˈnʊh]
zona laik huni,/ˌzona ˌlaik ˈhuni/
zona laik huni,[ˌzo.na ˌla.ɪk̚ ˈhu.ni]
zona layak huni,/ˌzona ˌlajak ˈhuni/
zona layak huni,[ˌzo.na ˌla.jak̚ ˈhu.ni]
zona limnetik,/ˌzona limˈnetik/
zona limnetik,[ˌzo.na limˈne.t̪ɪk̚]
zona litoral,/ˌzona liˈtoral/
zona litoral,[ˌzo.na liˈt̪o.ral]
zona merah,/ˌzona ˈmerah/
zona merah,[ˌzo.na ˈme.rah]
zona netral,/ˌzona ˈnetral/
zona netral,[ˌzo.na ˈne.t̪ral]
zona nyaman,/ˌzona ˈɲaman/
zona nyaman,[ˌzo.na ˈɲa.man]
zona pasang surut,/ˌzona ˌpasaŋ ˈsurut/
zona pasang surut,[ˌzo.na ˌpa.saŋ ˈsu.rʊt̪̚]
zona subduksi,/ˌzona subˈduksi/
zona subduksi,[ˌzo.na sup̚ˈduk̚.si]
zona waktu,/ˈzo.na ˈwak.tu/
zonasi,/zoˈnasi/
zonasi,[zoˈna.si]
zonder,/ˈzondər/
zonder,[ˈzon.dər]
zoofarmakologi,/zoofarmakoˈloɡi/
zoofarmakologi,[zo.(ʔ)o.far.ma.koˈlo.ɡi]
zoolog,/zoˈoloɡ/
zoolog,[zoˈo.lɔk̚]
zoologi,/zooˈloɡi/
zoologi,[zo.(ʔ)oˈlo.ɡi]
zooplankton,/zoopˈlaŋton/
zooplankton,[zo.(ʔ)op̚ˈlaŋ.t̪ɔn]
zuama,/zuˈʔama/
zuama,[zuˈʔa.ma]
zuhara,/zuˈhara/
zuhara,[zuˈha.ra]
zuhud,/ˈzuhud/
zuhud,[ˈzu.hʊt̪̚]
zuhur,/ˈzuhur/
zuhur,[ˈzu.hʊr]
zukini,/zuˈkini/
zukini,[zuˈki.ni]
zulhijah,/zulˈhid͡ʒah/
zulhijah,[zulˈhi.d͡ʒah]
zulkaedah,/zulkaˈʔedah/
zulkaedah,[zul.kaˈʔe.dah]
zulkaidah,/zulkaˈʔidah/
zulkaidah,[zul.kaˈʔi.dah]
zulmat,/ˈzulmat/
zulmat,[ˈzul.mat̪̚]
zum,/ˈzum/
zum,[ˈzum]
zurafah,/zuˈrafah/
zurafah,[zuˈra.fah]
zuriah,/zuˈriah/
zuriah,[zuˈri.ah]
à,/a/
à,[a]
